dataset,image_path,label,split,source_split,is_math,width,height,timesteps,label_len,ctc_feasible
expanded,expanded/images/sample_0000.png,Information Science and Engineering,train,,0,347,32,86,35,1
expanded,expanded/images/sample_0001.png,Gradient Descent Backpropagation Optimizer,train,,0,301,32,75,42,1
expanded,expanded/images/sample_0002.png,Character and Word Error Rate Metrics,train,,0,346,32,86,37,1
expanded,expanded/images/sample_0003.png,Department of Information Science Archives,train,,0,329,32,82,42,1
expanded,expanded/images/sample_0004.png,Optical Character Recognition Engine,test,,0,288,32,72,36,1
expanded,expanded/images/sample_0005.png,Research Meeting Notes on Transformer Models,valid,,0,419,32,104,44,1
expanded,expanded/images/sample_0006.png,Statistical Data Analysis and Findings,train,,0,295,32,73,38,1
expanded,expanded/images/sample_0007.png,sigma(z) = 1 / (1 + e^(-z)),train,,0,231,32,57,27,1
expanded,expanded/images/sample_0008.png,Bidirectional Long Short Term Memory,train,,0,318,32,79,36,1
expanded,expanded/images/sample_0009.png,Research Meeting Notes on Transformer Models,valid,,0,456,32,114,44,1
expanded,expanded/images/sample_0010.png,sigma(z) = 1 / (1 + e^(-z)),train,,0,200,32,50,27,1
expanded,expanded/images/sample_0011.png,Quick Brown Fox Jumps Over Lazy Dog,train,,0,330,32,82,35,1
expanded,expanded/images/sample_0012.png,sigma(z) = 1 / (1 + e^(-z)),train,,0,225,32,56,27,1
expanded,expanded/images/sample_0013.png,Self Supervised Representation Learning,test,,0,325,32,81,39,1
expanded,expanded/images/sample_0014.png,Multi Modal Document Processing Pipeline,train,,0,299,32,74,40,1
expanded,expanded/images/sample_0015.png,P(A|B) = P(B|A)P(A) / P(B),train,,0,223,32,55,26,1
expanded,expanded/images/sample_0016.png,Deep Learning Pattern Recognition,train,,0,281,32,70,33,1
expanded,expanded/images/sample_0017.png,Vision Transformer Pretrained Decoder,train,,0,301,32,75,37,1
expanded,expanded/images/sample_0018.png,Curved Text Line Sequence Recognition,train,,0,317,32,79,37,1
expanded,expanded/images/sample_0019.png,Adaptive Histogram Equalization Filtering,test,,0,459,32,114,41,1
expanded,expanded/images/sample_0020.png,int (1 / x) dx = ln|x| + C,train,,0,196,32,49,26,1
expanded,expanded/images/sample_0021.png,e^(i * pi) + 1 = 0,train,,0,152,32,38,18,1
expanded,expanded/images/sample_0022.png,nabla x B = mu_0 * (J + epsilon_0 * dE/dt),train,,0,336,32,84,42,1
expanded,expanded/images/sample_0023.png,Multi Modal Document Processing Pipeline,train,,0,360,32,90,40,1
expanded,expanded/images/sample_0024.png,Deep Neural Nets for Sequence Modeling,train,,0,368,32,92,38,1
expanded,expanded/images/sample_0025.png,Information Science and Engineering,train,,0,351,32,87,35,1
expanded,expanded/images/sample_0026.png,Low Resource Domain Adaptation Test,test,,0,284,32,71,35,1
expanded,expanded/images/sample_0027.png,Multi Column Layout Analysis and Extraction,train,,0,355,32,88,43,1
expanded,expanded/images/sample_0028.png,Archival Manuscript Digitization Project,train,,0,322,32,80,40,1
expanded,expanded/images/sample_0029.png,NMAMIT Nitte Campus Research Project,train,,0,317,32,79,36,1
expanded,expanded/images/sample_0030.png,Department of Information Science Archives,train,,0,381,32,95,42,1
expanded,expanded/images/sample_0031.png,Multi Column Layout Analysis and Extraction,train,,0,445,32,111,43,1
expanded,expanded/images/sample_0032.png,Optical Character Recognition Engine,test,,0,287,32,71,36,1
expanded,expanded/images/sample_0033.png,Multi Column Layout Analysis and Extraction,train,,0,381,32,95,43,1
expanded,expanded/images/sample_0034.png,Multi Modal Document Processing Pipeline,train,,0,362,32,90,40,1
expanded,expanded/images/sample_0035.png,Resolution Degradation and Ink Bleed Repair,train,,0,440,32,110,43,1
expanded,expanded/images/sample_0036.png,Character Error Rate and Word Error Rate,train,,0,355,32,88,40,1
expanded,expanded/images/sample_0037.png,Vision Transformer Pretrained Decoder,train,,0,351,32,87,37,1
expanded,expanded/images/sample_0038.png,Lab Notebook Experiment Records 2026,train,,0,289,32,72,36,1
expanded,expanded/images/sample_0039.png,int (1 / x) dx = ln|x| + C,train,,0,178,32,44,26,1
expanded,expanded/images/sample_0040.png,int (1 / x) dx = ln|x| + C,train,,0,205,32,51,26,1
expanded,expanded/images/sample_0041.png,a^2 + b^2 = c^2,train,,0,182,32,45,15,1
expanded,expanded/images/sample_0042.png,Convolutional Neural Network Architecture,train,,0,379,32,94,41,1
expanded,expanded/images/sample_0043.png,d/dx (e^x) = e^x,train,,0,173,32,43,16,1
expanded,expanded/images/sample_0044.png,Historical Document Machine Translation,train,,0,368,32,92,39,1
expanded,expanded/images/sample_0045.png,Connectionist Temporal Classification Loss,test,,0,392,32,98,42,1
expanded,expanded/images/sample_0046.png,Bidirectional Long Short Term Memory,train,,0,305,32,76,36,1
expanded,expanded/images/sample_0047.png,Feature Map Extraction ResNet Backbone,valid,,0,338,32,84,38,1
expanded,expanded/images/sample_0048.png,P(A|B) = P(B|A)P(A) / P(B),train,,0,226,32,56,26,1
expanded,expanded/images/sample_0049.png,Ancient Text Restoration and OCR,test,,0,269,32,67,32,1
expanded,expanded/images/sample_0050.png,Archival Manuscript Digitization Project,train,,0,370,32,92,40,1
expanded,expanded/images/sample_0051.png,Character and Word Error Rate Metrics,train,,0,369,32,92,37,1
expanded,expanded/images/sample_0052.png,Binarization and Deskewing Enhancement,valid,,0,389,32,97,38,1
expanded,expanded/images/sample_0053.png,Ancient Text Restoration and OCR,test,,0,311,32,77,32,1
expanded,expanded/images/sample_0054.png,e^(i * pi) + 1 = 0,train,,0,127,32,31,18,1
expanded,expanded/images/sample_0055.png,Artificial Intelligence and Machine Learning,train,,0,371,32,92,44,1
expanded,expanded/images/sample_0056.png,Quick Brown Fox Jumps Over Lazy Dog,train,,0,371,32,92,35,1
expanded,expanded/images/sample_0057.png,Data Augmentation and Noise Invariance,train,,0,364,32,91,38,1
expanded,expanded/images/sample_0058.png,Deep Learning Pattern Recognition,train,,0,365,32,91,33,1
expanded,expanded/images/sample_0059.png,Self Supervised Representation Learning,test,,0,340,32,85,39,1
expanded,expanded/images/sample_0060.png,Self Supervised Representation Learning,test,,0,441,32,110,39,1
expanded,expanded/images/sample_0061.png,sqrt{x^2 + y^2} <= |x| + |y|,test,,0,221,32,55,28,1
expanded,expanded/images/sample_0062.png,Resolution Degradation and Ink Bleed Repair,train,,0,411,32,102,43,1
expanded,expanded/images/sample_0063.png,Low Resource Domain Adaptation Test,test,,0,330,32,82,35,1
expanded,expanded/images/sample_0064.png,Character Error Rate and Word Error Rate,train,,0,411,32,102,40,1
expanded,expanded/images/sample_0065.png,Computer Vision Image Processing Task,train,,0,352,32,88,37,1
expanded,expanded/images/sample_0066.png,Resolution Degradation and Ink Bleed Repair,train,,0,422,32,105,43,1
expanded,expanded/images/sample_0067.png,int (1 / x) dx = ln|x| + C,train,,0,189,32,47,26,1
expanded,expanded/images/sample_0068.png,Self Supervised Representation Learning,test,,0,305,32,76,39,1
expanded,expanded/images/sample_0069.png,Autonomous Document Digitization System,train,,0,380,32,95,39,1
expanded,expanded/images/sample_0070.png,Artificial Intelligence and Machine Learning,train,,0,328,32,82,44,1
expanded,expanded/images/sample_0071.png,SimCLR Contrastive Pretraining Framework,train,,0,349,32,87,40,1
expanded,expanded/images/sample_0072.png,Faded Ink and Paper Background Noise,train,,0,312,32,78,36,1
expanded,expanded/images/sample_0073.png,E = m * c ^ 2,valid,,0,128,32,32,13,1
expanded,expanded/images/sample_0074.png,Research Meeting Notes on Transformer Models,valid,,0,330,32,82,44,1
expanded,expanded/images/sample_0075.png,Archival Manuscript Digitization Project,train,,0,487,32,121,40,1
expanded,expanded/images/sample_0076.png,Statistical Data Analysis and Findings,train,,0,292,32,73,38,1
expanded,expanded/images/sample_0077.png,Research Meeting Notes on Transformer Models,valid,,0,410,32,102,44,1
expanded,expanded/images/sample_0078.png,Ancient Text Restoration and OCR,test,,0,349,32,87,32,1
expanded,expanded/images/sample_0079.png,Low Resource Domain Adaptation Test,test,,0,288,32,72,35,1
expanded,expanded/images/sample_0080.png,Multi Modal Document Processing Pipeline,train,,0,413,32,103,40,1
expanded,expanded/images/sample_0081.png,NMAMIT Nitte Campus Research Project,train,,0,333,32,83,36,1
expanded,expanded/images/sample_0082.png,sum_{i=1}^n i = n(n+1)/2,train,,1,209,32,52,24,1
expanded,expanded/images/sample_0083.png,Information Science and Engineering,train,,0,326,32,81,35,1
expanded,expanded/images/sample_0084.png,Character Error Rate and Word Error Rate,train,,0,376,32,94,40,1
expanded,expanded/images/sample_0085.png,Resolution Degradation and Ink Bleed Repair,train,,0,325,32,81,43,1
expanded,expanded/images/sample_0086.png,Adaptive Histogram Equalization Filtering,test,,0,402,32,100,41,1
expanded,expanded/images/sample_0087.png,Research Meeting Notes on Transformer Models,valid,,0,396,32,99,44,1
expanded,expanded/images/sample_0088.png,L_{CTC} = - ln P(y | x),test,,1,194,32,48,23,1
expanded,expanded/images/sample_0089.png,Handwritten Note Extraction Sample,valid,,0,302,32,75,34,1
expanded,expanded/images/sample_0090.png,lim_{x->0} (sin x / x) = 1,train,,1,196,32,49,26,1
expanded,expanded/images/sample_0091.png,Multi Modal Document Processing Pipeline,train,,0,343,32,85,40,1
expanded,expanded/images/sample_0092.png,sum_{i=1}^n i = n(n+1)/2,train,,1,220,32,55,24,1
expanded,expanded/images/sample_0093.png,Optical Character Recognition Engine,test,,0,349,32,87,36,1
expanded,expanded/images/sample_0094.png,NMAMIT Nitte Campus Research Project,train,,0,391,32,97,36,1
expanded,expanded/images/sample_0095.png,Bidirectional Long Short Term Memory,train,,0,263,32,65,36,1
expanded,expanded/images/sample_0096.png,Artificial Intelligence and Machine Learning,train,,0,376,32,94,44,1
expanded,expanded/images/sample_0097.png,alpha_t = exp(e_t) / sum exp(e_j),train,,0,270,32,67,33,1
expanded,expanded/images/sample_0098.png,f(x) = int_0^inf e^(-x^2) dx,test,,0,257,32,64,28,1
expanded,expanded/images/sample_0099.png,Natural Language Processing Word Embeddings,train,,0,390,32,97,43,1
expanded,expanded/images/sample_0100.png,Convolutional Neural Network Architecture,train,,0,459,32,114,41,1
expanded,expanded/images/sample_0101.png,Data Augmentation and Noise Invariance,train,,0,360,32,90,38,1
expanded,expanded/images/sample_0102.png,P(A|B) = P(B|A)P(A) / P(B),train,,0,190,32,47,26,1
expanded,expanded/images/sample_0103.png,Low Resource Domain Adaptation Test,test,,0,268,32,67,35,1
expanded,expanded/images/sample_0104.png,Character and Word Error Rate Metrics,train,,0,368,32,92,37,1
expanded,expanded/images/sample_0105.png,Curved Text Line Sequence Recognition,train,,0,355,32,88,37,1
expanded,expanded/images/sample_0106.png,Self Supervised Representation Learning,test,,0,439,32,109,39,1
expanded,expanded/images/sample_0107.png,Low Latency Edge Device Deployment,valid,,0,382,32,95,34,1
expanded,expanded/images/sample_0108.png,Ancient Text Restoration and OCR,test,,0,285,32,71,32,1
expanded,expanded/images/sample_0109.png,Connectionist Temporal Classification Loss,test,,0,375,32,93,42,1
expanded,expanded/images/sample_0110.png,Deep Neural Nets for Sequence Modeling,train,,0,369,32,92,38,1
expanded,expanded/images/sample_0111.png,Deep Neural Nets for Sequence Modeling,train,,0,314,32,78,38,1
expanded,expanded/images/sample_0112.png,Adaptive Histogram Equalization Filtering,test,,0,432,32,108,41,1
expanded,expanded/images/sample_0113.png,a^2 + b^2 = c^2,train,,0,155,32,38,15,1
expanded,expanded/images/sample_0114.png,Bidirectional Long Short Term Memory,train,,0,348,32,87,36,1
expanded,expanded/images/sample_0115.png,Automated Form Processing and Digitization,valid,,0,382,32,95,42,1
expanded,expanded/images/sample_0116.png,Deep Learning Pattern Recognition,train,,0,346,32,86,33,1
expanded,expanded/images/sample_0117.png,Low Latency Edge Device Deployment,valid,,0,362,32,90,34,1
expanded,expanded/images/sample_0118.png,Lab Notebook Experiment Records 2026,train,,0,359,32,89,36,1
expanded,expanded/images/sample_0119.png,Multi Modal Document Processing Pipeline,train,,0,333,32,83,40,1
expanded,expanded/images/sample_0120.png,det(A - lambda * I) = 0,train,,0,189,32,47,23,1
expanded,expanded/images/sample_0121.png,Adaptive Histogram Equalization Filtering,test,,0,298,32,74,41,1
expanded,expanded/images/sample_0122.png,Self Supervised Representation Learning,test,,0,313,32,78,39,1
expanded,expanded/images/sample_0123.png,Statistical Data Analysis and Findings,train,,0,375,32,93,38,1
expanded,expanded/images/sample_0124.png,Century Old Heritage Print Preservation,train,,0,353,32,88,39,1
expanded,expanded/images/sample_0125.png,Information Science and Engineering,train,,0,285,32,71,35,1
expanded,expanded/images/sample_0126.png,Low Resource Domain Adaptation Test,test,,0,381,32,95,35,1
expanded,expanded/images/sample_0127.png,Bidirectional Long Short Term Memory,train,,0,342,32,85,36,1
expanded,expanded/images/sample_0128.png,Information Science and Engineering,train,,0,275,32,68,35,1
expanded,expanded/images/sample_0129.png,frac{d}{dx} [sin(x)] = cos(x),train,,0,257,32,64,29,1
expanded,expanded/images/sample_0130.png,Character Error Rate and Word Error Rate,train,,0,454,32,113,40,1
expanded,expanded/images/sample_0131.png,Bidirectional Long Short Term Memory,train,,0,302,32,75,36,1
expanded,expanded/images/sample_0132.png,Resolution Degradation and Ink Bleed Repair,train,,0,432,32,108,43,1
expanded,expanded/images/sample_0133.png,Historical Document Machine Translation,train,,0,514,32,128,39,1
expanded,expanded/images/sample_0134.png,Efficient Text Recognition System,valid,,0,288,32,72,33,1
expanded,expanded/images/sample_0135.png,Autonomous Document Digitization System,train,,0,375,32,93,39,1
expanded,expanded/images/sample_0136.png,sigma(z) = 1 / (1 + e^(-z)),train,,0,187,32,46,27,1
expanded,expanded/images/sample_0137.png,Deep Neural Nets for Sequence Modeling,train,,0,302,32,75,38,1
expanded,expanded/images/sample_0138.png,d/dx (e^x) = e^x,train,,0,167,32,41,16,1
expanded,expanded/images/sample_0139.png,alpha_t = exp(e_t) / sum exp(e_j),train,,0,237,32,59,33,1
expanded,expanded/images/sample_0140.png,Department of Information Science Archives,train,,0,332,32,83,42,1
expanded,expanded/images/sample_0141.png,Low Latency Edge Device Deployment,valid,,0,290,32,72,34,1
expanded,expanded/images/sample_0142.png,Computer Vision Image Processing Task,train,,0,352,32,88,37,1
expanded,expanded/images/sample_0143.png,Adaptive Histogram Equalization Filtering,test,,0,378,32,94,41,1
expanded,expanded/images/sample_0144.png,Gradient Descent Backpropagation Optimizer,train,,0,368,32,92,42,1
expanded,expanded/images/sample_0145.png,Statistical Data Analysis and Findings,train,,0,344,32,86,38,1
expanded,expanded/images/sample_0146.png,a^2 + b^2 = c^2,train,,0,166,32,41,15,1
expanded,expanded/images/sample_0147.png,Autonomous Document Digitization System,train,,0,358,32,89,39,1
expanded,expanded/images/sample_0148.png,Low Resource Domain Adaptation Test,test,,0,365,32,91,35,1
expanded,expanded/images/sample_0149.png,Natural Language Processing Word Embeddings,train,,0,420,32,105,43,1
expanded,expanded/images/sample_0150.png,det(A - lambda * I) = 0,train,,0,230,32,57,23,1
expanded,expanded/images/sample_0151.png,int (1 / x) dx = ln|x| + C,train,,0,229,32,57,26,1
expanded,expanded/images/sample_0152.png,Resolution Degradation and Ink Bleed Repair,train,,0,442,32,110,43,1
expanded,expanded/images/sample_0153.png,Natural Language Processing Word Embeddings,train,,0,429,32,107,43,1
expanded,expanded/images/sample_0154.png,d/dx (e^x) = e^x,train,,0,147,32,36,16,1
expanded,expanded/images/sample_0155.png,Historical Document Machine Translation,train,,0,340,32,85,39,1
expanded,expanded/images/sample_0156.png,Gradient Descent Backpropagation Optimizer,train,,0,379,32,94,42,1
expanded,expanded/images/sample_0157.png,Vision Transformer Pretrained Decoder,train,,0,428,32,107,37,1
expanded,expanded/images/sample_0158.png,Character Error Rate and Word Error Rate,train,,0,427,32,106,40,1
expanded,expanded/images/sample_0159.png,NMAMIT Nitte Campus Research Project,train,,0,364,32,91,36,1
expanded,expanded/images/sample_0160.png,Automated Form Processing and Digitization,valid,,0,355,32,88,42,1
expanded,expanded/images/sample_0161.png,Multi Modal Document Processing Pipeline,train,,0,318,32,79,40,1
expanded,expanded/images/sample_0162.png,Resolution Degradation and Ink Bleed Repair,train,,0,330,32,82,43,1
expanded,expanded/images/sample_0163.png,frac{d}{dx} [sin(x)] = cos(x),train,,0,226,32,56,29,1
expanded,expanded/images/sample_0164.png,Character and Word Error Rate Metrics,train,,0,305,32,76,37,1
expanded,expanded/images/sample_0165.png,alpha_t = exp(e_t) / sum exp(e_j),train,,0,311,32,77,33,1
expanded,expanded/images/sample_0166.png,Autonomous Document Digitization System,train,,0,339,32,84,39,1
expanded,expanded/images/sample_0167.png,Convolutional Neural Network Architecture,train,,0,455,32,113,41,1
expanded,expanded/images/sample_0168.png,Bidirectional Long Short Term Memory,train,,0,354,32,88,36,1
expanded,expanded/images/sample_0169.png,Optical Character Recognition Engine,test,,0,272,32,68,36,1
expanded,expanded/images/sample_0170.png,Historical Document Machine Translation,train,,0,388,32,97,39,1
expanded,expanded/images/sample_0171.png,Century Old Heritage Print Preservation,train,,0,338,32,84,39,1
expanded,expanded/images/sample_0172.png,Autonomous Document Digitization System,train,,0,405,32,101,39,1
expanded,expanded/images/sample_0173.png,NMAMIT Nitte Campus Research Project,train,,0,307,32,76,36,1
expanded,expanded/images/sample_0174.png,det(A - lambda * I) = 0,train,,0,210,32,52,23,1
expanded,expanded/images/sample_0175.png,Gradient Descent Backpropagation Optimizer,train,,0,334,32,83,42,1
expanded,expanded/images/sample_0176.png,Bidirectional Long Short Term Memory,train,,0,326,32,81,36,1
expanded,expanded/images/sample_0177.png,Automated Form Processing and Digitization,valid,,0,427,32,106,42,1
expanded,expanded/images/sample_0178.png,Automated Form Processing and Digitization,valid,,0,379,32,94,42,1
expanded,expanded/images/sample_0179.png,Efficient Text Recognition System,valid,,0,315,32,78,33,1
expanded,expanded/images/sample_0180.png,lim_{x->0} (sin x / x) = 1,train,,1,191,32,47,26,1
expanded,expanded/images/sample_0181.png,Multi Modal Document Processing Pipeline,train,,0,386,32,96,40,1
expanded,expanded/images/sample_0182.png,L_{CTC} = - ln P(y | x),test,,1,205,32,51,23,1
expanded,expanded/images/sample_0183.png,Data Augmentation and Noise Invariance,train,,0,286,32,71,38,1
expanded,expanded/images/sample_0184.png,Ancient Text Restoration and OCR,test,,0,312,32,78,32,1
expanded,expanded/images/sample_0185.png,Century Old Heritage Print Preservation,train,,0,332,32,83,39,1
expanded,expanded/images/sample_0186.png,Century Old Heritage Print Preservation,train,,0,362,32,90,39,1
expanded,expanded/images/sample_0187.png,Multi Column Layout Analysis and Extraction,train,,0,328,32,82,43,1
expanded,expanded/images/sample_0188.png,Gradient Descent Backpropagation Optimizer,train,,0,471,32,117,42,1
expanded,expanded/images/sample_0189.png,x^2 + y^2 = z^2,train,,0,175,32,43,15,1
expanded,expanded/images/sample_0190.png,e^(i * pi) + 1 = 0,train,,0,177,32,44,18,1
expanded,expanded/images/sample_0191.png,Autonomous Document Digitization System,train,,0,390,32,97,39,1
expanded,expanded/images/sample_0192.png,Low Resource Domain Adaptation Test,test,,0,371,32,92,35,1
expanded,expanded/images/sample_0193.png,Vision Transformer Pretrained Decoder,train,,0,324,32,81,37,1
expanded,expanded/images/sample_0194.png,Quick Brown Fox Jumps Over Lazy Dog,train,,0,324,32,81,35,1
expanded,expanded/images/sample_0195.png,det(A - lambda * I) = 0,train,,0,223,32,55,23,1
expanded,expanded/images/sample_0196.png,Connectionist Temporal Classification Loss,test,,0,374,32,93,42,1
expanded,expanded/images/sample_0197.png,lim_{x->0} (sin x / x) = 1,train,,1,244,32,61,26,1
expanded,expanded/images/sample_0198.png,Century Old Heritage Print Preservation,train,,0,301,32,75,39,1
expanded,expanded/images/sample_0199.png,sum_{i=1}^n i = n(n+1)/2,train,,1,206,32,51,24,1
expanded,expanded/images/sample_0200.png,Resolution Degradation and Ink Bleed Repair,train,,0,346,32,86,43,1
expanded,expanded/images/sample_0201.png,Historical Document Machine Translation,train,,0,444,32,111,39,1
expanded,expanded/images/sample_0202.png,Curved Text Line Sequence Recognition,train,,0,304,32,76,37,1
expanded,expanded/images/sample_0203.png,Archival Manuscript Digitization Project,train,,0,290,32,72,40,1
expanded,expanded/images/sample_0204.png,lim_{x->0} (sin x / x) = 1,train,,1,200,32,50,26,1
expanded,expanded/images/sample_0205.png,Curved Text Line Sequence Recognition,train,,0,328,32,82,37,1
expanded,expanded/images/sample_0206.png,Deep Learning Pattern Recognition,train,,0,316,32,79,33,1
expanded,expanded/images/sample_0207.png,Research Meeting Notes on Transformer Models,valid,,0,459,32,114,44,1
expanded,expanded/images/sample_0208.png,Deep Neural Nets for Sequence Modeling,train,,0,295,32,73,38,1
expanded,expanded/images/sample_0209.png,lim_{x->0} (sin x / x) = 1,train,,1,203,32,50,26,1
expanded,expanded/images/sample_0210.png,a^2 + b^2 = c^2,train,,0,200,32,50,15,1
expanded,expanded/images/sample_0211.png,frac{d}{dx} [sin(x)] = cos(x),train,,0,294,32,73,29,1
expanded,expanded/images/sample_0212.png,Multi Modal Document Processing Pipeline,train,,0,415,32,103,40,1
expanded,expanded/images/sample_0213.png,Data Augmentation and Noise Invariance,train,,0,365,32,91,38,1
expanded,expanded/images/sample_0214.png,Faded Ink and Paper Background Noise,train,,0,345,32,86,36,1
expanded,expanded/images/sample_0215.png,Natural Language Processing Word Embeddings,train,,0,369,32,92,43,1
expanded,expanded/images/sample_0216.png,Self Supervised Representation Learning,test,,0,289,32,72,39,1
expanded,expanded/images/sample_0217.png,Quick Brown Fox Jumps Over Lazy Dog,train,,0,320,32,80,35,1
expanded,expanded/images/sample_0218.png,Multi Column Layout Analysis and Extraction,train,,0,349,32,87,43,1
expanded,expanded/images/sample_0219.png,Bidirectional Long Short Term Memory,train,,0,388,32,97,36,1
expanded,expanded/images/sample_0220.png,Convolutional Neural Network Architecture,train,,0,439,32,109,41,1
expanded,expanded/images/sample_0221.png,Data Augmentation and Noise Invariance,train,,0,304,32,76,38,1
expanded,expanded/images/sample_0222.png,Character Error Rate and Word Error Rate,train,,0,384,32,96,40,1
expanded,expanded/images/sample_0223.png,Adaptive Histogram Equalization Filtering,test,,0,316,32,79,41,1
expanded,expanded/images/sample_0224.png,Feature Map Extraction ResNet Backbone,valid,,0,331,32,82,38,1
expanded,expanded/images/sample_0225.png,Convolutional Neural Network Architecture,train,,0,358,32,89,41,1
expanded,expanded/images/sample_0226.png,Gradient Descent Backpropagation Optimizer,train,,0,336,32,84,42,1
expanded,expanded/images/sample_0227.png,Computer Vision Image Processing Task,train,,0,348,32,87,37,1
expanded,expanded/images/sample_0228.png,NMAMIT Nitte Campus Research Project,train,,0,325,32,81,36,1
expanded,expanded/images/sample_0229.png,Century Old Heritage Print Preservation,train,,0,362,32,90,39,1
expanded,expanded/images/sample_0230.png,NMAMIT Nitte Campus Research Project,train,,0,324,32,81,36,1
expanded,expanded/images/sample_0231.png,Convolutional Neural Network Architecture,train,,0,418,32,104,41,1
expanded,expanded/images/sample_0232.png,Artificial Intelligence and Machine Learning,train,,0,348,32,87,44,1
expanded,expanded/images/sample_0233.png,Natural Language Processing Word Embeddings,train,,0,417,32,104,43,1
expanded,expanded/images/sample_0234.png,Department of Information Science Archives,train,,0,314,32,78,42,1
expanded,expanded/images/sample_0235.png,Data Augmentation and Noise Invariance,train,,0,327,32,81,38,1
expanded,expanded/images/sample_0236.png,int (1 / x) dx = ln|x| + C,train,,0,214,32,53,26,1
expanded,expanded/images/sample_0237.png,Vision Transformer Pretrained Decoder,train,,0,409,32,102,37,1
expanded,expanded/images/sample_0238.png,Deep Learning Pattern Recognition,train,,0,271,32,67,33,1
expanded,expanded/images/sample_0239.png,f(x) = int_0^inf e^(-x^2) dx,test,,0,220,32,55,28,1
expanded,expanded/images/sample_0240.png,nabla x B = mu_0 * (J + epsilon_0 * dE/dt),train,,0,337,32,84,42,1
expanded,expanded/images/sample_0241.png,Optical Character Recognition Engine,test,,0,321,32,80,36,1
expanded,expanded/images/sample_0242.png,Handwritten Note Extraction Sample,valid,,0,328,32,82,34,1
expanded,expanded/images/sample_0243.png,Research Meeting Notes on Transformer Models,valid,,0,492,32,123,44,1
expanded,expanded/images/sample_0244.png,Low Latency Edge Device Deployment,valid,,0,290,32,72,34,1
expanded,expanded/images/sample_0245.png,Vision Transformer Pretrained Decoder,train,,0,396,32,99,37,1
expanded,expanded/images/sample_0246.png,Supervised Fine Tuning on Labeled Data,valid,,0,279,32,69,38,1
expanded,expanded/images/sample_0247.png,Computer Vision Image Processing Task,train,,0,353,32,88,37,1
expanded,expanded/images/sample_0248.png,Deep Learning Pattern Recognition,train,,0,296,32,74,33,1
expanded,expanded/images/sample_0249.png,Low Latency Edge Device Deployment,valid,,0,329,32,82,34,1
expanded,expanded/images/sample_0250.png,Information Science and Engineering,train,,0,331,32,82,35,1
expanded,expanded/images/sample_0251.png,Optical Character Recognition Engine,test,,0,370,32,92,36,1
expanded,expanded/images/sample_0252.png,d/dx (e^x) = e^x,train,,0,152,32,38,16,1
expanded,expanded/images/sample_0253.png,NMAMIT Nitte Campus Research Project,train,,0,347,32,86,36,1
expanded,expanded/images/sample_0254.png,Character Error Rate and Word Error Rate,train,,0,410,32,102,40,1
expanded,expanded/images/sample_0255.png,Department of Information Science Archives,train,,0,431,32,107,42,1
expanded,expanded/images/sample_0256.png,Binarization and Deskewing Enhancement,valid,,0,297,32,74,38,1
expanded,expanded/images/sample_0257.png,x^2 + y^2 = z^2,train,,0,148,32,37,15,1
expanded,expanded/images/sample_0258.png,Natural Language Processing Word Embeddings,train,,0,379,32,94,43,1
expanded,expanded/images/sample_0259.png,Feature Map Extraction ResNet Backbone,valid,,0,313,32,78,38,1
expanded,expanded/images/sample_0260.png,Character and Word Error Rate Metrics,train,,0,418,32,104,37,1
expanded,expanded/images/sample_0261.png,a^2 + b^2 = c^2,train,,0,196,32,49,15,1
expanded,expanded/images/sample_0262.png,Optical Character Recognition Engine,test,,0,346,32,86,36,1
expanded,expanded/images/sample_0263.png,Binarization and Deskewing Enhancement,valid,,0,366,32,91,38,1
expanded,expanded/images/sample_0264.png,Low Resource Domain Adaptation Test,test,,0,271,32,67,35,1
expanded,expanded/images/sample_0265.png,Artificial Intelligence and Machine Learning,train,,0,330,32,82,44,1
expanded,expanded/images/sample_0266.png,P(A|B) = P(B|A)P(A) / P(B),train,,0,203,32,50,26,1
expanded,expanded/images/sample_0267.png,Information Science and Engineering,train,,0,311,32,77,35,1
expanded,expanded/images/sample_0268.png,Ancient Text Restoration and OCR,test,,0,409,32,102,32,1
expanded,expanded/images/sample_0269.png,Faded Ink and Paper Background Noise,train,,0,386,32,96,36,1
expanded,expanded/images/sample_0270.png,Adaptive Histogram Equalization Filtering,test,,0,361,32,90,41,1
expanded,expanded/images/sample_0271.png,Lab Notebook Experiment Records 2026,train,,0,356,32,89,36,1
expanded,expanded/images/sample_0272.png,Low Resource Domain Adaptation Test,test,,0,307,32,76,35,1
expanded,expanded/images/sample_0273.png,Bidirectional Long Short Term Memory,train,,0,282,32,70,36,1
expanded,expanded/images/sample_0274.png,SimCLR Contrastive Pretraining Framework,train,,0,450,32,112,40,1
expanded,expanded/images/sample_0275.png,e^(i * pi) + 1 = 0,train,,0,154,32,38,18,1
expanded,expanded/images/sample_0276.png,Statistical Data Analysis and Findings,train,,0,308,32,77,38,1
expanded,expanded/images/sample_0277.png,det(A - lambda * I) = 0,train,,0,241,32,60,23,1
expanded,expanded/images/sample_0278.png,Bidirectional Long Short Term Memory,train,,0,321,32,80,36,1
expanded,expanded/images/sample_0279.png,SimCLR Contrastive Pretraining Framework,train,,0,368,32,92,40,1
expanded,expanded/images/sample_0280.png,x^2 + y^2 = z^2,train,,0,131,32,32,15,1
expanded,expanded/images/sample_0281.png,Automated Form Processing and Digitization,valid,,0,343,32,85,42,1
expanded,expanded/images/sample_0282.png,Multi Modal Document Processing Pipeline,train,,0,314,32,78,40,1
expanded,expanded/images/sample_0283.png,d/dx (e^x) = e^x,train,,0,131,32,32,16,1
expanded,expanded/images/sample_0284.png,Artificial Intelligence and Machine Learning,train,,0,335,32,83,44,1
expanded,expanded/images/sample_0285.png,int (1 / x) dx = ln|x| + C,train,,0,192,32,48,26,1
expanded,expanded/images/sample_0286.png,Statistical Data Analysis and Findings,train,,0,326,32,81,38,1
expanded,expanded/images/sample_0287.png,Handwritten Note Extraction Sample,valid,,0,360,32,90,34,1
expanded,expanded/images/sample_0288.png,P(A|B) = P(B|A)P(A) / P(B),train,,0,220,32,55,26,1
expanded,expanded/images/sample_0289.png,sigma(z) = 1 / (1 + e^(-z)),train,,0,211,32,52,27,1
expanded,expanded/images/sample_0290.png,Computer Vision Image Processing Task,train,,0,363,32,90,37,1
expanded,expanded/images/sample_0291.png,Artificial Intelligence and Machine Learning,train,,0,335,32,83,44,1
expanded,expanded/images/sample_0292.png,Convolutional Neural Network Architecture,train,,0,359,32,89,41,1
expanded,expanded/images/sample_0293.png,Century Old Heritage Print Preservation,train,,0,381,32,95,39,1
expanded,expanded/images/sample_0294.png,Resolution Degradation and Ink Bleed Repair,train,,0,385,32,96,43,1
expanded,expanded/images/sample_0295.png,Handwritten Note Extraction Sample,valid,,0,296,32,74,34,1
expanded,expanded/images/sample_0296.png,Resolution Degradation and Ink Bleed Repair,train,,0,380,32,95,43,1
expanded,expanded/images/sample_0297.png,Adaptive Histogram Equalization Filtering,test,,0,309,32,77,41,1
expanded,expanded/images/sample_0298.png,Resolution Degradation and Ink Bleed Repair,train,,0,333,32,83,43,1
expanded,expanded/images/sample_0299.png,Statistical Data Analysis and Findings,train,,0,280,32,70,38,1
expanded,expanded/images/sample_0300.png,Research Meeting Notes on Transformer Models,valid,,0,423,32,105,44,1
expanded,expanded/images/sample_0301.png,Department of Information Science Archives,train,,0,402,32,100,42,1
expanded,expanded/images/sample_0302.png,Connectionist Temporal Classification Loss,test,,0,370,32,92,42,1
expanded,expanded/images/sample_0303.png,Handwritten Note Extraction Sample,valid,,0,359,32,89,34,1
expanded,expanded/images/sample_0304.png,Vision Transformer Pretrained Decoder,train,,0,336,32,84,37,1
expanded,expanded/images/sample_0305.png,nabla x B = mu_0 * (J + epsilon_0 * dE/dt),train,,0,404,32,101,42,1
expanded,expanded/images/sample_0306.png,Data Augmentation and Noise Invariance,train,,0,375,32,93,38,1
expanded,expanded/images/sample_0307.png,sum_{i=1}^n i = n(n+1)/2,train,,1,241,32,60,24,1
expanded,expanded/images/sample_0308.png,Optical Character Recognition Engine,test,,0,281,32,70,36,1
expanded,expanded/images/sample_0309.png,Department of Information Science Archives,train,,0,338,32,84,42,1
expanded,expanded/images/sample_0310.png,Century Old Heritage Print Preservation,train,,0,355,32,88,39,1
expanded,expanded/images/sample_0311.png,Bidirectional Long Short Term Memory,train,,0,362,32,90,36,1
expanded,expanded/images/sample_0312.png,Character Error Rate and Word Error Rate,train,,0,422,32,105,40,1
expanded,expanded/images/sample_0313.png,Lab Notebook Experiment Records 2026,train,,0,354,32,88,36,1
expanded,expanded/images/sample_0314.png,Bahdanau Sequence Attention Mechanism,train,,0,343,32,85,37,1
expanded,expanded/images/sample_0315.png,Autonomous Document Digitization System,train,,0,336,32,84,39,1
expanded,expanded/images/sample_0316.png,Information Science and Engineering,train,,0,347,32,86,35,1
expanded,expanded/images/sample_0317.png,Natural Language Processing Word Embeddings,train,,0,379,32,94,43,1
expanded,expanded/images/sample_0318.png,Natural Language Processing Word Embeddings,train,,0,412,32,103,43,1
expanded,expanded/images/sample_0319.png,frac{d}{dx} [sin(x)] = cos(x),train,,0,280,32,70,29,1
expanded,expanded/images/sample_0320.png,Handwritten Note Extraction Sample,valid,,0,339,32,84,34,1
expanded,expanded/images/sample_0321.png,Department of Information Science Archives,train,,0,397,32,99,42,1
expanded,expanded/images/sample_0322.png,Low Resource Domain Adaptation Test,test,,0,390,32,97,35,1
expanded,expanded/images/sample_0323.png,Connectionist Temporal Classification Loss,test,,0,368,32,92,42,1
expanded,expanded/images/sample_0324.png,Statistical Data Analysis and Findings,train,,0,384,32,96,38,1
expanded,expanded/images/sample_0325.png,Gradient Descent Backpropagation Optimizer,train,,0,345,32,86,42,1
expanded,expanded/images/sample_0326.png,E = m * c ^ 2,valid,,0,142,32,35,13,1
expanded,expanded/images/sample_0327.png,Efficient Text Recognition System,valid,,0,260,32,65,33,1
expanded,expanded/images/sample_0328.png,Supervised Fine Tuning on Labeled Data,valid,,0,292,32,73,38,1
expanded,expanded/images/sample_0329.png,Autonomous Document Digitization System,train,,0,421,32,105,39,1
expanded,expanded/images/sample_0330.png,Natural Language Processing Word Embeddings,train,,0,399,32,99,43,1
expanded,expanded/images/sample_0331.png,sigma(z) = 1 / (1 + e^(-z)),train,,0,214,32,53,27,1
expanded,expanded/images/sample_0332.png,Automated Form Processing and Digitization,valid,,0,412,32,103,42,1
expanded,expanded/images/sample_0333.png,x^2 + y^2 = z^2,train,,0,167,32,41,15,1
expanded,expanded/images/sample_0334.png,Autonomous Document Digitization System,train,,0,398,32,99,39,1
expanded,expanded/images/sample_0335.png,Character and Word Error Rate Metrics,train,,0,342,32,85,37,1
expanded,expanded/images/sample_0336.png,Historical Document Machine Translation,train,,0,354,32,88,39,1
expanded,expanded/images/sample_0337.png,Optical Character Recognition Engine,test,,0,333,32,83,36,1
expanded,expanded/images/sample_0338.png,Optical Character Recognition Engine,test,,0,294,32,73,36,1
expanded,expanded/images/sample_0339.png,Research Meeting Notes on Transformer Models,valid,,0,374,32,93,44,1
expanded,expanded/images/sample_0340.png,Information Science and Engineering,train,,0,302,32,75,35,1
expanded,expanded/images/sample_0341.png,Character and Word Error Rate Metrics,train,,0,405,32,101,37,1
expanded,expanded/images/sample_0342.png,Multi Column Layout Analysis and Extraction,train,,0,372,32,93,43,1
expanded,expanded/images/sample_0343.png,a^2 + b^2 = c^2,train,,0,184,32,46,15,1
expanded,expanded/images/sample_0344.png,Character and Word Error Rate Metrics,train,,0,405,32,101,37,1
expanded,expanded/images/sample_0345.png,Statistical Data Analysis and Findings,train,,0,418,32,104,38,1
expanded,expanded/images/sample_0346.png,Bahdanau Sequence Attention Mechanism,train,,0,310,32,77,37,1
expanded,expanded/images/sample_0347.png,Edge Device Deployment Optimization,train,,0,412,32,103,35,1
expanded,expanded/images/sample_0348.png,Multi Column Layout Analysis and Extraction,train,,0,427,32,106,43,1
expanded,expanded/images/sample_0349.png,Faded Ink and Paper Background Noise,train,,0,428,32,107,36,1
expanded,expanded/images/sample_0350.png,sqrt{x^2 + y^2} <= |x| + |y|,test,,0,199,32,49,28,1
expanded,expanded/images/sample_0351.png,Artificial Intelligence and Machine Learning,train,,0,408,32,102,44,1
expanded,expanded/images/sample_0352.png,Historical Document Machine Translation,train,,0,434,32,108,39,1
expanded,expanded/images/sample_0353.png,Archival Manuscript Digitization Project,train,,0,419,32,104,40,1
expanded,expanded/images/sample_0354.png,Archival Manuscript Digitization Project,train,,0,404,32,101,40,1
expanded,expanded/images/sample_0355.png,Low Resource Domain Adaptation Test,test,,0,280,32,70,35,1
expanded,expanded/images/sample_0356.png,Natural Language Processing Word Embeddings,train,,0,416,32,104,43,1
expanded,expanded/images/sample_0357.png,Quick Brown Fox Jumps Over Lazy Dog,train,,0,286,32,71,35,1
expanded,expanded/images/sample_0358.png,Quick Brown Fox Jumps Over Lazy Dog,train,,0,314,32,78,35,1
expanded,expanded/images/sample_0359.png,Data Augmentation and Noise Invariance,train,,0,337,32,84,38,1
expanded,expanded/images/sample_0360.png,Low Latency Edge Device Deployment,valid,,0,276,32,69,34,1
expanded,expanded/images/sample_0361.png,det(A - lambda * I) = 0,train,,0,207,32,51,23,1
expanded,expanded/images/sample_0362.png,Artificial Intelligence and Machine Learning,train,,0,370,32,92,44,1
expanded,expanded/images/sample_0363.png,Low Resource Domain Adaptation Test,test,,0,386,32,96,35,1
expanded,expanded/images/sample_0364.png,Low Resource Domain Adaptation Test,test,,0,336,32,84,35,1
expanded,expanded/images/sample_0365.png,e^(i * pi) + 1 = 0,train,,0,169,32,42,18,1
expanded,expanded/images/sample_0366.png,e^(i * pi) + 1 = 0,train,,0,138,32,34,18,1
expanded,expanded/images/sample_0367.png,sum_{i=1}^n i = n(n+1)/2,train,,1,214,32,53,24,1
expanded,expanded/images/sample_0368.png,f(x) = int_0^inf e^(-x^2) dx,test,,0,258,32,64,28,1
expanded,expanded/images/sample_0369.png,Edge Device Deployment Optimization,train,,0,264,32,66,35,1
expanded,expanded/images/sample_0370.png,Bidirectional Long Short Term Memory,train,,0,344,32,86,36,1
expanded,expanded/images/sample_0371.png,Supervised Fine Tuning on Labeled Data,valid,,0,414,32,103,38,1
expanded,expanded/images/sample_0372.png,Connectionist Temporal Classification Loss,test,,0,300,32,75,42,1
expanded,expanded/images/sample_0373.png,sqrt{x^2 + y^2} <= |x| + |y|,test,,0,227,32,56,28,1
expanded,expanded/images/sample_0374.png,alpha_t = exp(e_t) / sum exp(e_j),train,,0,305,32,76,33,1
expanded,expanded/images/sample_0375.png,nabla x B = mu_0 * (J + epsilon_0 * dE/dt),train,,0,314,32,78,42,1
expanded,expanded/images/sample_0376.png,Century Old Heritage Print Preservation,train,,0,437,32,109,39,1
expanded,expanded/images/sample_0377.png,sqrt{x^2 + y^2} <= |x| + |y|,test,,0,260,32,65,28,1
expanded,expanded/images/sample_0378.png,Curved Text Line Sequence Recognition,train,,0,298,32,74,37,1
expanded,expanded/images/sample_0379.png,Feature Map Extraction ResNet Backbone,valid,,0,290,32,72,38,1
expanded,expanded/images/sample_0380.png,Historical Document Machine Translation,train,,0,448,32,112,39,1
expanded,expanded/images/sample_0381.png,Efficient Text Recognition System,valid,,0,277,32,69,33,1
expanded,expanded/images/sample_0382.png,Binarization and Deskewing Enhancement,valid,,0,302,32,75,38,1
expanded,expanded/images/sample_0383.png,Faded Ink and Paper Background Noise,train,,0,386,32,96,36,1
expanded,expanded/images/sample_0384.png,f(x) = int_0^inf e^(-x^2) dx,test,,0,210,32,52,28,1
expanded,expanded/images/sample_0385.png,Archival Manuscript Digitization Project,train,,0,327,32,81,40,1
expanded,expanded/images/sample_0386.png,Connectionist Temporal Classification Loss,test,,0,395,32,98,42,1
expanded,expanded/images/sample_0387.png,Handwritten Note Extraction Sample,valid,,0,356,32,89,34,1
expanded,expanded/images/sample_0388.png,f(x) = int_0^inf e^(-x^2) dx,test,,0,208,32,52,28,1
expanded,expanded/images/sample_0389.png,Optical Character Recognition Engine,test,,0,412,32,103,36,1
expanded,expanded/images/sample_0390.png,d/dx (e^x) = e^x,train,,0,161,32,40,16,1
expanded,expanded/images/sample_0391.png,alpha_t = exp(e_t) / sum exp(e_j),train,,0,309,32,77,33,1
expanded,expanded/images/sample_0392.png,P(A|B) = P(B|A)P(A) / P(B),train,,0,266,32,66,26,1
expanded,expanded/images/sample_0393.png,Feature Map Extraction ResNet Backbone,valid,,0,369,32,92,38,1
expanded,expanded/images/sample_0394.png,Optical Character Recognition Engine,test,,0,349,32,87,36,1
expanded,expanded/images/sample_0395.png,Natural Language Processing Word Embeddings,train,,0,429,32,107,43,1
expanded,expanded/images/sample_0396.png,Archival Manuscript Digitization Project,train,,0,393,32,98,40,1
expanded,expanded/images/sample_0397.png,Historical Document Machine Translation,train,,0,364,32,91,39,1
expanded,expanded/images/sample_0398.png,Supervised Fine Tuning on Labeled Data,valid,,0,309,32,77,38,1
expanded,expanded/images/sample_0399.png,alpha_t = exp(e_t) / sum exp(e_j),train,,0,319,32,79,33,1
expanded,expanded/images/sample_0400.png,int (1 / x) dx = ln|x| + C,train,,0,177,32,44,26,1
expanded,expanded/images/sample_0401.png,Self Supervised Representation Learning,test,,0,294,32,73,39,1
expanded,expanded/images/sample_0402.png,SimCLR Contrastive Pretraining Framework,train,,0,376,32,94,40,1
expanded,expanded/images/sample_0403.png,int (1 / x) dx = ln|x| + C,train,,0,228,32,57,26,1
expanded,expanded/images/sample_0404.png,Automated Form Processing and Digitization,valid,,0,366,32,91,42,1
expanded,expanded/images/sample_0405.png,Ancient Text Restoration and OCR,test,,0,356,32,89,32,1
expanded,expanded/images/sample_0406.png,SimCLR Contrastive Pretraining Framework,train,,0,334,32,83,40,1
expanded,expanded/images/sample_0407.png,Statistical Data Analysis and Findings,train,,0,269,32,67,38,1
expanded,expanded/images/sample_0408.png,Supervised Fine Tuning on Labeled Data,valid,,0,313,32,78,38,1
expanded,expanded/images/sample_0409.png,Information Science and Engineering,train,,0,301,32,75,35,1
expanded,expanded/images/sample_0410.png,Artificial Intelligence and Machine Learning,train,,0,486,32,121,44,1
expanded,expanded/images/sample_0411.png,frac{d}{dx} [sin(x)] = cos(x),train,,0,232,32,58,29,1
expanded,expanded/images/sample_0412.png,SimCLR Contrastive Pretraining Framework,train,,0,337,32,84,40,1
expanded,expanded/images/sample_0413.png,Data Augmentation and Noise Invariance,train,,0,348,32,87,38,1
expanded,expanded/images/sample_0414.png,Curved Text Line Sequence Recognition,train,,0,333,32,83,37,1
expanded,expanded/images/sample_0415.png,Resolution Degradation and Ink Bleed Repair,train,,0,310,32,77,43,1
expanded,expanded/images/sample_0416.png,det(A - lambda * I) = 0,train,,0,214,32,53,23,1
expanded,expanded/images/sample_0417.png,int (1 / x) dx = ln|x| + C,train,,0,219,32,54,26,1
expanded,expanded/images/sample_0418.png,Handwritten Note Extraction Sample,valid,,0,351,32,87,34,1
expanded,expanded/images/sample_0419.png,Curved Text Line Sequence Recognition,train,,0,323,32,80,37,1
expanded,expanded/images/sample_0420.png,Deep Learning Pattern Recognition,train,,0,323,32,80,33,1
expanded,expanded/images/sample_0421.png,Computer Vision Image Processing Task,train,,0,350,32,87,37,1
expanded,expanded/images/sample_0422.png,Natural Language Processing Word Embeddings,train,,0,421,32,105,43,1
expanded,expanded/images/sample_0423.png,Archival Manuscript Digitization Project,train,,0,323,32,80,40,1
expanded,expanded/images/sample_0424.png,SimCLR Contrastive Pretraining Framework,train,,0,337,32,84,40,1
expanded,expanded/images/sample_0425.png,Statistical Data Analysis and Findings,train,,0,333,32,83,38,1
expanded,expanded/images/sample_0426.png,Connectionist Temporal Classification Loss,test,,0,456,32,114,42,1
expanded,expanded/images/sample_0427.png,Archival Manuscript Digitization Project,train,,0,461,32,115,40,1
expanded,expanded/images/sample_0428.png,Supervised Fine Tuning on Labeled Data,valid,,0,353,32,88,38,1
expanded,expanded/images/sample_0429.png,Curved Text Line Sequence Recognition,train,,0,293,32,73,37,1
expanded,expanded/images/sample_0430.png,Bahdanau Sequence Attention Mechanism,train,,0,387,32,96,37,1
expanded,expanded/images/sample_0431.png,Low Resource Domain Adaptation Test,test,,0,327,32,81,35,1
expanded,expanded/images/sample_0432.png,Natural Language Processing Word Embeddings,train,,0,417,32,104,43,1
expanded,expanded/images/sample_0433.png,sum_{i=1}^n i = n(n+1)/2,train,,1,216,32,54,24,1
expanded,expanded/images/sample_0434.png,Bahdanau Sequence Attention Mechanism,train,,0,365,32,91,37,1
expanded,expanded/images/sample_0435.png,nabla x B = mu_0 * (J + epsilon_0 * dE/dt),train,,0,328,32,82,42,1
expanded,expanded/images/sample_0436.png,Information Science and Engineering,train,,0,273,32,68,35,1
expanded,expanded/images/sample_0437.png,e^(i * pi) + 1 = 0,train,,0,137,32,34,18,1
expanded,expanded/images/sample_0438.png,x^2 + y^2 = z^2,train,,0,148,32,37,15,1
expanded,expanded/images/sample_0439.png,NMAMIT Nitte Campus Research Project,train,,0,343,32,85,36,1
expanded,expanded/images/sample_0440.png,Multi Modal Document Processing Pipeline,train,,0,416,32,104,40,1
expanded,expanded/images/sample_0441.png,Automated Form Processing and Digitization,valid,,0,321,32,80,42,1
expanded,expanded/images/sample_0442.png,Information Science and Engineering,train,,0,288,32,72,35,1
expanded,expanded/images/sample_0443.png,Curved Text Line Sequence Recognition,train,,0,394,32,98,37,1
expanded,expanded/images/sample_0444.png,P(A|B) = P(B|A)P(A) / P(B),train,,0,225,32,56,26,1
expanded,expanded/images/sample_0445.png,Data Augmentation and Noise Invariance,train,,0,439,32,109,38,1
expanded,expanded/images/sample_0446.png,Quick Brown Fox Jumps Over Lazy Dog,train,,0,364,32,91,35,1
expanded,expanded/images/sample_0447.png,Multi Modal Document Processing Pipeline,train,,0,392,32,98,40,1
expanded,expanded/images/sample_0448.png,det(A - lambda * I) = 0,train,,0,167,32,41,23,1
expanded,expanded/images/sample_0449.png,Deep Neural Nets for Sequence Modeling,train,,0,297,32,74,38,1
expanded,expanded/images/sample_0450.png,Adaptive Histogram Equalization Filtering,test,,0,343,32,85,41,1
expanded,expanded/images/sample_0451.png,Low Resource Domain Adaptation Test,test,,0,334,32,83,35,1
expanded,expanded/images/sample_0452.png,Efficient Text Recognition System,valid,,0,332,32,83,33,1
expanded,expanded/images/sample_0453.png,Gradient Descent Backpropagation Optimizer,train,,0,345,32,86,42,1
expanded,expanded/images/sample_0454.png,Faded Ink and Paper Background Noise,train,,0,280,32,70,36,1
expanded,expanded/images/sample_0455.png,Multi Modal Document Processing Pipeline,train,,0,392,32,98,40,1
expanded,expanded/images/sample_0456.png,Optical Character Recognition Engine,test,,0,323,32,80,36,1
expanded,expanded/images/sample_0457.png,Natural Language Processing Word Embeddings,train,,0,332,32,83,43,1
expanded,expanded/images/sample_0458.png,P(A|B) = P(B|A)P(A) / P(B),train,,0,249,32,62,26,1
expanded,expanded/images/sample_0459.png,Natural Language Processing Word Embeddings,train,,0,367,32,91,43,1
expanded,expanded/images/sample_0460.png,Statistical Data Analysis and Findings,train,,0,290,32,72,38,1
expanded,expanded/images/sample_0461.png,Department of Information Science Archives,train,,0,376,32,94,42,1
expanded,expanded/images/sample_0462.png,Handwritten Note Extraction Sample,valid,,0,356,32,89,34,1
expanded,expanded/images/sample_0463.png,e^(i * pi) + 1 = 0,train,,0,164,32,41,18,1
expanded,expanded/images/sample_0464.png,Low Latency Edge Device Deployment,valid,,0,299,32,74,34,1
expanded,expanded/images/sample_0465.png,Bahdanau Sequence Attention Mechanism,train,,0,296,32,74,37,1
expanded,expanded/images/sample_0466.png,Natural Language Processing Word Embeddings,train,,0,388,32,97,43,1
expanded,expanded/images/sample_0467.png,Lab Notebook Experiment Records 2026,train,,0,311,32,77,36,1
expanded,expanded/images/sample_0468.png,a^2 + b^2 = c^2,train,,0,144,32,36,15,1
expanded,expanded/images/sample_0469.png,Autonomous Document Digitization System,train,,0,392,32,98,39,1
expanded,expanded/images/sample_0470.png,Connectionist Temporal Classification Loss,test,,0,393,32,98,42,1
expanded,expanded/images/sample_0471.png,Efficient Text Recognition System,valid,,0,342,32,85,33,1
expanded,expanded/images/sample_0472.png,Connectionist Temporal Classification Loss,test,,0,342,32,85,42,1
expanded,expanded/images/sample_0473.png,SimCLR Contrastive Pretraining Framework,train,,0,386,32,96,40,1
expanded,expanded/images/sample_0474.png,Deep Learning Pattern Recognition,train,,0,369,32,92,33,1
expanded,expanded/images/sample_0475.png,Character and Word Error Rate Metrics,train,,0,309,32,77,37,1
expanded,expanded/images/sample_0476.png,x^2 + y^2 = z^2,train,,0,172,32,43,15,1
expanded,expanded/images/sample_0477.png,Computer Vision Image Processing Task,train,,0,321,32,80,37,1
expanded,expanded/images/sample_0478.png,a^2 + b^2 = c^2,train,,0,135,32,33,15,1
expanded,expanded/images/sample_0479.png,Low Resource Domain Adaptation Test,test,,0,372,32,93,35,1
expanded,expanded/images/sample_0480.png,Edge Device Deployment Optimization,train,,0,430,32,107,35,1
expanded,expanded/images/sample_0481.png,Statistical Data Analysis and Findings,train,,0,314,32,78,38,1
expanded,expanded/images/sample_0482.png,Quick Brown Fox Jumps Over Lazy Dog,train,,0,339,32,84,35,1
expanded,expanded/images/sample_0483.png,Computer Vision Image Processing Task,train,,0,370,32,92,37,1
expanded,expanded/images/sample_0484.png,Multi Modal Document Processing Pipeline,train,,0,365,32,91,40,1
expanded,expanded/images/sample_0485.png,sum_{i=1}^n i = n(n+1)/2,train,,1,194,32,48,24,1
expanded,expanded/images/sample_0486.png,Autonomous Document Digitization System,train,,0,381,32,95,39,1
expanded,expanded/images/sample_0487.png,Low Resource Domain Adaptation Test,test,,0,308,32,77,35,1
expanded,expanded/images/sample_0488.png,Deep Neural Nets for Sequence Modeling,train,,0,373,32,93,38,1
expanded,expanded/images/sample_0489.png,sigma(z) = 1 / (1 + e^(-z)),train,,0,181,32,45,27,1
expanded,expanded/images/sample_0490.png,a^2 + b^2 = c^2,train,,0,148,32,37,15,1
expanded,expanded/images/sample_0491.png,Connectionist Temporal Classification Loss,test,,0,392,32,98,42,1
expanded,expanded/images/sample_0492.png,SimCLR Contrastive Pretraining Framework,train,,0,412,32,103,40,1
expanded,expanded/images/sample_0493.png,Supervised Fine Tuning on Labeled Data,valid,,0,361,32,90,38,1
expanded,expanded/images/sample_0494.png,alpha_t = exp(e_t) / sum exp(e_j),train,,0,318,32,79,33,1
expanded,expanded/images/sample_0495.png,Automated Form Processing and Digitization,valid,,0,380,32,95,42,1
expanded,expanded/images/sample_0496.png,Automated Form Processing and Digitization,valid,,0,308,32,77,42,1
expanded,expanded/images/sample_0497.png,Automated Form Processing and Digitization,valid,,0,387,32,96,42,1
expanded,expanded/images/sample_0498.png,det(A - lambda * I) = 0,train,,0,172,32,43,23,1
expanded,expanded/images/sample_0499.png,Lab Notebook Experiment Records 2026,train,,0,364,32,91,36,1
expanded,expanded/images/sample_0500.png,SimCLR Contrastive Pretraining Framework,train,,0,336,32,84,40,1
expanded,expanded/images/sample_0501.png,Supervised Fine Tuning on Labeled Data,valid,,0,347,32,86,38,1
expanded,expanded/images/sample_0502.png,Character Error Rate and Word Error Rate,train,,0,368,32,92,40,1
expanded,expanded/images/sample_0503.png,x^2 + y^2 = z^2,train,,0,132,32,33,15,1
expanded,expanded/images/sample_0504.png,Convolutional Neural Network Architecture,train,,0,382,32,95,41,1
expanded,expanded/images/sample_0505.png,Feature Map Extraction ResNet Backbone,valid,,0,317,32,79,38,1
expanded,expanded/images/sample_0506.png,sqrt{x^2 + y^2} <= |x| + |y|,test,,0,243,32,60,28,1
expanded,expanded/images/sample_0507.png,a^2 + b^2 = c^2,train,,0,200,32,50,15,1
expanded,expanded/images/sample_0508.png,e^(i * pi) + 1 = 0,train,,0,147,32,36,18,1
expanded,expanded/images/sample_0509.png,Department of Information Science Archives,train,,0,311,32,77,42,1
expanded,expanded/images/sample_0510.png,Quick Brown Fox Jumps Over Lazy Dog,train,,0,367,32,91,35,1
expanded,expanded/images/sample_0511.png,Connectionist Temporal Classification Loss,test,,0,376,32,94,42,1
expanded,expanded/images/sample_0512.png,Ancient Text Restoration and OCR,test,,0,313,32,78,32,1
expanded,expanded/images/sample_0513.png,Deep Learning Pattern Recognition,train,,0,273,32,68,33,1
expanded,expanded/images/sample_0514.png,Ancient Text Restoration and OCR,test,,0,322,32,80,32,1
expanded,expanded/images/sample_0515.png,Deep Neural Nets for Sequence Modeling,train,,0,340,32,85,38,1
expanded,expanded/images/sample_0516.png,alpha_t = exp(e_t) / sum exp(e_j),train,,0,316,32,79,33,1
expanded,expanded/images/sample_0517.png,Edge Device Deployment Optimization,train,,0,340,32,85,35,1
expanded,expanded/images/sample_0518.png,Historical Document Machine Translation,train,,0,399,32,99,39,1
expanded,expanded/images/sample_0519.png,Bidirectional Long Short Term Memory,train,,0,283,32,70,36,1
expanded,expanded/images/sample_0520.png,Self Supervised Representation Learning,test,,0,487,32,121,39,1
expanded,expanded/images/sample_0521.png,Gradient Descent Backpropagation Optimizer,train,,0,417,32,104,42,1
expanded,expanded/images/sample_0522.png,Lab Notebook Experiment Records 2026,train,,0,309,32,77,36,1
expanded,expanded/images/sample_0523.png,Edge Device Deployment Optimization,train,,0,296,32,74,35,1
expanded,expanded/images/sample_0524.png,Bahdanau Sequence Attention Mechanism,train,,0,434,32,108,37,1
expanded,expanded/images/sample_0525.png,Information Science and Engineering,train,,0,334,32,83,35,1
expanded,expanded/images/sample_0526.png,Information Science and Engineering,train,,0,305,32,76,35,1
expanded,expanded/images/sample_0527.png,Automated Form Processing and Digitization,valid,,0,407,32,101,42,1
expanded,expanded/images/sample_0528.png,Handwritten Note Extraction Sample,valid,,0,302,32,75,34,1
expanded,expanded/images/sample_0529.png,Lab Notebook Experiment Records 2026,train,,0,418,32,104,36,1
expanded,expanded/images/sample_0530.png,f(x) = int_0^inf e^(-x^2) dx,test,,0,231,32,57,28,1
expanded,expanded/images/sample_0531.png,Multi Modal Document Processing Pipeline,train,,0,389,32,97,40,1
expanded,expanded/images/sample_0532.png,Statistical Data Analysis and Findings,train,,0,331,32,82,38,1
expanded,expanded/images/sample_0533.png,Bahdanau Sequence Attention Mechanism,train,,0,332,32,83,37,1
expanded,expanded/images/sample_0534.png,Convolutional Neural Network Architecture,train,,0,378,32,94,41,1
expanded,expanded/images/sample_0535.png,SimCLR Contrastive Pretraining Framework,train,,0,464,32,116,40,1
expanded,expanded/images/sample_0536.png,Connectionist Temporal Classification Loss,test,,0,408,32,102,42,1
expanded,expanded/images/sample_0537.png,E = m * c ^ 2,valid,,0,141,32,35,13,1
expanded,expanded/images/sample_0538.png,SimCLR Contrastive Pretraining Framework,train,,0,352,32,88,40,1
expanded,expanded/images/sample_0539.png,d/dx (e^x) = e^x,train,,0,146,32,36,16,1
expanded,expanded/images/sample_0540.png,Data Augmentation and Noise Invariance,train,,0,313,32,78,38,1
expanded,expanded/images/sample_0541.png,Supervised Fine Tuning on Labeled Data,valid,,0,330,32,82,38,1
expanded,expanded/images/sample_0542.png,NMAMIT Nitte Campus Research Project,train,,0,339,32,84,36,1
expanded,expanded/images/sample_0543.png,P(A|B) = P(B|A)P(A) / P(B),train,,0,217,32,54,26,1
expanded,expanded/images/sample_0544.png,Research Meeting Notes on Transformer Models,valid,,0,373,32,93,44,1
expanded,expanded/images/sample_0545.png,alpha_t = exp(e_t) / sum exp(e_j),train,,0,312,32,78,33,1
expanded,expanded/images/sample_0546.png,Low Latency Edge Device Deployment,valid,,0,316,32,79,34,1
expanded,expanded/images/sample_0547.png,Lab Notebook Experiment Records 2026,train,,0,296,32,74,36,1
expanded,expanded/images/sample_0548.png,Computer Vision Image Processing Task,train,,0,399,32,99,37,1
expanded,expanded/images/sample_0549.png,Supervised Fine Tuning on Labeled Data,valid,,0,360,32,90,38,1
expanded,expanded/images/sample_0550.png,Character Error Rate and Word Error Rate,train,,0,424,32,106,40,1
expanded,expanded/images/sample_0551.png,nabla x B = mu_0 * (J + epsilon_0 * dE/dt),train,,0,388,32,97,42,1
expanded,expanded/images/sample_0552.png,lim_{x->0} (sin x / x) = 1,train,,1,192,32,48,26,1
expanded,expanded/images/sample_0553.png,Quick Brown Fox Jumps Over Lazy Dog,train,,0,424,32,106,35,1
expanded,expanded/images/sample_0554.png,Ancient Text Restoration and OCR,test,,0,325,32,81,32,1
expanded,expanded/images/sample_0555.png,alpha_t = exp(e_t) / sum exp(e_j),train,,0,310,32,77,33,1
expanded,expanded/images/sample_0556.png,NMAMIT Nitte Campus Research Project,train,,0,352,32,88,36,1
expanded,expanded/images/sample_0557.png,Lab Notebook Experiment Records 2026,train,,0,324,32,81,36,1
expanded,expanded/images/sample_0558.png,Quick Brown Fox Jumps Over Lazy Dog,train,,0,391,32,97,35,1
expanded,expanded/images/sample_0559.png,Connectionist Temporal Classification Loss,test,,0,412,32,103,42,1
expanded,expanded/images/sample_0560.png,x^2 + y^2 = z^2,train,,0,126,32,31,15,1
expanded,expanded/images/sample_0561.png,Information Science and Engineering,train,,0,371,32,92,35,1
expanded,expanded/images/sample_0562.png,Feature Map Extraction ResNet Backbone,valid,,0,371,32,92,38,1
expanded,expanded/images/sample_0563.png,Bahdanau Sequence Attention Mechanism,train,,0,304,32,76,37,1
expanded,expanded/images/sample_0564.png,Connectionist Temporal Classification Loss,test,,0,450,32,112,42,1
expanded,expanded/images/sample_0565.png,Computer Vision Image Processing Task,train,,0,397,32,99,37,1
expanded,expanded/images/sample_0566.png,Autonomous Document Digitization System,train,,0,279,32,69,39,1
expanded,expanded/images/sample_0567.png,Resolution Degradation and Ink Bleed Repair,train,,0,310,32,77,43,1
expanded,expanded/images/sample_0568.png,Century Old Heritage Print Preservation,train,,0,336,32,84,39,1
expanded,expanded/images/sample_0569.png,Optical Character Recognition Engine,test,,0,338,32,84,36,1
expanded,expanded/images/sample_0570.png,frac{d}{dx} [sin(x)] = cos(x),train,,0,275,32,68,29,1
expanded,expanded/images/sample_0571.png,sqrt{x^2 + y^2} <= |x| + |y|,test,,0,254,32,63,28,1
expanded,expanded/images/sample_0572.png,Historical Document Machine Translation,train,,0,399,32,99,39,1
expanded,expanded/images/sample_0573.png,f(x) = int_0^inf e^(-x^2) dx,test,,0,217,32,54,28,1
expanded,expanded/images/sample_0574.png,E = m * c ^ 2,valid,,0,139,32,34,13,1
expanded,expanded/images/sample_0575.png,Autonomous Document Digitization System,train,,0,410,32,102,39,1
expanded,expanded/images/sample_0576.png,Automated Form Processing and Digitization,valid,,0,385,32,96,42,1
expanded,expanded/images/sample_0577.png,e^(i * pi) + 1 = 0,train,,0,146,32,36,18,1
expanded,expanded/images/sample_0578.png,Supervised Fine Tuning on Labeled Data,valid,,0,385,32,96,38,1
expanded,expanded/images/sample_0579.png,e^(i * pi) + 1 = 0,train,,0,149,32,37,18,1
expanded,expanded/images/sample_0580.png,Curved Text Line Sequence Recognition,train,,0,275,32,68,37,1
expanded,expanded/images/sample_0581.png,lim_{x->0} (sin x / x) = 1,train,,1,204,32,51,26,1
expanded,expanded/images/sample_0582.png,Deep Learning Pattern Recognition,train,,0,305,32,76,33,1
expanded,expanded/images/sample_0583.png,Character and Word Error Rate Metrics,train,,0,439,32,109,37,1
expanded,expanded/images/sample_0584.png,sigma(z) = 1 / (1 + e^(-z)),train,,0,203,32,50,27,1
expanded,expanded/images/sample_0585.png,x^2 + y^2 = z^2,train,,0,161,32,40,15,1
expanded,expanded/images/sample_0586.png,Optical Character Recognition Engine,test,,0,266,32,66,36,1
expanded,expanded/images/sample_0587.png,Archival Manuscript Digitization Project,train,,0,308,32,77,40,1
expanded,expanded/images/sample_0588.png,Connectionist Temporal Classification Loss,test,,0,359,32,89,42,1
expanded,expanded/images/sample_0589.png,E = m * c ^ 2,valid,,0,130,32,32,13,1
expanded,expanded/images/sample_0590.png,Efficient Text Recognition System,valid,,0,307,32,76,33,1
expanded,expanded/images/sample_0591.png,Computer Vision Image Processing Task,train,,0,346,32,86,37,1
expanded,expanded/images/sample_0592.png,Resolution Degradation and Ink Bleed Repair,train,,0,357,32,89,43,1
expanded,expanded/images/sample_0593.png,Edge Device Deployment Optimization,train,,0,303,32,75,35,1
expanded,expanded/images/sample_0594.png,Natural Language Processing Word Embeddings,train,,0,400,32,100,43,1
expanded,expanded/images/sample_0595.png,Automated Form Processing and Digitization,valid,,0,358,32,89,42,1
expanded,expanded/images/sample_0596.png,Efficient Text Recognition System,valid,,0,304,32,76,33,1
expanded,expanded/images/sample_0597.png,NMAMIT Nitte Campus Research Project,train,,0,301,32,75,36,1
expanded,expanded/images/sample_0598.png,Low Resource Domain Adaptation Test,test,,0,327,32,81,35,1
expanded,expanded/images/sample_0599.png,lim_{x->0} (sin x / x) = 1,train,,1,190,32,47,26,1
kaggle_dataset,kaggle_dataset/handwritten/VALIDATION_0014.jpg,TIFFANY,train,,0,284,72,31,7,1
kaggle_dataset,kaggle_dataset/handwritten/VALIDATION_0015.jpg,ELEEN,train,,0,388,29,107,5,1
kaggle_dataset,kaggle_dataset/handwritten/VALIDATION_0028.jpg,DABIN,train,,0,324,44,58,5,1
kaggle_dataset,kaggle_dataset/handwritten/VALIDATION_0045.jpg,DUTARR ICR,train,,0,324,44,58,10,1
kaggle_dataset,kaggle_dataset/handwritten/VALIDATION_0090.jpg,LUCIE,valid,,0,324,44,58,5,1
kaggle_dataset,kaggle_dataset/handwritten/VALIDATION_0099.jpg,BERNARD,train,,0,284,31,73,7,1
kaggle_dataset,kaggle_dataset/handwritten/VALIDATION_0155.jpg,CASSIOPEE,valid,,0,284,31,73,9,1
kaggle_dataset,kaggle_dataset/handwritten/VALIDATION_0179.jpg,GUENOLE,train,,0,284,50,45,7,1
kaggle_dataset,kaggle_dataset/handwritten/VALIDATION_0185.jpg,GAMBIER,train,,0,388,36,86,7,1
kaggle_dataset,kaggle_dataset/handwritten/VALIDATION_0187.jpg,CYRIL,train,,0,284,65,34,5,1
kaggle_dataset,kaggle_dataset/handwritten/VALIDATION_0205.jpg,METSCHIES,train,,0,284,31,73,9,1
kaggle_dataset,kaggle_dataset/handwritten/VALIDATION_0206.jpg,FRASILE,train,,0,284,31,73,7,1
kaggle_dataset,kaggle_dataset/handwritten/VALIDATION_0241.jpg,MAHESWARAN,train,,0,388,14,221,10,1
kaggle_dataset,kaggle_dataset/handwritten/VALIDATION_0283.jpg,HATHILDE,test,,0,284,67,33,8,1
kaggle_dataset,kaggle_dataset/handwritten/VALIDATION_0400.jpg,ANAELLE,train,,0,324,44,58,7,1
kaggle_dataset,kaggle_dataset/handwritten/VALIDATION_0408.jpg,DO VALE,train,,0,284,31,73,7,1
kaggle_dataset,kaggle_dataset/handwritten/VALIDATION_0417.jpg,BASTWOLUK,train,,0,284,50,45,9,1
kaggle_dataset,kaggle_dataset/handwritten/VALIDATION_0479.jpg,AIBRIL,train,,0,388,19,163,6,1
kaggle_dataset,kaggle_dataset/handwritten/VALIDATION_0534.jpg,MAELLE,train,,0,324,44,58,6,1
kaggle_dataset,kaggle_dataset/handwritten/VALIDATION_0625.jpg,BRAYELLE,train,,0,284,50,45,8,1
kaggle_dataset,kaggle_dataset/handwritten/VALIDATION_0730.jpg,ROMAN,train,,0,284,31,73,5,1
kaggle_dataset,kaggle_dataset/handwritten/VALIDATION_0737.jpg,HUYNH,train,,0,388,36,86,5,1
kaggle_dataset,kaggle_dataset/handwritten/VALIDATION_0753.jpg,JULIE,train,,0,284,31,73,5,1
kaggle_dataset,kaggle_dataset/handwritten/VALIDATION_0807.jpg,SERRES,train,,0,324,44,58,6,1
kaggle_dataset,kaggle_dataset/handwritten/VALIDATION_0852.jpg,SERENY,valid,,0,284,67,33,6,1
kaggle_dataset,kaggle_dataset/handwritten/VALIDATION_0898.jpg,TENAILLEAN,train,,0,324,44,58,10,1
kaggle_dataset,kaggle_dataset/handwritten/VALIDATION_0918.jpg,VAMVAKIDI,valid,,0,388,36,86,9,1
kaggle_dataset,kaggle_dataset/handwritten/VALIDATION_0932.jpg,NESERY,valid,,0,388,36,86,6,1
kaggle_dataset,kaggle_dataset/handwritten/VALIDATION_0946.jpg,KEVIN,train,,0,388,27,114,5,1
kaggle_dataset,kaggle_dataset/handwritten/VALIDATION_0952.jpg,ELENA,valid,,0,324,44,58,5,1
kaggle_dataset,kaggle_dataset/handwritten/VALIDATION_10029.jpg,ORANE,train,,0,324,44,58,5,1
kaggle_dataset,kaggle_dataset/handwritten/VALIDATION_10087.jpg,ROMAIN,train,,0,388,23,134,6,1
kaggle_dataset,kaggle_dataset/handwritten/VALIDATION_10136.jpg,NORMAND,train,,0,324,44,58,7,1
kaggle_dataset,kaggle_dataset/handwritten/VALIDATION_10191.jpg,MOREAU,test,,0,324,44,58,6,1
kaggle_dataset,kaggle_dataset/handwritten/VALIDATION_10194.jpg,EMELIE,train,,0,388,22,141,6,1
kaggle_dataset,kaggle_dataset/handwritten/VALIDATION_10229.jpg,BRICOURT,train,,0,284,50,45,8,1
kaggle_dataset,kaggle_dataset/handwritten/VALIDATION_10311.jpg,DARDEL,valid,,0,324,44,58,6,1
kaggle_dataset,kaggle_dataset/handwritten/VALIDATION_10471.jpg,TOURNAYRE,train,,0,388,36,86,9,1
kaggle_dataset,kaggle_dataset/handwritten/VALIDATION_10498.jpg,CARLA,train,,0,324,44,58,5,1
kaggle_dataset,kaggle_dataset/handwritten/VALIDATION_10509.jpg,AMANDINE,train,,0,388,28,110,8,1
kaggle_dataset,kaggle_dataset/handwritten/VALIDATION_10516.jpg,DUPILLE,train,,0,388,36,86,7,1
kaggle_dataset,kaggle_dataset/handwritten/VALIDATION_10548.jpg,CLERC,valid,,0,284,31,73,5,1
kaggle_dataset,kaggle_dataset/handwritten/VALIDATION_10550.jpg,ERIC,test,,0,284,65,34,4,1
kaggle_dataset,kaggle_dataset/handwritten/VALIDATION_10635.jpg,COURILLEAU,train,,0,388,36,86,10,1
kaggle_dataset,kaggle_dataset/handwritten/VALIDATION_10672.jpg,CHAUMAT,train,,0,324,44,58,7,1
kaggle_dataset,kaggle_dataset/handwritten/VALIDATION_10702.jpg,CHLOE,valid,,0,284,31,73,5,1
kaggle_dataset,kaggle_dataset/handwritten/VALIDATION_10726.jpg,INES,train,,0,324,44,58,4,1
kaggle_dataset,kaggle_dataset/handwritten/VALIDATION_10733.jpg,BLONDEAU,test,,0,324,44,58,8,1
kaggle_dataset,kaggle_dataset/handwritten/VALIDATION_10771.jpg,FANNY,train,,0,284,65,34,5,1
kaggle_dataset,kaggle_dataset/handwritten/VALIDATION_10777.jpg,VARNIER,train,,0,284,50,45,7,1
kaggle_dataset,kaggle_dataset/handwritten/VALIDATION_10842.jpg,CHARLOTTE,train,,0,388,25,124,9,1
kaggle_dataset,kaggle_dataset/handwritten/VALIDATION_1090.jpg,MARY,train,,0,324,44,58,4,1
kaggle_dataset,kaggle_dataset/handwritten/VALIDATION_10916.jpg,ALICE,train,,0,284,68,33,5,1
kaggle_dataset,kaggle_dataset/handwritten/VALIDATION_1092.jpg,IFANA,train,,0,284,31,73,5,1
kaggle_dataset,kaggle_dataset/handwritten/VALIDATION_11008.jpg,EMMANUEL,train,,0,284,69,32,8,1
kaggle_dataset,kaggle_dataset/handwritten/VALIDATION_11012.jpg,ARRIAT,train,,0,324,44,58,6,1
kaggle_dataset,kaggle_dataset/handwritten/VALIDATION_11035.jpg,AXEZ,train,,0,324,44,58,4,1
kaggle_dataset,kaggle_dataset/handwritten/VALIDATION_11068.jpg,ANNE,train,,0,324,44,58,4,1
kaggle_dataset,kaggle_dataset/handwritten/VALIDATION_11087.jpg,SEVIN,train,,0,388,36,86,5,1
kaggle_dataset,kaggle_dataset/handwritten/VALIDATION_11122.jpg,GAZON,train,,0,324,44,58,5,1
kaggle_dataset,kaggle_dataset/handwritten/VALIDATION_11127.jpg,LEVY,train,,0,284,50,45,4,1
kaggle_dataset,kaggle_dataset/handwritten/VALIDATION_11143.jpg,DUBAR,train,,0,388,36,86,5,1
kaggle_dataset,kaggle_dataset/handwritten/VALIDATION_11150.jpg,RABIA,train,,0,324,44,58,5,1
kaggle_dataset,kaggle_dataset/handwritten/VALIDATION_11169.jpg,AGUESSY,valid,,0,284,31,73,7,1
kaggle_dataset,kaggle_dataset/handwritten/VALIDATION_1120.jpg,SOFIEN,train,,0,284,31,73,6,1
kaggle_dataset,kaggle_dataset/handwritten/VALIDATION_11221.jpg,GARIELLE,test,,0,388,28,110,8,1
kaggle_dataset,kaggle_dataset/handwritten/VALIDATION_11242.jpg,TAOUET,train,,0,388,36,86,6,1
kaggle_dataset,kaggle_dataset/handwritten/VALIDATION_11289.jpg,CECILE,test,,0,284,69,32,6,1
kaggle_dataset,kaggle_dataset/handwritten/VALIDATION_11327.jpg,ARRIGONI,train,,0,324,44,58,8,1
kaggle_dataset,kaggle_dataset/handwritten/VALIDATION_11368.jpg,COLINE,train,,0,284,71,32,6,1
kaggle_dataset,kaggle_dataset/handwritten/VALIDATION_11417.jpg,PEDANOU,train,,0,388,36,86,7,1
kaggle_dataset,kaggle_dataset/handwritten/VALIDATION_11496.jpg,THADDEE,test,,0,324,44,58,7,1
kaggle_dataset,kaggle_dataset/handwritten/VALIDATION_11546.jpg,SORAYA,test,,0,284,69,32,6,1
kaggle_dataset,kaggle_dataset/handwritten/VALIDATION_11557.jpg,WALTER,train,,0,388,36,86,6,1
kaggle_dataset,kaggle_dataset/handwritten/VALIDATION_11639.jpg,FLORIANE,train,,0,284,31,73,8,1
kaggle_dataset,kaggle_dataset/handwritten/VALIDATION_1176.jpg,ADRPEN,train,,0,284,68,33,6,1
kaggle_dataset,kaggle_dataset/handwritten/VALIDATION_11787.jpg,JEREMY,train,,0,284,31,73,6,1
kaggle_dataset,kaggle_dataset/handwritten/VALIDATION_11791.jpg,MARIYA,test,,0,324,44,58,6,1
kaggle_dataset,kaggle_dataset/handwritten/VALIDATION_11818.jpg,MUZARTD,train,,0,324,44,58,7,1
kaggle_dataset,kaggle_dataset/handwritten/VALIDATION_11820.jpg,VASQUEZ,test,,0,284,50,45,7,1
kaggle_dataset,kaggle_dataset/handwritten/VALIDATION_11844.jpg,JULIEN,train,,0,284,66,34,6,1
kaggle_dataset,kaggle_dataset/handwritten/VALIDATION_11876.jpg,MAEVA,train,,0,388,28,110,5,1
kaggle_dataset,kaggle_dataset/handwritten/VALIDATION_11885.jpg,PIRON,train,,0,388,36,86,5,1
kaggle_dataset,kaggle_dataset/handwritten/VALIDATION_11894.jpg,NOEMIE,train,,0,388,24,129,6,1
kaggle_dataset,kaggle_dataset/handwritten/VALIDATION_12019.jpg,HAGRIH,train,,0,284,31,73,6,1
kaggle_dataset,kaggle_dataset/handwritten/VALIDATION_12024.jpg,ZIVKOVIC,valid,,0,324,44,58,8,1
kaggle_dataset,kaggle_dataset/handwritten/VALIDATION_12115.jpg,EVESQUE,valid,,0,388,36,86,7,1
kaggle_dataset,kaggle_dataset/handwritten/VALIDATION_12122.jpg,MAUD,train,,0,284,61,37,4,1
kaggle_dataset,kaggle_dataset/handwritten/VALIDATION_12165.jpg,CAILHOL,train,,0,388,36,86,7,1
kaggle_dataset,kaggle_dataset/handwritten/VALIDATION_12170.jpg,BRAYELLE,train,,0,284,31,73,8,1
kaggle_dataset,kaggle_dataset/handwritten/VALIDATION_12184.jpg,SOLENE,train,,0,324,44,58,6,1
kaggle_dataset,kaggle_dataset/handwritten/VALIDATION_12190.jpg,INES,train,,0,324,44,58,4,1
kaggle_dataset,kaggle_dataset/handwritten/VALIDATION_12211.jpg,QUELLEN,train,,0,388,36,86,7,1
kaggle_dataset,kaggle_dataset/handwritten/VALIDATION_12235.jpg,BENNOIT,train,,0,324,44,58,7,1
kaggle_dataset,kaggle_dataset/handwritten/VALIDATION_12314.jpg,CESARIO,train,,0,284,31,73,7,1
kaggle_dataset,kaggle_dataset/handwritten/VALIDATION_12395.jpg,THOMAS,valid,,0,388,36,86,6,1
kaggle_dataset,kaggle_dataset/handwritten/VALIDATION_12460.jpg,PAULUS,test,,0,284,50,45,6,1
kaggle_dataset,kaggle_dataset/handwritten/VALIDATION_12462.jpg,PRIN ROCHIER,train,,0,324,44,58,12,1
kaggle_dataset,kaggle_dataset/handwritten/VALIDATION_12502.jpg,HENNI,valid,,0,324,44,58,5,1
kaggle_dataset,kaggle_dataset/handwritten/VALIDATION_12557.jpg,QUENTIN,train,,0,284,71,32,7,1
kaggle_dataset,kaggle_dataset/handwritten/VALIDATION_12573.jpg,EL FEDDAOVI,test,,0,284,31,73,11,1
kaggle_dataset,kaggle_dataset/handwritten/VALIDATION_12575.jpg,ALAN,train,,0,284,69,32,4,1
kaggle_dataset,kaggle_dataset/handwritten/VALIDATION_12576.jpg,ALLAN,train,,0,388,34,91,5,1
kaggle_dataset,kaggle_dataset/handwritten/VALIDATION_12592.jpg,DAGUERRE,train,,0,388,36,86,8,1
kaggle_dataset,kaggle_dataset/handwritten/VALIDATION_12619.jpg,AUDUSSEAU,train,,0,324,44,58,9,1
kaggle_dataset,kaggle_dataset/handwritten/VALIDATION_12646.jpg,ANTOINE-EDOUARD,test,,0,388,36,86,15,1
kaggle_dataset,kaggle_dataset/handwritten/VALIDATION_12669.jpg,PATOIS,valid,,0,324,44,58,6,1
kaggle_dataset,kaggle_dataset/handwritten/VALIDATION_12706.jpg,ALEXIAN,train,,0,284,66,34,7,1
kaggle_dataset,kaggle_dataset/handwritten/VALIDATION_12731.jpg,MAHTOUT,train,,0,284,31,73,7,1
kaggle_dataset,kaggle_dataset/handwritten/VALIDATION_12768.jpg,ALEXANDRE,valid,,0,388,26,119,9,1
kaggle_dataset,kaggle_dataset/handwritten/VALIDATION_12776.jpg,BENHIDA,train,,0,388,36,86,7,1
kaggle_dataset,kaggle_dataset/handwritten/VALIDATION_12786.jpg,MEIGNAN,train,,0,388,36,86,7,1
kaggle_dataset,kaggle_dataset/handwritten/VALIDATION_12797.jpg,BROISSAND,train,,0,324,44,58,9,1
kaggle_dataset,kaggle_dataset/handwritten/VALIDATION_12809.jpg,SANTENAC,train,,0,284,46,49,8,1
kaggle_dataset,kaggle_dataset/handwritten/VALIDATION_12824.jpg,SILYA,train,,0,388,32,97,5,1
kaggle_dataset,kaggle_dataset/handwritten/VALIDATION_12833.jpg,THEO,train,,0,324,44,58,4,1
kaggle_dataset,kaggle_dataset/handwritten/VALIDATION_12845.jpg,NATHAN,train,,0,324,44,58,6,1
kaggle_dataset,kaggle_dataset/handwritten/VALIDATION_12878.jpg,MAYA,valid,,0,324,44,58,4,1
kaggle_dataset,kaggle_dataset/handwritten/VALIDATION_12933.jpg,VIC,train,,0,324,44,58,3,1
kaggle_dataset,kaggle_dataset/handwritten/VALIDATION_12968.jpg,AZZOPARDI,train,,0,324,44,58,9,1
kaggle_dataset,kaggle_dataset/handwritten/VALIDATION_12986.jpg,SARIA,train,,0,284,31,73,5,1
kaggle_dataset,kaggle_dataset/handwritten/VALIDATION_13022.jpg,KAYANA,train,,0,284,31,73,6,1
kaggle_dataset,kaggle_dataset/handwritten/VALIDATION_13118.jpg,ARISTIDE,train,,0,388,25,124,8,1
kaggle_dataset,kaggle_dataset/handwritten/VALIDATION_13138.jpg,ROSA SALGADO,train,,0,388,36,86,12,1
kaggle_dataset,kaggle_dataset/handwritten/VALIDATION_13154.jpg,ROUGET,train,,0,284,50,45,6,1
kaggle_dataset,kaggle_dataset/handwritten/VALIDATION_13203.jpg,PAREAU,train,,0,388,36,86,6,1
kaggle_dataset,kaggle_dataset/handwritten/VALIDATION_13248.jpg,VAILLANT,test,,0,388,36,86,8,1
kaggle_dataset,kaggle_dataset/handwritten/VALIDATION_13286.jpg,GOACHET,train,,0,388,36,86,7,1
kaggle_dataset,kaggle_dataset/handwritten/VALIDATION_13375.jpg,MALO,train,,0,388,22,141,4,1
kaggle_dataset,kaggle_dataset/handwritten/VALIDATION_13403.jpg,EMMA,train,,0,388,22,141,4,1
kaggle_dataset,kaggle_dataset/handwritten/VALIDATION_13442.jpg,CHOLE,train,,0,284,65,34,5,1
kaggle_dataset,kaggle_dataset/handwritten/VALIDATION_13471.jpg,EMY,train,,0,284,66,34,3,1
kaggle_dataset,kaggle_dataset/handwritten/VALIDATION_13483.jpg,GAY,train,,0,324,44,58,3,1
kaggle_dataset,kaggle_dataset/handwritten/VALIDATION_13501.jpg,SERANO,train,,0,284,31,73,6,1
kaggle_dataset,kaggle_dataset/handwritten/VALIDATION_13507.jpg,COLLET,train,,0,388,36,86,6,1
kaggle_dataset,kaggle_dataset/handwritten/VALIDATION_13510.jpg,HONA,train,,0,284,31,73,4,1
kaggle_dataset,kaggle_dataset/handwritten/VALIDATION_13534.jpg,HELION,train,,0,388,30,103,6,1
kaggle_dataset,kaggle_dataset/handwritten/VALIDATION_1361.jpg,PUGIN,train,,0,284,31,73,5,1
kaggle_dataset,kaggle_dataset/handwritten/VALIDATION_13665.jpg,COLINE,train,,0,284,66,34,6,1
kaggle_dataset,kaggle_dataset/handwritten/VALIDATION_13688.jpg,CAPUCINE,train,,0,284,67,33,8,1
kaggle_dataset,kaggle_dataset/handwritten/VALIDATION_13689.jpg,CAMILLE,train,,0,324,44,58,7,1
kaggle_dataset,kaggle_dataset/handwritten/VALIDATION_13699.jpg,JEZEQUEL,train,,0,284,31,73,8,1
kaggle_dataset,kaggle_dataset/handwritten/VALIDATION_13757.jpg,MARGOT,test,,0,388,33,94,6,1
kaggle_dataset,kaggle_dataset/handwritten/VALIDATION_13771.jpg,REINA,valid,,0,284,31,73,5,1
kaggle_dataset,kaggle_dataset/handwritten/VALIDATION_13774.jpg,LEDUC,test,,0,284,50,45,5,1
kaggle_dataset,kaggle_dataset/handwritten/VALIDATION_13850.jpg,LILIAN,train,,0,324,44,58,6,1
kaggle_dataset,kaggle_dataset/handwritten/VALIDATION_13863.jpg,HEZEZ,train,,0,388,36,86,5,1
kaggle_dataset,kaggle_dataset/handwritten/VALIDATION_13880.jpg,DECHMAUF,train,,0,388,36,86,8,1
kaggle_dataset,kaggle_dataset/handwritten/VALIDATION_13909.jpg,LANA,test,,0,324,44,58,4,1
kaggle_dataset,kaggle_dataset/handwritten/VALIDATION_13915.jpg,LENA,train,,0,284,67,33,4,1
kaggle_dataset,kaggle_dataset/handwritten/VALIDATION_13919.jpg,ILONA,valid,,0,284,31,73,5,1
kaggle_dataset,kaggle_dataset/handwritten/VALIDATION_13923.jpg,CLARA,train,,0,388,29,107,5,1
kaggle_dataset,kaggle_dataset/handwritten/VALIDATION_13936.jpg,LEROUGE,train,,0,284,31,73,7,1
kaggle_dataset,kaggle_dataset/handwritten/VALIDATION_13967.jpg,DUMORTIER,test,,0,284,50,45,9,1
kaggle_dataset,kaggle_dataset/handwritten/VALIDATION_14018.jpg,ANTOINE,test,,0,388,36,86,7,1
kaggle_dataset,kaggle_dataset/handwritten/VALIDATION_14023.jpg,SAXI,valid,,0,388,31,100,4,1
kaggle_dataset,kaggle_dataset/handwritten/VALIDATION_14041.jpg,SERNAVANDENBERGH,valid,,0,284,31,73,16,1
kaggle_dataset,kaggle_dataset/handwritten/VALIDATION_14056.jpg,FRANCESCA,train,,0,284,31,73,9,1
kaggle_dataset,kaggle_dataset/handwritten/VALIDATION_14153.jpg,GIGANT,train,,0,324,44,58,6,1
kaggle_dataset,kaggle_dataset/handwritten/VALIDATION_14234.jpg,COPPA,train,,0,388,36,86,5,1
kaggle_dataset,kaggle_dataset/handwritten/VALIDATION_14263.jpg,JASON,train,,0,284,64,35,5,1
kaggle_dataset,kaggle_dataset/handwritten/VALIDATION_1428.jpg,RONDEAU,train,,0,284,50,45,7,1
kaggle_dataset,kaggle_dataset/handwritten/VALIDATION_14294.jpg,TANGUY,train,,0,388,27,114,6,1
kaggle_dataset,kaggle_dataset/handwritten/VALIDATION_14348.jpg,GIBAND,train,,0,284,50,45,6,1
kaggle_dataset,kaggle_dataset/handwritten/VALIDATION_14389.jpg,ELISE,train,,0,388,28,110,5,1
kaggle_dataset,kaggle_dataset/handwritten/VALIDATION_14425.jpg,EMPTY,train,,0,284,72,31,5,1
kaggle_dataset,kaggle_dataset/handwritten/VALIDATION_14433.jpg,PRUYOST,valid,,0,284,50,45,7,1
kaggle_dataset,kaggle_dataset/handwritten/VALIDATION_14457.jpg,ARISTIDE,train,,0,324,44,58,8,1
kaggle_dataset,kaggle_dataset/handwritten/VALIDATION_14509.jpg,MANON,train,,0,324,44,58,5,1
kaggle_dataset,kaggle_dataset/handwritten/VALIDATION_14553.jpg,ROXANE,train,,0,388,21,147,6,1
kaggle_dataset,kaggle_dataset/handwritten/VALIDATION_14595.jpg,PLANEL,test,,0,388,36,86,6,1
kaggle_dataset,kaggle_dataset/handwritten/VALIDATION_1460.jpg,ROBIN,train,,0,324,44,58,5,1
kaggle_dataset,kaggle_dataset/handwritten/VALIDATION_14641.jpg,LECUL,train,,0,284,50,45,5,1
kaggle_dataset,kaggle_dataset/handwritten/VALIDATION_14712.jpg,GADDOUR,valid,,0,388,36,86,7,1
kaggle_dataset,kaggle_dataset/handwritten/VALIDATION_14731.jpg,MEHDI,train,,0,388,22,141,5,1
kaggle_dataset,kaggle_dataset/handwritten/VALIDATION_14762.jpg,ADAFALY,train,,0,324,44,58,7,1
kaggle_dataset,kaggle_dataset/handwritten/VALIDATION_1478.jpg,LHADARI,train,,0,388,36,86,7,1
kaggle_dataset,kaggle_dataset/handwritten/VALIDATION_14796.jpg,VEZIA,train,,0,388,36,86,5,1
kaggle_dataset,kaggle_dataset/handwritten/VALIDATION_1484.jpg,MAELYS,train,,0,284,31,73,6,1
kaggle_dataset,kaggle_dataset/handwritten/VALIDATION_14874.jpg,GARANCE,train,,0,388,28,110,7,1
kaggle_dataset,kaggle_dataset/handwritten/VALIDATION_14957.jpg,IZAURA,valid,,0,388,27,114,6,1
kaggle_dataset,kaggle_dataset/handwritten/VALIDATION_1502.jpg,GARNIER,valid,,0,284,50,45,7,1
kaggle_dataset,kaggle_dataset/handwritten/VALIDATION_15051.jpg,GRAYEKYPROU,train,,0,284,31,73,11,1
kaggle_dataset,kaggle_dataset/handwritten/VALIDATION_15165.jpg,MALO,train,,0,388,19,163,4,1
kaggle_dataset,kaggle_dataset/handwritten/VALIDATION_15168.jpg,CAZIER,train,,0,388,36,86,6,1
kaggle_dataset,kaggle_dataset/handwritten/VALIDATION_15173.jpg,MELANIE,train,,0,284,70,32,7,1
kaggle_dataset,kaggle_dataset/handwritten/VALIDATION_15187.jpg,GUTIERREZ,train,,0,324,44,58,9,1
kaggle_dataset,kaggle_dataset/handwritten/VALIDATION_15188.jpg,DENIS,train,,0,388,36,86,5,1
kaggle_dataset,kaggle_dataset/handwritten/VALIDATION_15249.jpg,CTORZA,train,,0,324,44,58,6,1
kaggle_dataset,kaggle_dataset/handwritten/VALIDATION_15322.jpg,BRAMOULLE,train,,0,324,44,58,9,1
kaggle_dataset,kaggle_dataset/handwritten/VALIDATION_15348.jpg,ANTOINE,test,,0,324,44,58,7,1
kaggle_dataset,kaggle_dataset/handwritten/VALIDATION_15361.jpg,RICHERT,train,,0,388,36,86,7,1
kaggle_dataset,kaggle_dataset/handwritten/VALIDATION_15366.jpg,CHLOE,valid,,0,284,31,73,5,1
kaggle_dataset,kaggle_dataset/handwritten/VALIDATION_1545.jpg,RAPHAEL,valid,,0,284,65,34,7,1
kaggle_dataset,kaggle_dataset/handwritten/VALIDATION_1550.jpg,BERARU,test,,0,284,31,73,6,1
kaggle_dataset,kaggle_dataset/handwritten/VALIDATION_15507.jpg,LEFEBVRE,train,,0,284,46,49,8,1
kaggle_dataset,kaggle_dataset/handwritten/VALIDATION_15605.jpg,CHIRON,valid,,0,324,44,58,6,1
kaggle_dataset,kaggle_dataset/handwritten/VALIDATION_15675.jpg,ROCHOIS,test,,0,324,44,58,7,1
kaggle_dataset,kaggle_dataset/handwritten/VALIDATION_1569.jpg,PIERRE,train,,0,284,67,33,6,1
kaggle_dataset,kaggle_dataset/handwritten/VALIDATION_15758.jpg,LEO,train,,0,388,22,141,3,1
kaggle_dataset,kaggle_dataset/handwritten/VALIDATION_15829.jpg,MATTHIEU,train,,0,324,44,58,8,1
kaggle_dataset,kaggle_dataset/handwritten/VALIDATION_15845.jpg,VALENTIN,test,,0,388,26,119,8,1
kaggle_dataset,kaggle_dataset/handwritten/VALIDATION_15900.jpg,PERRIN,test,,0,324,44,58,6,1
kaggle_dataset,kaggle_dataset/handwritten/VALIDATION_15930.jpg,COHEN,test,,0,284,31,73,5,1
kaggle_dataset,kaggle_dataset/handwritten/VALIDATION_1598.jpg,ROCHE,train,,0,284,50,45,5,1
kaggle_dataset,kaggle_dataset/handwritten/VALIDATION_16021.jpg,JANIN,train,,0,284,57,39,5,1
kaggle_dataset,kaggle_dataset/handwritten/VALIDATION_16081.jpg,ASSOUA,train,,0,284,64,35,6,1
kaggle_dataset,kaggle_dataset/handwritten/VALIDATION_16123.jpg,ASTIER,valid,,0,388,36,86,6,1
kaggle_dataset,kaggle_dataset/handwritten/VALIDATION_16211.jpg,HAMM,train,,0,388,36,86,4,1
kaggle_dataset,kaggle_dataset/handwritten/VALIDATION_16272.jpg,LE QUERE,train,,0,284,31,73,8,1
kaggle_dataset,kaggle_dataset/handwritten/VALIDATION_16275.jpg,EHRAKA,test,,0,284,31,73,6,1
kaggle_dataset,kaggle_dataset/handwritten/VALIDATION_16367.jpg,VIRASSANY,train,,0,388,36,86,9,1
kaggle_dataset,kaggle_dataset/handwritten/VALIDATION_16379.jpg,BENOIT,valid,,0,324,44,58,6,1
kaggle_dataset,kaggle_dataset/handwritten/VALIDATION_16393.jpg,RENAUDIN,train,,0,388,36,86,8,1
kaggle_dataset,kaggle_dataset/handwritten/VALIDATION_16414.jpg,JOSEPHINE,train,,0,284,31,73,9,1
kaggle_dataset,kaggle_dataset/handwritten/VALIDATION_16440.jpg,ELABEUR,valid,,0,324,44,58,7,1
kaggle_dataset,kaggle_dataset/handwritten/VALIDATION_16456.jpg,MARIE-AMANDINE,train,,0,284,67,33,14,1
kaggle_dataset,kaggle_dataset/handwritten/VALIDATION_16458.jpg,ALBANET,test,,0,324,44,58,7,1
kaggle_dataset,kaggle_dataset/handwritten/VALIDATION_16463.jpg,FERID,train,,0,324,44,58,5,1
kaggle_dataset,kaggle_dataset/handwritten/VALIDATION_16474.jpg,DARELLE-DIXONNE,valid,,0,284,31,73,15,1
kaggle_dataset,kaggle_dataset/handwritten/VALIDATION_16558.jpg,VAN LIEFDE,test,,0,284,50,45,10,1
kaggle_dataset,kaggle_dataset/handwritten/VALIDATION_16646.jpg,CHERQAOUI,train,,0,324,44,58,9,1
kaggle_dataset,kaggle_dataset/handwritten/VALIDATION_16664.jpg,TOM,valid,,0,324,44,58,3,1
kaggle_dataset,kaggle_dataset/handwritten/VALIDATION_16667.jpg,MOUEIN,train,,0,388,36,86,6,1
kaggle_dataset,kaggle_dataset/handwritten/VALIDATION_16710.jpg,AUBLANC,train,,0,388,36,86,7,1
kaggle_dataset,kaggle_dataset/handwritten/VALIDATION_16716.jpg,GRANGE,test,,0,284,31,73,6,1
kaggle_dataset,kaggle_dataset/handwritten/VALIDATION_16718.jpg,MARINE,train,,0,284,31,73,6,1
kaggle_dataset,kaggle_dataset/handwritten/VALIDATION_16741.jpg,PAPIK,train,,0,388,36,86,5,1
kaggle_dataset,kaggle_dataset/handwritten/VALIDATION_16855.jpg,CORALPE,train,,0,284,31,73,7,1
kaggle_dataset,kaggle_dataset/handwritten/VALIDATION_16890.jpg,JEANNE,valid,,0,324,44,58,6,1
kaggle_dataset,kaggle_dataset/handwritten/VALIDATION_16949.jpg,CARLA,train,,0,284,31,73,5,1
kaggle_dataset,kaggle_dataset/handwritten/VALIDATION_16990.jpg,MARION,train,,0,388,35,88,6,1
kaggle_dataset,kaggle_dataset/handwritten/VALIDATION_17077.jpg,LOVEIRY,train,,0,324,44,58,7,1
kaggle_dataset,kaggle_dataset/handwritten/VALIDATION_17107.jpg,LOIC,train,,0,388,30,103,4,1
kaggle_dataset,kaggle_dataset/handwritten/VALIDATION_17113.jpg,PONCIN,train,,0,388,36,86,6,1
kaggle_dataset,kaggle_dataset/handwritten/VALIDATION_17197.jpg,POINTLANE,valid,,0,284,50,45,9,1
kaggle_dataset,kaggle_dataset/handwritten/VALIDATION_17234.jpg,THEO,train,,0,388,24,129,4,1
kaggle_dataset,kaggle_dataset/handwritten/VALIDATION_17270.jpg,VICTOIRE,train,,0,324,44,58,8,1
kaggle_dataset,kaggle_dataset/handwritten/VALIDATION_17359.jpg,ZAHRA,valid,,0,284,31,73,5,1
kaggle_dataset,kaggle_dataset/handwritten/VALIDATION_1736.jpg,BERNET,train,,0,388,36,86,6,1
kaggle_dataset,kaggle_dataset/handwritten/VALIDATION_17363.jpg,MOISSONNIER,train,,0,284,31,73,11,1
kaggle_dataset,kaggle_dataset/handwritten/VALIDATION_17508.jpg,CAMILLE,train,,0,388,21,147,7,1
kaggle_dataset,kaggle_dataset/handwritten/VALIDATION_17520.jpg,RAPHAEL,valid,,0,324,44,58,7,1
kaggle_dataset,kaggle_dataset/handwritten/VALIDATION_17613.jpg,HASSAN,train,,0,284,50,45,6,1
kaggle_dataset,kaggle_dataset/handwritten/VALIDATION_17640.jpg,ELYAGODBI,test,,0,388,36,86,9,1
kaggle_dataset,kaggle_dataset/handwritten/VALIDATION_17660.jpg,SYLIA,train,,0,388,30,103,5,1
kaggle_dataset,kaggle_dataset/handwritten/VALIDATION_17717.jpg,MARECHAL,train,,0,324,44,58,8,1
kaggle_dataset,kaggle_dataset/handwritten/VALIDATION_1776.jpg,MATTIO,test,,0,388,23,134,6,1
kaggle_dataset,kaggle_dataset/handwritten/VALIDATION_17834.jpg,CEPIA,valid,,0,388,24,129,5,1
kaggle_dataset,kaggle_dataset/handwritten/VALIDATION_17972.jpg,REPILLEZ,train,,0,324,44,58,8,1
kaggle_dataset,kaggle_dataset/handwritten/VALIDATION_18024.jpg,MOHAMED,train,,0,388,23,134,7,1
kaggle_dataset,kaggle_dataset/handwritten/VALIDATION_18029.jpg,FERRIER,valid,,0,284,50,45,7,1
kaggle_dataset,kaggle_dataset/handwritten/VALIDATION_18076.jpg,JEAN,valid,,0,284,31,73,4,1
kaggle_dataset,kaggle_dataset/handwritten/VALIDATION_18164.jpg,LHERMITE,valid,,0,284,50,45,8,1
kaggle_dataset,kaggle_dataset/handwritten/VALIDATION_18216.jpg,DARIEN,train,,0,284,31,73,6,1
kaggle_dataset,kaggle_dataset/handwritten/VALIDATION_18269.jpg,ZOE,train,,0,324,44,58,3,1
kaggle_dataset,kaggle_dataset/handwritten/VALIDATION_18299.jpg,GIORGIO,train,,0,388,36,86,7,1
kaggle_dataset,kaggle_dataset/handwritten/VALIDATION_18416.jpg,SERSAR,train,,0,388,32,97,6,1
kaggle_dataset,kaggle_dataset/handwritten/VALIDATION_18420.jpg,MATHEO,train,,0,324,44,58,6,1
kaggle_dataset,kaggle_dataset/handwritten/VALIDATION_18511.jpg,DOUCEY,train,,0,284,31,73,6,1
kaggle_dataset,kaggle_dataset/handwritten/VALIDATION_18522.jpg,MARIE,train,,0,388,24,129,5,1
kaggle_dataset,kaggle_dataset/handwritten/VALIDATION_18557.jpg,KALAN,train,,0,324,44,58,5,1
kaggle_dataset,kaggle_dataset/handwritten/VALIDATION_18563.jpg,AXEL,train,,0,324,44,58,4,1
kaggle_dataset,kaggle_dataset/handwritten/VALIDATION_18617.jpg,WINS,train,,0,388,36,86,4,1
kaggle_dataset,kaggle_dataset/handwritten/VALIDATION_18639.jpg,PARAF,train,,0,284,31,73,5,1
kaggle_dataset,kaggle_dataset/handwritten/VALIDATION_18659.jpg,CORALINE,test,,0,284,64,35,8,1
kaggle_dataset,kaggle_dataset/handwritten/VALIDATION_18681.jpg,MARIE,train,,0,324,44,58,5,1
kaggle_dataset,kaggle_dataset/handwritten/VALIDATION_18718.jpg,FLORESTINE,valid,,0,284,31,73,10,1
kaggle_dataset,kaggle_dataset/handwritten/VALIDATION_18753.jpg,KILLIAN,train,,0,324,44,58,7,1
kaggle_dataset,kaggle_dataset/handwritten/VALIDATION_18779.jpg,RIFFLARD,train,,0,324,44,58,8,1
kaggle_dataset,kaggle_dataset/handwritten/VALIDATION_18826.jpg,MACIA,test,,0,388,36,86,5,1
kaggle_dataset,kaggle_dataset/handwritten/VALIDATION_18831.jpg,ENZO,train,,0,284,31,73,4,1
kaggle_dataset,kaggle_dataset/handwritten/VALIDATION_18849.jpg,SAMUEL,train,,0,388,30,103,6,1
kaggle_dataset,kaggle_dataset/handwritten/VALIDATION_18868.jpg,MARTIN,train,,0,284,31,73,6,1
kaggle_dataset,kaggle_dataset/handwritten/VALIDATION_18908.jpg,ROMAIN,train,,0,388,24,129,6,1
kaggle_dataset,kaggle_dataset/handwritten/VALIDATION_18910.jpg,CLAVEYROLAS,train,,0,284,46,49,11,1
kaggle_dataset,kaggle_dataset/handwritten/VALIDATION_18914.jpg,LOUISE,test,,0,324,44,58,6,1
kaggle_dataset,kaggle_dataset/handwritten/VALIDATION_18919.jpg,GARCIA,train,,0,388,36,86,6,1
kaggle_dataset,kaggle_dataset/handwritten/VALIDATION_18975.jpg,ADAM,train,,0,388,28,110,4,1
kaggle_dataset,kaggle_dataset/handwritten/VALIDATION_19010.jpg,TOMLINSON,train,,0,324,44,58,9,1
kaggle_dataset,kaggle_dataset/handwritten/VALIDATION_19059.jpg,MAHAMADOU,test,,0,388,28,110,9,1
kaggle_dataset,kaggle_dataset/handwritten/VALIDATION_19070.jpg,PENAS,train,,0,388,36,86,5,1
kaggle_dataset,kaggle_dataset/handwritten/VALIDATION_19114.jpg,EMPTY,train,,0,324,44,58,5,1
kaggle_dataset,kaggle_dataset/handwritten/VALIDATION_1912.jpg,BLANC,test,,0,388,36,86,5,1
kaggle_dataset,kaggle_dataset/handwritten/VALIDATION_19163.jpg,GISNE,test,,0,284,31,73,5,1
kaggle_dataset,kaggle_dataset/handwritten/VALIDATION_19328.jpg,BONO,train,,0,388,18,172,4,1
kaggle_dataset,kaggle_dataset/handwritten/VALIDATION_19366.jpg,POUSSARD,train,,0,324,44,58,8,1
kaggle_dataset,kaggle_dataset/handwritten/VALIDATION_19394.jpg,ROUSSEAU,train,,0,388,36,86,8,1
kaggle_dataset,kaggle_dataset/handwritten/VALIDATION_19403.jpg,SEBASTIEN,train,,0,324,44,58,9,1
kaggle_dataset,kaggle_dataset/handwritten/VALIDATION_19407.jpg,VALLEE--LIPPI,valid,,0,284,31,73,13,1
kaggle_dataset,kaggle_dataset/handwritten/VALIDATION_19414.jpg,MONIN,valid,,0,284,31,73,5,1
kaggle_dataset,kaggle_dataset/handwritten/VALIDATION_19450.jpg,BEAUGIER,train,,0,284,31,73,8,1
kaggle_dataset,kaggle_dataset/handwritten/VALIDATION_1946.jpg,FRANCOIS,train,,0,324,44,58,8,1
kaggle_dataset,kaggle_dataset/handwritten/VALIDATION_19515.jpg,VARIN,train,,0,284,50,45,5,1
kaggle_dataset,kaggle_dataset/handwritten/VALIDATION_19519.jpg,CEYRAT,valid,,0,388,36,86,6,1
kaggle_dataset,kaggle_dataset/handwritten/VALIDATION_19568.jpg,AMELAINE,train,,0,284,50,45,8,1
kaggle_dataset,kaggle_dataset/handwritten/VALIDATION_19582.jpg,SAFFAR,train,,0,284,31,73,6,1
kaggle_dataset,kaggle_dataset/handwritten/VALIDATION_19725.jpg,DUMAS,train,,0,324,44,58,5,1
kaggle_dataset,kaggle_dataset/handwritten/VALIDATION_19728.jpg,ADENOT,test,,0,388,36,86,6,1
kaggle_dataset,kaggle_dataset/handwritten/VALIDATION_19760.jpg,DARCEL,test,,0,284,46,49,6,1
kaggle_dataset,kaggle_dataset/handwritten/VALIDATION_19765.jpg,LE GOUMIFF,valid,,0,388,36,86,10,1
kaggle_dataset,kaggle_dataset/handwritten/VALIDATION_1981.jpg,GUILLAUME,train,,0,284,31,73,9,1
kaggle_dataset,kaggle_dataset/handwritten/VALIDATION_19815.jpg,MARITCH-ROY,train,,0,284,50,45,11,1
kaggle_dataset,kaggle_dataset/handwritten/VALIDATION_19843.jpg,AYSSAN,train,,0,284,31,73,6,1
kaggle_dataset,kaggle_dataset/handwritten/VALIDATION_19903.jpg,PORTE,valid,,0,284,31,73,5,1
kaggle_dataset,kaggle_dataset/handwritten/VALIDATION_19935.jpg,HARDY,valid,,0,324,44,58,5,1
kaggle_dataset,kaggle_dataset/handwritten/VALIDATION_19965.jpg,EDOUARD,train,,0,324,44,58,7,1
kaggle_dataset,kaggle_dataset/handwritten/VALIDATION_20078.jpg,HAVOUNGOU,test,,0,388,36,86,9,1
kaggle_dataset,kaggle_dataset/handwritten/VALIDATION_2008.jpg,JABBOUR,test,,0,388,36,86,7,1
kaggle_dataset,kaggle_dataset/handwritten/VALIDATION_20103.jpg,LACRABERE,valid,,0,324,44,58,9,1
kaggle_dataset,kaggle_dataset/handwritten/VALIDATION_20105.jpg,NOE,train,,0,324,44,58,3,1
kaggle_dataset,kaggle_dataset/handwritten/VALIDATION_20114.jpg,LUCIE,valid,,0,284,31,73,5,1
kaggle_dataset,kaggle_dataset/handwritten/VALIDATION_20116.jpg,MATON,train,,0,284,31,73,5,1
kaggle_dataset,kaggle_dataset/handwritten/VALIDATION_20164.jpg,GUERIN,train,,0,388,36,86,6,1
kaggle_dataset,kaggle_dataset/handwritten/VALIDATION_20194.jpg,SALEVIEILLES,train,,0,284,31,73,12,1
kaggle_dataset,kaggle_dataset/handwritten/VALIDATION_20214.jpg,DE TARADE,train,,0,284,31,73,9,1
kaggle_dataset,kaggle_dataset/handwritten/VALIDATION_20224.jpg,VASSAUX,valid,,0,388,36,86,7,1
kaggle_dataset,kaggle_dataset/handwritten/VALIDATION_20248.jpg,ANAMARIA,train,,0,388,21,147,8,1
kaggle_dataset,kaggle_dataset/handwritten/VALIDATION_2032.jpg,MANTEUFFEL,train,,0,284,50,45,10,1
kaggle_dataset,kaggle_dataset/handwritten/VALIDATION_20340.jpg,GUFFLET,train,,0,388,36,86,7,1
kaggle_dataset,kaggle_dataset/handwritten/VALIDATION_20354.jpg,ABYGAEL,train,,0,284,31,73,7,1
kaggle_dataset,kaggle_dataset/handwritten/VALIDATION_20372.jpg,INES,train,,0,324,44,58,4,1
kaggle_dataset,kaggle_dataset/handwritten/VALIDATION_20378.jpg,KYLIAN,train,,0,284,31,73,6,1
kaggle_dataset,kaggle_dataset/handwritten/VALIDATION_20383.jpg,LEA,train,,0,388,25,124,3,1
kaggle_dataset,kaggle_dataset/handwritten/VALIDATION_20394.jpg,HERVE,train,,0,388,36,86,5,1
kaggle_dataset,kaggle_dataset/handwritten/VALIDATION_20409.jpg,MASSON,train,,0,284,31,73,6,1
kaggle_dataset,kaggle_dataset/handwritten/VALIDATION_2044.jpg,BESSON,train,,0,284,31,73,6,1
kaggle_dataset,kaggle_dataset/handwritten/VALIDATION_20471.jpg,JACQUEMIN,train,,0,284,50,45,9,1
kaggle_dataset,kaggle_dataset/handwritten/VALIDATION_20487.jpg,MATTHIAS,train,,0,284,31,73,8,1
kaggle_dataset,kaggle_dataset/handwritten/VALIDATION_20563.jpg,BOUZEGGOU,train,,0,284,31,73,9,1
kaggle_dataset,kaggle_dataset/handwritten/VALIDATION_20603.jpg,PAUL,train,,0,284,31,73,4,1
kaggle_dataset,kaggle_dataset/handwritten/VALIDATION_2061.jpg,COLLART,train,,0,388,36,86,7,1
kaggle_dataset,kaggle_dataset/handwritten/VALIDATION_20645.jpg,COURTIN,train,,0,388,36,86,7,1
kaggle_dataset,kaggle_dataset/handwritten/VALIDATION_20665.jpg,LOE,valid,,0,284,31,73,3,1
kaggle_dataset,kaggle_dataset/handwritten/VALIDATION_20686.jpg,DESPRES,train,,0,388,36,86,7,1
kaggle_dataset,kaggle_dataset/handwritten/VALIDATION_20699.jpg,DUROIS,train,,0,388,36,86,6,1
kaggle_dataset,kaggle_dataset/handwritten/VALIDATION_20702.jpg,PAUL,train,,0,284,68,33,4,1
kaggle_dataset,kaggle_dataset/handwritten/VALIDATION_20722.jpg,BELARBI,train,,0,284,46,49,7,1
kaggle_dataset,kaggle_dataset/handwritten/VALIDATION_20727.jpg,KHALIFA,train,,0,284,31,73,7,1
kaggle_dataset,kaggle_dataset/handwritten/VALIDATION_20738.jpg,CLEMENT,train,,0,284,31,73,7,1
kaggle_dataset,kaggle_dataset/handwritten/VALIDATION_20742.jpg,BOUTARY,train,,0,324,44,58,7,1
kaggle_dataset,kaggle_dataset/handwritten/VALIDATION_20805.jpg,SAIDA,train,,0,284,67,33,5,1
kaggle_dataset,kaggle_dataset/handwritten/VALIDATION_20822.jpg,DHEROUVILLE,train,,0,324,44,58,11,1
kaggle_dataset,kaggle_dataset/handwritten/VALIDATION_20863.jpg,FONTAINE,valid,,0,388,36,86,8,1
kaggle_dataset,kaggle_dataset/handwritten/VALIDATION_20896.jpg,LA GROUYER,train,,0,324,44,58,10,1
kaggle_dataset,kaggle_dataset/handwritten/VALIDATION_20915.jpg,CAMILLE,train,,0,388,31,100,7,1
kaggle_dataset,kaggle_dataset/handwritten/VALIDATION_20970.jpg,PHILBERT,test,,0,388,36,86,8,1
kaggle_dataset,kaggle_dataset/handwritten/VALIDATION_21091.jpg,JULY,train,,0,388,27,114,4,1
kaggle_dataset,kaggle_dataset/handwritten/VALIDATION_21116.jpg,TITOUAN,test,,0,388,29,107,7,1
kaggle_dataset,kaggle_dataset/handwritten/VALIDATION_21123.jpg,YOUSSOUF,valid,,0,284,31,73,8,1
kaggle_dataset,kaggle_dataset/handwritten/VALIDATION_21166.jpg,BOUAMRANE,train,,0,388,36,86,9,1
kaggle_dataset,kaggle_dataset/handwritten/VALIDATION_21182.jpg,WILLIAM,train,,0,388,27,114,7,1
kaggle_dataset,kaggle_dataset/handwritten/VALIDATION_2121.jpg,AXEL,train,,0,388,36,86,4,1
kaggle_dataset,kaggle_dataset/handwritten/VALIDATION_21261.jpg,MADISSON,train,,0,324,44,58,8,1
kaggle_dataset,kaggle_dataset/handwritten/VALIDATION_21293.jpg,MALHERBE,train,,0,284,31,73,8,1
kaggle_dataset,kaggle_dataset/handwritten/VALIDATION_21329.jpg,NOLAN,train,,0,284,31,73,5,1
kaggle_dataset,kaggle_dataset/handwritten/VALIDATION_2136.jpg,MOESSARD,train,,0,284,50,45,8,1
kaggle_dataset,kaggle_dataset/handwritten/VALIDATION_21374.jpg,LORANT RAZE,train,,0,284,50,45,11,1
kaggle_dataset,kaggle_dataset/handwritten/VALIDATION_21382.jpg,LEGUEN,train,,0,284,50,45,6,1
kaggle_dataset,kaggle_dataset/handwritten/VALIDATION_21393.jpg,DIANE,train,,0,324,44,58,5,1
kaggle_dataset,kaggle_dataset/handwritten/VALIDATION_21416.jpg,TAMARA,test,,0,284,66,34,6,1
kaggle_dataset,kaggle_dataset/handwritten/VALIDATION_21436.jpg,NESPOUX,valid,,0,388,36,86,7,1
kaggle_dataset,kaggle_dataset/handwritten/VALIDATION_21474.jpg,ANTHMAU,train,,0,284,31,73,7,1
kaggle_dataset,kaggle_dataset/handwritten/VALIDATION_21489.jpg,GUEGUEN,valid,,0,284,50,45,7,1
kaggle_dataset,kaggle_dataset/handwritten/VALIDATION_21513.jpg,NATHAN,train,,0,284,65,34,6,1
kaggle_dataset,kaggle_dataset/handwritten/VALIDATION_21550.jpg,NOELIE,train,,0,324,44,58,6,1
kaggle_dataset,kaggle_dataset/handwritten/VALIDATION_21625.jpg,CABANNES,test,,0,324,44,58,8,1
kaggle_dataset,kaggle_dataset/handwritten/VALIDATION_21635.jpg,CLEMENCEAU,train,,0,324,44,58,10,1
kaggle_dataset,kaggle_dataset/handwritten/VALIDATION_21669.jpg,ZHENG,test,,0,388,36,86,5,1
kaggle_dataset,kaggle_dataset/handwritten/VALIDATION_21691.jpg,POUPART,train,,0,388,36,86,7,1
kaggle_dataset,kaggle_dataset/handwritten/VALIDATION_21692.jpg,BOUKHARI,train,,0,388,36,86,8,1
kaggle_dataset,kaggle_dataset/handwritten/VALIDATION_21740.jpg,DUTRIEUX,valid,,0,284,50,45,8,1
kaggle_dataset,kaggle_dataset/handwritten/VALIDATION_21745.jpg,BUOT,train,,0,284,50,45,4,1
kaggle_dataset,kaggle_dataset/handwritten/VALIDATION_21781.jpg,LOUISE,test,,0,284,31,73,6,1
kaggle_dataset,kaggle_dataset/handwritten/VALIDATION_21852.jpg,MESSAOUDI,train,,0,388,36,86,9,1
kaggle_dataset,kaggle_dataset/handwritten/VALIDATION_21886.jpg,ENZO,train,,0,284,31,73,4,1
kaggle_dataset,kaggle_dataset/handwritten/VALIDATION_2198.jpg,SAMBARDIER,train,,0,388,36,86,10,1
kaggle_dataset,kaggle_dataset/handwritten/VALIDATION_22023.jpg,LAUNE,train,,0,388,36,86,5,1
kaggle_dataset,kaggle_dataset/handwritten/VALIDATION_22195.jpg,MUSUMECI,valid,,0,324,44,58,8,1
kaggle_dataset,kaggle_dataset/handwritten/VALIDATION_22204.jpg,LAURY,train,,0,284,31,73,5,1
kaggle_dataset,kaggle_dataset/handwritten/VALIDATION_2228.jpg,GUENOT,train,,0,324,44,58,6,1
kaggle_dataset,kaggle_dataset/handwritten/VALIDATION_22359.jpg,BOURGER,train,,0,388,36,86,7,1
kaggle_dataset,kaggle_dataset/handwritten/VALIDATION_22361.jpg,ORVEILLON,train,,0,388,36,86,9,1
kaggle_dataset,kaggle_dataset/handwritten/VALIDATION_22446.jpg,ENZO,train,,0,324,44,58,4,1
kaggle_dataset,kaggle_dataset/handwritten/VALIDATION_22586.jpg,JOURDAN,train,,0,284,50,45,7,1
kaggle_dataset,kaggle_dataset/handwritten/VALIDATION_2261.jpg,MARINE,train,,0,284,68,33,6,1
kaggle_dataset,kaggle_dataset/handwritten/VALIDATION_22642.jpg,MATTEO,train,,0,324,44,58,6,1
kaggle_dataset,kaggle_dataset/handwritten/VALIDATION_22714.jpg,MARIEN,train,,0,388,36,86,6,1
kaggle_dataset,kaggle_dataset/handwritten/VALIDATION_22732.jpg,IDIR,test,,0,388,31,100,4,1
kaggle_dataset,kaggle_dataset/handwritten/VALIDATION_22827.jpg,DUCHAMP,valid,,0,284,50,45,7,1
kaggle_dataset,kaggle_dataset/handwritten/VALIDATION_2287.jpg,LUPRICA,valid,,0,324,44,58,7,1
kaggle_dataset,kaggle_dataset/handwritten/VALIDATION_22881.jpg,DUGRILLON,train,,0,284,31,73,9,1
kaggle_dataset,kaggle_dataset/handwritten/VALIDATION_22882.jpg,LOPEZ,test,,0,324,44,58,5,1
kaggle_dataset,kaggle_dataset/handwritten/VALIDATION_22883.jpg,ANAIS,train,,0,284,31,73,5,1
kaggle_dataset,kaggle_dataset/handwritten/VALIDATION_22965.jpg,CANDILLON,train,,0,324,44,58,9,1
kaggle_dataset,kaggle_dataset/handwritten/VALIDATION_2299.jpg,KEMO,train,,0,388,32,97,4,1
kaggle_dataset,kaggle_dataset/handwritten/VALIDATION_23017.jpg,YAEL,train,,0,284,31,73,4,1
kaggle_dataset,kaggle_dataset/handwritten/VALIDATION_23050.jpg,CALVEZ,valid,,0,324,44,58,6,1
kaggle_dataset,kaggle_dataset/handwritten/VALIDATION_23158.jpg,MARIE EHICIE,train,,0,284,31,73,12,1
kaggle_dataset,kaggle_dataset/handwritten/VALIDATION_23165.jpg,SARAH LYNE,test,,0,388,24,129,10,1
kaggle_dataset,kaggle_dataset/handwritten/VALIDATION_2325.jpg,NOEMIE,train,,0,284,68,33,6,1
kaggle_dataset,kaggle_dataset/handwritten/VALIDATION_23270.jpg,TIMAR,train,,0,284,45,50,5,1
kaggle_dataset,kaggle_dataset/handwritten/VALIDATION_2333.jpg,SOPHIE,train,,0,324,44,58,6,1
kaggle_dataset,kaggle_dataset/handwritten/VALIDATION_23360.jpg,GAETANE,train,,0,388,27,114,7,1
kaggle_dataset,kaggle_dataset/handwritten/VALIDATION_23364.jpg,SERRIERE,test,,0,284,50,45,8,1
kaggle_dataset,kaggle_dataset/handwritten/VALIDATION_23372.jpg,STANISLAS,train,,0,324,44,58,9,1
kaggle_dataset,kaggle_dataset/handwritten/VALIDATION_23374.jpg,KEVIN,train,,0,324,44,58,5,1
kaggle_dataset,kaggle_dataset/handwritten/VALIDATION_23425.jpg,LINH,train,,0,284,31,73,4,1
kaggle_dataset,kaggle_dataset/handwritten/VALIDATION_23459.jpg,ROMAIN,train,,0,324,44,58,6,1
kaggle_dataset,kaggle_dataset/handwritten/VALIDATION_23497.jpg,OLIVIER,valid,,0,324,44,58,7,1
kaggle_dataset,kaggle_dataset/handwritten/VALIDATION_23650.jpg,ANGELINE,train,,0,388,30,103,8,1
kaggle_dataset,kaggle_dataset/handwritten/VALIDATION_23664.jpg,GUILLAUME,train,,0,324,44,58,9,1
kaggle_dataset,kaggle_dataset/handwritten/VALIDATION_23671.jpg,ROMARY,train,,0,324,44,58,6,1
kaggle_dataset,kaggle_dataset/handwritten/VALIDATION_23706.jpg,BUIL,train,,0,388,36,86,4,1
kaggle_dataset,kaggle_dataset/handwritten/VALIDATION_23720.jpg,JONATHAN,train,,0,388,30,103,8,1
kaggle_dataset,kaggle_dataset/handwritten/VALIDATION_2376.jpg,ROBINSON,train,,0,324,44,58,8,1
kaggle_dataset,kaggle_dataset/handwritten/VALIDATION_23761.jpg,DIROSI,train,,0,284,31,73,6,1
kaggle_dataset,kaggle_dataset/handwritten/VALIDATION_23767.jpg,DEVIMCK,train,,0,284,43,52,7,1
kaggle_dataset,kaggle_dataset/handwritten/VALIDATION_23788.jpg,HAZY,valid,,0,324,44,58,4,1
kaggle_dataset,kaggle_dataset/handwritten/VALIDATION_23828.jpg,AXELLE,train,,0,388,23,134,6,1
kaggle_dataset,kaggle_dataset/handwritten/VALIDATION_23879.jpg,NOEMIE,train,,0,284,65,34,6,1
kaggle_dataset,kaggle_dataset/handwritten/VALIDATION_23889.jpg,IRATNI,test,,0,284,44,51,6,1
kaggle_dataset,kaggle_dataset/handwritten/VALIDATION_2393.jpg,MAXINE,valid,,0,324,44,58,6,1
kaggle_dataset,kaggle_dataset/handwritten/VALIDATION_24041.jpg,CASSANDRE,train,,0,324,44,58,9,1
kaggle_dataset,kaggle_dataset/handwritten/VALIDATION_24134.jpg,HEDINA,train,,0,388,36,86,6,1
kaggle_dataset,kaggle_dataset/handwritten/VALIDATION_24149.jpg,LANA,test,,0,284,68,33,4,1
kaggle_dataset,kaggle_dataset/handwritten/VALIDATION_24162.jpg,ANAIS,train,,0,284,64,35,5,1
kaggle_dataset,kaggle_dataset/handwritten/VALIDATION_24201.jpg,RAKOTOARIVELO,train,,0,388,36,86,13,1
kaggle_dataset,kaggle_dataset/handwritten/VALIDATION_24223.jpg,AXELLE,train,,0,388,24,129,6,1
kaggle_dataset,kaggle_dataset/handwritten/VALIDATION_24235.jpg,DESFORGES,test,,0,388,36,86,9,1
kaggle_dataset,kaggle_dataset/handwritten/VALIDATION_24270.jpg,MONTROT,train,,0,388,36,86,7,1
kaggle_dataset,kaggle_dataset/handwritten/VALIDATION_24294.jpg,STANISLAS,train,,0,388,28,110,9,1
kaggle_dataset,kaggle_dataset/handwritten/VALIDATION_24297.jpg,EVE,train,,0,324,44,58,3,1
kaggle_dataset,kaggle_dataset/handwritten/VALIDATION_24359.jpg,HARO-SILVENTE,train,,0,284,31,73,13,1
kaggle_dataset,kaggle_dataset/handwritten/VALIDATION_24372.jpg,CALZERGUES,valid,,0,324,44,58,10,1
kaggle_dataset,kaggle_dataset/handwritten/VALIDATION_24450.jpg,CHLOE,valid,,0,388,25,124,5,1
kaggle_dataset,kaggle_dataset/handwritten/VALIDATION_24491.jpg,ABEILLARD,train,,0,388,36,86,9,1
kaggle_dataset,kaggle_dataset/handwritten/VALIDATION_24566.jpg,ADNOT,train,,0,324,44,58,5,1
kaggle_dataset,kaggle_dataset/handwritten/VALIDATION_24585.jpg,DASILVA,train,,0,284,31,73,7,1
kaggle_dataset,kaggle_dataset/handwritten/VALIDATION_24611.jpg,ROBICHON,test,,0,388,36,86,8,1
kaggle_dataset,kaggle_dataset/handwritten/VALIDATION_24633.jpg,EVA,test,,0,284,31,73,3,1
kaggle_dataset,kaggle_dataset/handwritten/VALIDATION_24663.jpg,LEMMENS,train,,0,388,36,86,7,1
kaggle_dataset,kaggle_dataset/handwritten/VALIDATION_24796.jpg,ENZO,train,,0,388,24,129,4,1
kaggle_dataset,kaggle_dataset/handwritten/VALIDATION_24883.jpg,ROBERT,train,,0,388,31,100,6,1
kaggle_dataset,kaggle_dataset/handwritten/VALIDATION_2494.jpg,AMELIA,train,,0,284,67,33,6,1
kaggle_dataset,kaggle_dataset/handwritten/VALIDATION_2495.jpg,LOUANNE,train,,0,324,44,58,7,1
kaggle_dataset,kaggle_dataset/handwritten/VALIDATION_24971.jpg,BIGAULT - DANTART,train,,0,284,31,73,17,1
kaggle_dataset,kaggle_dataset/handwritten/VALIDATION_25001.jpg,MARIE,train,,0,388,29,107,5,1
kaggle_dataset,kaggle_dataset/handwritten/VALIDATION_25019.jpg,ARTHUR,test,,0,284,31,73,6,1
kaggle_dataset,kaggle_dataset/handwritten/VALIDATION_25149.jpg,PORTE,valid,,0,284,31,73,5,1
kaggle_dataset,kaggle_dataset/handwritten/VALIDATION_25155.jpg,ALYSSA,train,,0,284,65,34,6,1
kaggle_dataset,kaggle_dataset/handwritten/VALIDATION_25164.jpg,KLEIN ROYANT,train,,0,284,31,73,12,1
kaggle_dataset,kaggle_dataset/handwritten/VALIDATION_25296.jpg,ROIGNANT,test,,0,284,31,73,8,1
kaggle_dataset,kaggle_dataset/handwritten/VALIDATION_25345.jpg,NICOLAS,train,,0,284,31,73,7,1
kaggle_dataset,kaggle_dataset/handwritten/VALIDATION_25386.jpg,CARINA,train,,0,284,64,35,6,1
kaggle_dataset,kaggle_dataset/handwritten/VALIDATION_25394.jpg,ABDOU MIZE,train,,0,284,50,45,10,1
kaggle_dataset,kaggle_dataset/handwritten/VALIDATION_25424.jpg,MARIEL,train,,0,388,23,134,6,1
kaggle_dataset,kaggle_dataset/handwritten/VALIDATION_25449.jpg,CAMILLE,train,,0,324,44,58,7,1
kaggle_dataset,kaggle_dataset/handwritten/VALIDATION_25478.jpg,CATTET,train,,0,284,31,73,6,1
kaggle_dataset,kaggle_dataset/handwritten/VALIDATION_2549.jpg,MUSCA,train,,0,284,31,73,5,1
kaggle_dataset,kaggle_dataset/handwritten/VALIDATION_25502.jpg,DOLBOIS-AUBRY,train,,0,284,50,45,13,1
kaggle_dataset,kaggle_dataset/handwritten/VALIDATION_25508.jpg,CHIARA,test,,0,388,30,103,6,1
kaggle_dataset,kaggle_dataset/handwritten/VALIDATION_25549.jpg,VATIN,test,,0,324,44,58,5,1
kaggle_dataset,kaggle_dataset/handwritten/VALIDATION_25581.jpg,MATHILDE,valid,,0,388,25,124,8,1
kaggle_dataset,kaggle_dataset/handwritten/VALIDATION_2567.jpg,HERAULT,train,,0,388,36,86,7,1
kaggle_dataset,kaggle_dataset/handwritten/VALIDATION_25679.jpg,NESRINE,train,,0,388,21,147,7,1
kaggle_dataset,kaggle_dataset/handwritten/VALIDATION_25681.jpg,BUREL,train,,0,324,44,58,5,1
kaggle_dataset,kaggle_dataset/handwritten/VALIDATION_25761.jpg,CHANUT,train,,0,284,31,73,6,1
kaggle_dataset,kaggle_dataset/handwritten/VALIDATION_25812.jpg,GARANCE,train,,0,284,31,73,7,1
kaggle_dataset,kaggle_dataset/handwritten/VALIDATION_25921.jpg,CHLOE,valid,,0,324,44,58,5,1
kaggle_dataset,kaggle_dataset/handwritten/VALIDATION_25957.jpg,BOLLAND,train,,0,324,44,58,7,1
kaggle_dataset,kaggle_dataset/handwritten/VALIDATION_25996.jpg,LONGEFAY,test,,0,324,44,58,8,1
kaggle_dataset,kaggle_dataset/handwritten/VALIDATION_26037.jpg,PERRIEU,test,,0,324,44,58,7,1
kaggle_dataset,kaggle_dataset/handwritten/VALIDATION_26120.jpg,EMILIE,train,,0,284,31,73,6,1
kaggle_dataset,kaggle_dataset/handwritten/VALIDATION_26146.jpg,LEA,train,,0,388,24,129,3,1
kaggle_dataset,kaggle_dataset/handwritten/VALIDATION_26151.jpg,DELACOUR,valid,,0,388,36,86,8,1
kaggle_dataset,kaggle_dataset/handwritten/VALIDATION_26154.jpg,BENJAMIN,train,,0,388,26,119,8,1
kaggle_dataset,kaggle_dataset/handwritten/VALIDATION_26194.jpg,BROCHET,valid,,0,284,50,45,7,1
kaggle_dataset,kaggle_dataset/handwritten/VALIDATION_26341.jpg,BOUHIEEIER,train,,0,388,36,86,10,1
kaggle_dataset,kaggle_dataset/handwritten/VALIDATION_26433.jpg,BACHER,train,,0,388,36,86,6,1
kaggle_dataset,kaggle_dataset/handwritten/VALIDATION_26475.jpg,MYRIAM,train,,0,324,44,58,6,1
kaggle_dataset,kaggle_dataset/handwritten/VALIDATION_26485.jpg,THIERRY,valid,,0,284,63,36,7,1
kaggle_dataset,kaggle_dataset/handwritten/VALIDATION_26489.jpg,BASCOP,train,,0,284,31,73,6,1
kaggle_dataset,kaggle_dataset/handwritten/VALIDATION_2650.jpg,PELLETEY,train,,0,284,31,73,8,1
kaggle_dataset,kaggle_dataset/handwritten/VALIDATION_26503.jpg,POLO,train,,0,388,36,86,4,1
kaggle_dataset,kaggle_dataset/handwritten/VALIDATION_26543.jpg,ANDRE,valid,,0,388,36,86,5,1
kaggle_dataset,kaggle_dataset/handwritten/VALIDATION_26581.jpg,FRANCOIS,train,,0,388,36,86,8,1
kaggle_dataset,kaggle_dataset/handwritten/VALIDATION_26585.jpg,SENOUSSI,test,,0,324,44,58,8,1
kaggle_dataset,kaggle_dataset/handwritten/VALIDATION_26616.jpg,ACHOUR,train,,0,388,36,86,6,1
kaggle_dataset,kaggle_dataset/handwritten/VALIDATION_26641.jpg,ANAIS,train,,0,284,31,73,5,1
kaggle_dataset,kaggle_dataset/handwritten/VALIDATION_26654.jpg,LORDELOT,test,,0,284,50,45,8,1
kaggle_dataset,kaggle_dataset/handwritten/VALIDATION_26687.jpg,JEAN,valid,,0,324,44,58,4,1
kaggle_dataset,kaggle_dataset/handwritten/VALIDATION_26706.jpg,LOIAN,valid,,0,324,44,58,5,1
kaggle_dataset,kaggle_dataset/handwritten/VALIDATION_26744.jpg,BAMABA,valid,,0,284,31,73,6,1
kaggle_dataset,kaggle_dataset/handwritten/VALIDATION_26776.jpg,VALENTIN,test,,0,388,21,147,8,1
kaggle_dataset,kaggle_dataset/handwritten/VALIDATION_26881.jpg,CHASSINEUX,train,,0,284,31,73,10,1
kaggle_dataset,kaggle_dataset/handwritten/VALIDATION_26887.jpg,AUDRY,train,,0,324,44,58,5,1
kaggle_dataset,kaggle_dataset/handwritten/VALIDATION_26937.jpg,AMBROISE,train,,0,284,63,36,8,1
kaggle_dataset,kaggle_dataset/handwritten/VALIDATION_26973.jpg,MAINGRET,train,,0,284,50,45,8,1
kaggle_dataset,kaggle_dataset/handwritten/VALIDATION_26989.jpg,MELODIE,train,,0,324,44,58,7,1
kaggle_dataset,kaggle_dataset/handwritten/VALIDATION_27021.jpg,LACOMBE,train,,0,388,36,86,7,1
kaggle_dataset,kaggle_dataset/handwritten/VALIDATION_27028.jpg,CHARLY,train,,0,284,31,73,6,1
kaggle_dataset,kaggle_dataset/handwritten/VALIDATION_27107.jpg,ADRIEN,test,,0,284,31,73,6,1
kaggle_dataset,kaggle_dataset/handwritten/VALIDATION_27160.jpg,MARION,train,,0,284,31,73,6,1
kaggle_dataset,kaggle_dataset/handwritten/VALIDATION_27162.jpg,ARAMENDY,train,,0,284,50,45,8,1
kaggle_dataset,kaggle_dataset/handwritten/VALIDATION_27203.jpg,GROULT,test,,0,324,44,58,6,1
kaggle_dataset,kaggle_dataset/handwritten/VALIDATION_27241.jpg,NAGOU,train,,0,284,31,73,5,1
kaggle_dataset,kaggle_dataset/handwritten/VALIDATION_27249.jpg,CHOUVIER,train,,0,388,36,86,8,1
kaggle_dataset,kaggle_dataset/handwritten/VALIDATION_27279.jpg,THELLIER,train,,0,388,36,86,8,1
kaggle_dataset,kaggle_dataset/handwritten/VALIDATION_27298.jpg,ALWENA,train,,0,388,25,124,6,1
kaggle_dataset,kaggle_dataset/handwritten/VALIDATION_27318.jpg,DEPAEPE,train,,0,324,44,58,7,1
kaggle_dataset,kaggle_dataset/handwritten/VALIDATION_27389.jpg,GAEL,train,,0,284,31,73,4,1
kaggle_dataset,kaggle_dataset/handwritten/VALIDATION_27438.jpg,DUFOUR,train,,0,388,36,86,6,1
kaggle_dataset,kaggle_dataset/handwritten/VALIDATION_27548.jpg,LUIGGI,valid,,0,284,50,45,6,1
kaggle_dataset,kaggle_dataset/handwritten/VALIDATION_27584.jpg,ADRIEN,test,,0,284,66,34,6,1
kaggle_dataset,kaggle_dataset/handwritten/VALIDATION_27641.jpg,MOPEL,train,,0,284,31,73,5,1
kaggle_dataset,kaggle_dataset/handwritten/VALIDATION_27645.jpg,GOMEZ,train,,0,324,44,58,5,1
kaggle_dataset,kaggle_dataset/handwritten/VALIDATION_27726.jpg,LOISELEUX,train,,0,388,36,86,9,1
kaggle_dataset,kaggle_dataset/handwritten/VALIDATION_27755.jpg,CELIA,test,,0,284,68,33,5,1
kaggle_dataset,kaggle_dataset/handwritten/VALIDATION_27955.jpg,DJABRAIL,train,,0,324,44,58,8,1
kaggle_dataset,kaggle_dataset/handwritten/VALIDATION_28002.jpg,ELOUEN,train,,0,388,28,110,6,1
kaggle_dataset,kaggle_dataset/handwritten/VALIDATION_28057.jpg,COLLET,train,,0,388,36,86,6,1
kaggle_dataset,kaggle_dataset/handwritten/VALIDATION_28217.jpg,NOA,train,,0,284,31,73,3,1
kaggle_dataset,kaggle_dataset/handwritten/VALIDATION_28242.jpg,BLOT,valid,,0,284,31,73,4,1
kaggle_dataset,kaggle_dataset/handwritten/VALIDATION_28260.jpg,TARDIEU,train,,0,324,44,58,7,1
kaggle_dataset,kaggle_dataset/handwritten/VALIDATION_28273.jpg,LOVELY,test,,0,388,20,155,6,1
kaggle_dataset,kaggle_dataset/handwritten/VALIDATION_28284.jpg,DAMIEN,valid,,0,388,20,155,6,1
kaggle_dataset,kaggle_dataset/handwritten/VALIDATION_28452.jpg,ALLIAS,valid,,0,284,46,49,6,1
kaggle_dataset,kaggle_dataset/handwritten/VALIDATION_28518.jpg,YAECHE,train,,0,324,44,58,6,1
kaggle_dataset,kaggle_dataset/handwritten/VALIDATION_2852.jpg,DELAN,train,,0,324,44,58,5,1
kaggle_dataset,kaggle_dataset/handwritten/VALIDATION_28532.jpg,CAMILLE,train,,0,324,44,58,7,1
kaggle_dataset,kaggle_dataset/handwritten/VALIDATION_28543.jpg,TRACHEZ,train,,0,388,36,86,7,1
kaggle_dataset,kaggle_dataset/handwritten/VALIDATION_28592.jpg,CORDANI,train,,0,388,36,86,7,1
kaggle_dataset,kaggle_dataset/handwritten/VALIDATION_28609.jpg,MAEVA,train,,0,324,44,58,5,1
kaggle_dataset,kaggle_dataset/handwritten/VALIDATION_28664.jpg,ILYES,train,,0,388,19,163,5,1
kaggle_dataset,kaggle_dataset/handwritten/VALIDATION_28676.jpg,CASTIGNY,train,,0,284,31,73,8,1
kaggle_dataset,kaggle_dataset/handwritten/VALIDATION_2869.jpg,OUPELY-MARIA,test,,0,324,44,58,12,1
kaggle_dataset,kaggle_dataset/handwritten/VALIDATION_28731.jpg,REDOUTE,train,,0,284,31,73,7,1
kaggle_dataset,kaggle_dataset/handwritten/VALIDATION_28769.jpg,GIZEH,train,,0,388,24,129,5,1
kaggle_dataset,kaggle_dataset/handwritten/VALIDATION_28793.jpg,LACHAUD,valid,,0,388,16,194,7,1
kaggle_dataset,kaggle_dataset/handwritten/VALIDATION_28838.jpg,PACCARIN,train,,0,284,31,73,8,1
kaggle_dataset,kaggle_dataset/handwritten/VALIDATION_28842.jpg,ANGELE,train,,0,388,28,110,6,1
kaggle_dataset,kaggle_dataset/handwritten/VALIDATION_28859.jpg,PIERRE,train,,0,284,31,73,6,1
kaggle_dataset,kaggle_dataset/handwritten/VALIDATION_28860.jpg,RODOT,train,,0,324,44,58,5,1
kaggle_dataset,kaggle_dataset/handwritten/VALIDATION_28865.jpg,IMBERT,train,,0,284,31,73,6,1
kaggle_dataset,kaggle_dataset/handwritten/VALIDATION_28872.jpg,FERTTLLET,train,,0,388,36,86,9,1
kaggle_dataset,kaggle_dataset/handwritten/VALIDATION_28892.jpg,PEROCHON,train,,0,388,36,86,8,1
kaggle_dataset,kaggle_dataset/handwritten/VALIDATION_28893.jpg,VICTOR,train,,0,388,23,134,6,1
kaggle_dataset,kaggle_dataset/handwritten/VALIDATION_28903.jpg,DELORY,train,,0,388,36,86,6,1
kaggle_dataset,kaggle_dataset/handwritten/VALIDATION_28972.jpg,PERRINE,valid,,0,388,36,86,7,1
kaggle_dataset,kaggle_dataset/handwritten/VALIDATION_28987.jpg,ADRIAN,test,,0,284,66,34,6,1
kaggle_dataset,kaggle_dataset/handwritten/VALIDATION_28991.jpg,MOREL,train,,0,284,46,49,5,1
kaggle_dataset,kaggle_dataset/handwritten/VALIDATION_29151.jpg,SAMSON,train,,0,284,31,73,6,1
kaggle_dataset,kaggle_dataset/handwritten/VALIDATION_29162.jpg,EMPTY,train,,0,388,36,86,5,1
kaggle_dataset,kaggle_dataset/handwritten/VALIDATION_29204.jpg,KIMMEL,train,,0,324,44,58,6,1
kaggle_dataset,kaggle_dataset/handwritten/VALIDATION_29228.jpg,JIBRIL,test,,0,388,25,124,6,1
kaggle_dataset,kaggle_dataset/handwritten/VALIDATION_29257.jpg,MARCHANDET,train,,0,388,36,86,10,1
kaggle_dataset,kaggle_dataset/handwritten/VALIDATION_29277.jpg,ANDREI,test,,0,284,31,73,6,1
kaggle_dataset,kaggle_dataset/handwritten/VALIDATION_29314.jpg,LALSINGUE,train,,0,388,36,86,9,1
kaggle_dataset,kaggle_dataset/handwritten/VALIDATION_29322.jpg,AMALIA,test,,0,284,31,73,6,1
kaggle_dataset,kaggle_dataset/handwritten/VALIDATION_2933.jpg,PERRET,train,,0,324,44,58,6,1
kaggle_dataset,kaggle_dataset/handwritten/VALIDATION_29357.jpg,FAURE,train,,0,284,50,45,5,1
kaggle_dataset,kaggle_dataset/handwritten/VALIDATION_29360.jpg,ILAN,train,,0,284,31,73,4,1
kaggle_dataset,kaggle_dataset/handwritten/VALIDATION_29382.jpg,EMHA,valid,,0,284,69,32,4,1
kaggle_dataset,kaggle_dataset/handwritten/VALIDATION_29415.jpg,VINCENT,train,,0,388,28,110,7,1
kaggle_dataset,kaggle_dataset/handwritten/VALIDATION_29555.jpg,MARIE,train,,0,324,44,58,5,1
kaggle_dataset,kaggle_dataset/handwritten/VALIDATION_29578.jpg,GERAULT,train,,0,388,36,86,7,1
kaggle_dataset,kaggle_dataset/handwritten/VALIDATION_2962.jpg,BOURREAU,test,,0,388,36,86,8,1
kaggle_dataset,kaggle_dataset/handwritten/VALIDATION_29623.jpg,AMRRF,test,,0,388,20,155,5,1
kaggle_dataset,kaggle_dataset/handwritten/VALIDATION_29636.jpg,CLAIRE,test,,0,284,31,73,6,1
kaggle_dataset,kaggle_dataset/handwritten/VALIDATION_29678.jpg,BERENGUE,train,,0,324,44,58,8,1
kaggle_dataset,kaggle_dataset/handwritten/VALIDATION_29710.jpg,MATHIS,train,,0,324,44,58,6,1
kaggle_dataset,kaggle_dataset/handwritten/VALIDATION_2977.jpg,ROLO,test,,0,284,42,54,4,1
kaggle_dataset,kaggle_dataset/handwritten/VALIDATION_29815.jpg,CLARA,train,,0,388,27,114,5,1
kaggle_dataset,kaggle_dataset/handwritten/VALIDATION_29818.jpg,AXEL,train,,0,284,67,33,4,1
kaggle_dataset,kaggle_dataset/handwritten/VALIDATION_29874.jpg,DECOENE,train,,0,388,36,86,7,1
kaggle_dataset,kaggle_dataset/handwritten/VALIDATION_29932.jpg,BONNAUD,train,,0,388,36,86,7,1
kaggle_dataset,kaggle_dataset/handwritten/VALIDATION_30004.jpg,DELLAMONICA,valid,,0,284,31,73,11,1
kaggle_dataset,kaggle_dataset/handwritten/VALIDATION_30065.jpg,ROBIN,train,,0,284,68,33,5,1
kaggle_dataset,kaggle_dataset/handwritten/VALIDATION_30137.jpg,FARCY,train,,0,324,44,58,5,1
kaggle_dataset,kaggle_dataset/handwritten/VALIDATION_30231.jpg,DUVAL,test,,0,324,44,58,5,1
kaggle_dataset,kaggle_dataset/handwritten/VALIDATION_30267.jpg,VALENTINE,train,,0,284,31,73,9,1
kaggle_dataset,kaggle_dataset/handwritten/VALIDATION_30320.jpg,HASSI,train,,0,388,36,86,5,1
kaggle_dataset,kaggle_dataset/handwritten/VALIDATION_30324.jpg,ARTHUR,test,,0,324,44,58,6,1
kaggle_dataset,kaggle_dataset/handwritten/VALIDATION_30426.jpg,CHOCHET,train,,0,388,36,86,7,1
kaggle_dataset,kaggle_dataset/handwritten/VALIDATION_30440.jpg,LAURENT-GRANDGIRANO,train,,0,284,31,73,19,1
kaggle_dataset,kaggle_dataset/handwritten/VALIDATION_30493.jpg,LEYRAT,train,,0,284,50,45,6,1
kaggle_dataset,kaggle_dataset/handwritten/VALIDATION_30554.jpg,MAYA,valid,,0,284,65,34,4,1
kaggle_dataset,kaggle_dataset/handwritten/VALIDATION_30665.jpg,ALEX,valid,,0,388,29,107,4,1
kaggle_dataset,kaggle_dataset/handwritten/VALIDATION_30707.jpg,GUICHARD,train,,0,388,36,86,8,1
kaggle_dataset,kaggle_dataset/handwritten/VALIDATION_30786.jpg,TOM,valid,,0,388,24,129,3,1
kaggle_dataset,kaggle_dataset/handwritten/VALIDATION_30790.jpg,CLEMENT,train,,0,284,66,34,7,1
kaggle_dataset,kaggle_dataset/handwritten/VALIDATION_30804.jpg,DOYET,train,,0,388,36,86,5,1
kaggle_dataset,kaggle_dataset/handwritten/VALIDATION_30808.jpg,FOUQUET,test,,0,284,31,73,7,1
kaggle_dataset,kaggle_dataset/handwritten/VALIDATION_30866.jpg,VALENTINE,train,,0,324,44,58,9,1
kaggle_dataset,kaggle_dataset/handwritten/VALIDATION_30907.jpg,JUSTINE,train,,0,324,44,58,7,1
kaggle_dataset,kaggle_dataset/handwritten/VALIDATION_30958.jpg,EHHANUELLE,test,,0,388,22,141,10,1
kaggle_dataset,kaggle_dataset/handwritten/VALIDATION_30986.jpg,JACQUES,valid,,0,324,44,58,7,1
kaggle_dataset,kaggle_dataset/handwritten/VALIDATION_3104.jpg,LE NEZET,train,,0,284,31,73,8,1
kaggle_dataset,kaggle_dataset/handwritten/VALIDATION_31057.jpg,MAISSANE,train,,0,284,31,73,8,1
kaggle_dataset,kaggle_dataset/handwritten/VALIDATION_31079.jpg,EHAMAM,train,,0,284,31,73,6,1
kaggle_dataset,kaggle_dataset/handwritten/VALIDATION_31138.jpg,PARAINELLO,train,,0,388,36,86,10,1
kaggle_dataset,kaggle_dataset/handwritten/VALIDATION_31153.jpg,NOEMI,train,,0,284,31,73,5,1
kaggle_dataset,kaggle_dataset/handwritten/VALIDATION_31168.jpg,HANESSE,train,,0,284,31,73,7,1
kaggle_dataset,kaggle_dataset/handwritten/VALIDATION_31245.jpg,MATEO,train,,0,284,31,73,5,1
kaggle_dataset,kaggle_dataset/handwritten/VALIDATION_31273.jpg,CARLA,train,,0,388,27,114,5,1
kaggle_dataset,kaggle_dataset/handwritten/VALIDATION_31288.jpg,BOUANEL,train,,0,284,31,73,7,1
kaggle_dataset,kaggle_dataset/handwritten/VALIDATION_3143.jpg,PLANES,test,,0,388,36,86,6,1
kaggle_dataset,kaggle_dataset/handwritten/VALIDATION_3144.jpg,LOLA,train,,0,388,20,155,4,1
kaggle_dataset,kaggle_dataset/handwritten/VALIDATION_31461.jpg,TARTU,valid,,0,324,44,58,5,1
kaggle_dataset,kaggle_dataset/handwritten/VALIDATION_31486.jpg,ROYER,train,,0,284,31,73,5,1
kaggle_dataset,kaggle_dataset/handwritten/VALIDATION_31590.jpg,HUBERT,train,,0,284,46,49,6,1
kaggle_dataset,kaggle_dataset/handwritten/VALIDATION_31607.jpg,ROBIN,train,,0,284,31,73,5,1
kaggle_dataset,kaggle_dataset/handwritten/VALIDATION_3170.jpg,FOUBERT,train,,0,388,36,86,7,1
kaggle_dataset,kaggle_dataset/handwritten/VALIDATION_31731.jpg,VISENTIN,train,,0,324,44,58,8,1
kaggle_dataset,kaggle_dataset/handwritten/VALIDATION_31741.jpg,DARIO,train,,0,284,31,73,5,1
kaggle_dataset,kaggle_dataset/handwritten/VALIDATION_31861.jpg,BERTON,train,,0,388,36,86,6,1
kaggle_dataset,kaggle_dataset/handwritten/VALIDATION_31893.jpg,MERCK,train,,0,284,31,73,5,1
kaggle_dataset,kaggle_dataset/handwritten/VALIDATION_31901.jpg,MAXENCE,valid,,0,324,44,58,7,1
kaggle_dataset,kaggle_dataset/handwritten/VALIDATION_31927.jpg,PICHON,test,,0,388,36,86,6,1
kaggle_dataset,kaggle_dataset/handwritten/VALIDATION_31981.jpg,LAFIANDRA,valid,,0,284,50,45,9,1
kaggle_dataset,kaggle_dataset/handwritten/VALIDATION_32054.jpg,OCEANE,train,,0,388,30,103,6,1
kaggle_dataset,kaggle_dataset/handwritten/VALIDATION_32059.jpg,CHOMBARD,test,,0,324,44,58,8,1
kaggle_dataset,kaggle_dataset/handwritten/VALIDATION_32103.jpg,TIFENN,train,,0,324,44,58,6,1
kaggle_dataset,kaggle_dataset/handwritten/VALIDATION_32194.jpg,SEIGNEURET,train,,0,324,44,58,10,1
kaggle_dataset,kaggle_dataset/handwritten/VALIDATION_32204.jpg,MATTEO,train,,0,324,44,58,6,1
kaggle_dataset,kaggle_dataset/handwritten/VALIDATION_32238.jpg,GUILLOT,train,,0,284,50,45,7,1
kaggle_dataset,kaggle_dataset/handwritten/VALIDATION_32300.jpg,MATIS,train,,0,324,44,58,5,1
kaggle_dataset,kaggle_dataset/handwritten/VALIDATION_32359.jpg,MAYA,valid,,0,284,31,73,4,1
kaggle_dataset,kaggle_dataset/handwritten/VALIDATION_32385.jpg,GABIN,train,,0,324,44,58,5,1
kaggle_dataset,kaggle_dataset/handwritten/VALIDATION_32395.jpg,CHAZAL,test,,0,324,44,58,6,1
kaggle_dataset,kaggle_dataset/handwritten/VALIDATION_32440.jpg,MERCIER,train,,0,284,46,49,7,1
kaggle_dataset,kaggle_dataset/handwritten/VALIDATION_32459.jpg,MACIA,test,,0,284,50,45,5,1
kaggle_dataset,kaggle_dataset/handwritten/VALIDATION_32516.jpg,TOUFFET,valid,,0,324,44,58,7,1
kaggle_dataset,kaggle_dataset/handwritten/VALIDATION_3260.jpg,THEO,train,,0,324,44,58,4,1
kaggle_dataset,kaggle_dataset/handwritten/VALIDATION_32645.jpg,MAEL,train,,0,388,14,221,4,1
kaggle_dataset,kaggle_dataset/handwritten/VALIDATION_32714.jpg,MROCSKOWSKI,test,,0,284,50,45,11,1
kaggle_dataset,kaggle_dataset/handwritten/VALIDATION_32740.jpg,DIRDOVA,train,,0,284,31,73,7,1
kaggle_dataset,kaggle_dataset/handwritten/VALIDATION_32793.jpg,CINDY,test,,0,324,44,58,5,1
kaggle_dataset,kaggle_dataset/handwritten/VALIDATION_32821.jpg,WETTER,test,,0,388,32,97,6,1
kaggle_dataset,kaggle_dataset/handwritten/VALIDATION_32856.jpg,CLOE,train,,0,388,27,114,4,1
kaggle_dataset,kaggle_dataset/handwritten/VALIDATION_32882.jpg,AMCI,train,,0,388,19,163,4,1
kaggle_dataset,kaggle_dataset/handwritten/VALIDATION_32910.jpg,ELIZABETH,valid,,0,324,44,58,9,1
kaggle_dataset,kaggle_dataset/handwritten/VALIDATION_33143.jpg,LE ROUX,train,,0,284,31,73,7,1
kaggle_dataset,kaggle_dataset/handwritten/VALIDATION_33186.jpg,VALENTINE,train,,0,324,44,58,9,1
kaggle_dataset,kaggle_dataset/handwritten/VALIDATION_33199.jpg,HAMOND,train,,0,284,31,73,6,1
kaggle_dataset,kaggle_dataset/handwritten/VALIDATION_33207.jpg,PROUVOST,train,,0,388,36,86,8,1
kaggle_dataset,kaggle_dataset/handwritten/VALIDATION_33212.jpg,FARES,valid,,0,324,44,58,5,1
kaggle_dataset,kaggle_dataset/handwritten/VALIDATION_33225.jpg,MANE,train,,0,388,36,86,4,1
kaggle_dataset,kaggle_dataset/handwritten/VALIDATION_33261.jpg,THOMAS,valid,,0,324,44,58,6,1
kaggle_dataset,kaggle_dataset/handwritten/VALIDATION_33300.jpg,ISAAC,valid,,0,388,22,141,5,1
kaggle_dataset,kaggle_dataset/handwritten/VALIDATION_33303.jpg,MAYENCE,train,,0,388,16,194,7,1
kaggle_dataset,kaggle_dataset/handwritten/VALIDATION_33315.jpg,LALANGE,train,,0,324,44,58,7,1
kaggle_dataset,kaggle_dataset/handwritten/VALIDATION_33375.jpg,BRAUNEAU,train,,0,284,31,73,8,1
kaggle_dataset,kaggle_dataset/handwritten/VALIDATION_33390.jpg,FLEUR,train,,0,284,64,35,5,1
kaggle_dataset,kaggle_dataset/handwritten/VALIDATION_33409.jpg,MATHILDE,valid,,0,284,65,34,8,1
kaggle_dataset,kaggle_dataset/handwritten/VALIDATION_33427.jpg,VAVASSEUR,test,,0,324,44,58,9,1
kaggle_dataset,kaggle_dataset/handwritten/VALIDATION_33447.jpg,LOUISE,test,,0,324,44,58,6,1
kaggle_dataset,kaggle_dataset/handwritten/VALIDATION_33525.jpg,GROSCLAUDE,valid,,0,388,36,86,10,1
kaggle_dataset,kaggle_dataset/handwritten/VALIDATION_33633.jpg,BRONNET,train,,0,388,36,86,7,1
kaggle_dataset,kaggle_dataset/handwritten/VALIDATION_3367.jpg,ERWAN,train,,0,388,29,107,5,1
kaggle_dataset,kaggle_dataset/handwritten/VALIDATION_3368.jpg,BOLE,test,,0,324,44,58,4,1
kaggle_dataset,kaggle_dataset/handwritten/VALIDATION_33685.jpg,LEA,train,,0,388,26,119,3,1
kaggle_dataset,kaggle_dataset/handwritten/VALIDATION_3381.jpg,SADAUNF,test,,0,388,36,86,7,1
kaggle_dataset,kaggle_dataset/handwritten/VALIDATION_3387.jpg,OLLIVIER,test,,0,324,44,58,8,1
kaggle_dataset,kaggle_dataset/handwritten/VALIDATION_3392.jpg,CANDICE,test,,0,284,66,34,7,1
kaggle_dataset,kaggle_dataset/handwritten/VALIDATION_34014.jpg,EMIE,train,,0,284,64,35,4,1
kaggle_dataset,kaggle_dataset/handwritten/VALIDATION_34024.jpg,EDGABD,train,,0,284,31,73,6,1
kaggle_dataset,kaggle_dataset/handwritten/VALIDATION_34050.jpg,JADE,train,,0,324,44,58,4,1
kaggle_dataset,kaggle_dataset/handwritten/VALIDATION_34054.jpg,GUIHAC,test,,0,324,44,58,6,1
kaggle_dataset,kaggle_dataset/handwritten/VALIDATION_34109.jpg,KALONJI,train,,0,284,50,45,7,1
kaggle_dataset,kaggle_dataset/handwritten/VALIDATION_34258.jpg,ALEXINE,train,,0,388,28,110,7,1
kaggle_dataset,kaggle_dataset/handwritten/VALIDATION_34279.jpg,MADOUI,train,,0,324,44,58,6,1
kaggle_dataset,kaggle_dataset/handwritten/VALIDATION_34347.jpg,THOMAS,valid,,0,388,25,124,6,1
kaggle_dataset,kaggle_dataset/handwritten/VALIDATION_3435.jpg,FRERET,test,,0,388,36,86,6,1
kaggle_dataset,kaggle_dataset/handwritten/VALIDATION_34356.jpg,BOURION,train,,0,324,44,58,7,1
kaggle_dataset,kaggle_dataset/handwritten/VALIDATION_34361.jpg,ITALIANO,test,,0,324,44,58,8,1
kaggle_dataset,kaggle_dataset/handwritten/VALIDATION_34379.jpg,SAUVIAT,train,,0,388,30,103,7,1
kaggle_dataset,kaggle_dataset/handwritten/VALIDATION_34390.jpg,MAGNE,train,,0,324,44,58,5,1
kaggle_dataset,kaggle_dataset/handwritten/VALIDATION_3440.jpg,QUENTIN,train,,0,324,44,58,7,1
kaggle_dataset,kaggle_dataset/handwritten/VALIDATION_3446.jpg,MADELEINE,train,,0,284,66,34,9,1
kaggle_dataset,kaggle_dataset/handwritten/VALIDATION_34482.jpg,PINTEAUX,test,,0,284,31,73,8,1
kaggle_dataset,kaggle_dataset/handwritten/VALIDATION_34576.jpg,HEZZAT,train,,0,284,31,73,6,1
kaggle_dataset,kaggle_dataset/handwritten/VALIDATION_34584.jpg,INES,train,,0,388,21,147,4,1
kaggle_dataset,kaggle_dataset/handwritten/VALIDATION_34592.jpg,GUILLOT,train,,0,324,44,58,7,1
kaggle_dataset,kaggle_dataset/handwritten/VALIDATION_34666.jpg,AUBERT,train,,0,388,36,86,6,1
kaggle_dataset,kaggle_dataset/handwritten/VALIDATION_3475.jpg,MERCIER,train,,0,388,36,86,7,1
kaggle_dataset,kaggle_dataset/handwritten/VALIDATION_3477.jpg,BOULET,train,,0,324,44,58,6,1
kaggle_dataset,kaggle_dataset/handwritten/VALIDATION_34818.jpg,STIEVENARD,train,,0,284,50,45,10,1
kaggle_dataset,kaggle_dataset/handwritten/VALIDATION_3482.jpg,MAISSANE,train,,0,284,31,73,8,1
kaggle_dataset,kaggle_dataset/handwritten/VALIDATION_34917.jpg,HUGO,train,,0,324,44,58,4,1
kaggle_dataset,kaggle_dataset/handwritten/VALIDATION_34926.jpg,LIENARD,train,,0,284,31,73,7,1
kaggle_dataset,kaggle_dataset/handwritten/VALIDATION_34945.jpg,MARCEAU,valid,,0,388,17,182,7,1
kaggle_dataset,kaggle_dataset/handwritten/VALIDATION_34957.jpg,MICHAUD,valid,,0,284,31,73,7,1
kaggle_dataset,kaggle_dataset/handwritten/VALIDATION_3498.jpg,MARCEAU,valid,,0,388,30,103,7,1
kaggle_dataset,kaggle_dataset/handwritten/VALIDATION_34996.jpg,SOUSSEN,test,,0,284,50,45,7,1
kaggle_dataset,kaggle_dataset/handwritten/VALIDATION_3506.jpg,NINO,valid,,0,324,44,58,4,1
kaggle_dataset,kaggle_dataset/handwritten/VALIDATION_35079.jpg,BOHZ,train,,0,284,50,45,4,1
kaggle_dataset,kaggle_dataset/handwritten/VALIDATION_35158.jpg,SOARESDASILVA,train,,0,284,46,49,13,1
kaggle_dataset,kaggle_dataset/handwritten/VALIDATION_35231.jpg,LOUIS,train,,0,324,44,58,5,1
kaggle_dataset,kaggle_dataset/handwritten/VALIDATION_35278.jpg,HEROUIN,train,,0,284,50,45,7,1
kaggle_dataset,kaggle_dataset/handwritten/VALIDATION_35281.jpg,DE ASCENSAO,test,,0,284,50,45,11,1
kaggle_dataset,kaggle_dataset/handwritten/VALIDATION_35356.jpg,MATHIEU,valid,,0,388,24,129,7,1
kaggle_dataset,kaggle_dataset/handwritten/VALIDATION_35399.jpg,POEIRA,train,,0,324,44,58,6,1
kaggle_dataset,kaggle_dataset/handwritten/VALIDATION_35417.jpg,BETTINELLI,train,,0,388,36,86,10,1
kaggle_dataset,kaggle_dataset/handwritten/VALIDATION_35452.jpg,TCHEOU,train,,0,324,44,58,6,1
kaggle_dataset,kaggle_dataset/handwritten/VALIDATION_35464.jpg,RIBEIRO,train,,0,324,44,58,7,1
kaggle_dataset,kaggle_dataset/handwritten/VALIDATION_35465.jpg,ENZO,train,,0,324,44,58,4,1
kaggle_dataset,kaggle_dataset/handwritten/VALIDATION_35531.jpg,ABBES,train,,0,324,44,58,5,1
kaggle_dataset,kaggle_dataset/handwritten/VALIDATION_35608.jpg,ADELAIDE,train,,0,324,44,58,8,1
kaggle_dataset,kaggle_dataset/handwritten/VALIDATION_35675.jpg,TOM,valid,,0,388,34,91,3,1
kaggle_dataset,kaggle_dataset/handwritten/VALIDATION_35686.jpg,GUILLOS,train,,0,388,36,86,7,1
kaggle_dataset,kaggle_dataset/handwritten/VALIDATION_35762.jpg,CYRIELLE,train,,0,388,27,114,8,1
kaggle_dataset,kaggle_dataset/handwritten/VALIDATION_35771.jpg,SARAN,valid,,0,324,44,58,5,1
kaggle_dataset,kaggle_dataset/handwritten/VALIDATION_35780.jpg,INES,train,,0,388,31,100,4,1
kaggle_dataset,kaggle_dataset/handwritten/VALIDATION_36011.jpg,RIOULY,train,,0,284,31,73,6,1
kaggle_dataset,kaggle_dataset/handwritten/VALIDATION_36040.jpg,BOUMECID,train,,0,324,44,58,8,1
kaggle_dataset,kaggle_dataset/handwritten/VALIDATION_36061.jpg,DAPRA,valid,,0,324,44,58,5,1
kaggle_dataset,kaggle_dataset/handwritten/VALIDATION_36062.jpg,MAZINGUE,train,,0,284,50,45,8,1
kaggle_dataset,kaggle_dataset/handwritten/VALIDATION_36134.jpg,EMPTY,train,,0,388,36,86,5,1
kaggle_dataset,kaggle_dataset/handwritten/VALIDATION_36191.jpg,DOCEUL,test,,0,324,44,58,6,1
kaggle_dataset,kaggle_dataset/handwritten/VALIDATION_36228.jpg,CLARISSA,train,,0,284,70,32,8,1
kaggle_dataset,kaggle_dataset/handwritten/VALIDATION_3627.jpg,LINA,test,,0,284,66,34,4,1
kaggle_dataset,kaggle_dataset/handwritten/VALIDATION_36280.jpg,BOCQUIT,train,,0,284,45,50,7,1
kaggle_dataset,kaggle_dataset/handwritten/VALIDATION_36323.jpg,ENZO,train,,0,284,31,73,4,1
kaggle_dataset,kaggle_dataset/handwritten/VALIDATION_36351.jpg,CLEMENT,train,,0,324,44,58,7,1
kaggle_dataset,kaggle_dataset/handwritten/VALIDATION_36456.jpg,PAUL,train,,0,388,26,119,4,1
kaggle_dataset,kaggle_dataset/handwritten/VALIDATION_36531.jpg,PAUL,train,,0,284,31,73,4,1
kaggle_dataset,kaggle_dataset/handwritten/VALIDATION_36572.jpg,LEROUX,test,,0,284,31,73,6,1
kaggle_dataset,kaggle_dataset/handwritten/VALIDATION_36575.jpg,BILLOURIN,train,,0,388,36,86,9,1
kaggle_dataset,kaggle_dataset/handwritten/VALIDATION_36608.jpg,LEA,train,,0,324,44,58,3,1
kaggle_dataset,kaggle_dataset/handwritten/VALIDATION_3664.jpg,RICHARD,train,,0,284,50,45,7,1
kaggle_dataset,kaggle_dataset/handwritten/VALIDATION_36666.jpg,TIPHAINE,test,,0,388,26,119,8,1
kaggle_dataset,kaggle_dataset/handwritten/VALIDATION_36684.jpg,GWENDOLINE,train,,0,284,67,33,10,1
kaggle_dataset,kaggle_dataset/handwritten/VALIDATION_36814.jpg,ARSLAN,train,,0,284,31,73,6,1
kaggle_dataset,kaggle_dataset/handwritten/VALIDATION_3689.jpg,GRILLOT,train,,0,388,36,86,7,1
kaggle_dataset,kaggle_dataset/handwritten/VALIDATION_36990.jpg,HUTEZ,valid,,0,324,44,58,5,1
kaggle_dataset,kaggle_dataset/handwritten/VALIDATION_37015.jpg,VINCENT,train,,0,284,31,73,7,1
kaggle_dataset,kaggle_dataset/handwritten/VALIDATION_37064.jpg,BONNAUD,train,,0,284,50,45,7,1
kaggle_dataset,kaggle_dataset/handwritten/VALIDATION_37079.jpg,PERRINE,valid,,0,284,64,35,7,1
kaggle_dataset,kaggle_dataset/handwritten/VALIDATION_37097.jpg,CHLOE,valid,,0,284,67,33,5,1
kaggle_dataset,kaggle_dataset/handwritten/VALIDATION_37111.jpg,TRUCHOT,train,,0,388,36,86,7,1
kaggle_dataset,kaggle_dataset/handwritten/VALIDATION_37185.jpg,PETIT,train,,0,324,44,58,5,1
kaggle_dataset,kaggle_dataset/handwritten/VALIDATION_37236.jpg,MONGE,valid,,0,388,36,86,5,1
kaggle_dataset,kaggle_dataset/handwritten/VALIDATION_37310.jpg,MASTERNAK,test,,0,284,31,73,9,1
kaggle_dataset,kaggle_dataset/handwritten/VALIDATION_3737.jpg,HOUZIEL,train,,0,284,31,73,7,1
kaggle_dataset,kaggle_dataset/handwritten/VALIDATION_37375.jpg,FLAVIE,train,,0,284,31,73,6,1
kaggle_dataset,kaggle_dataset/handwritten/VALIDATION_37402.jpg,NABAD,train,,0,388,36,86,5,1
kaggle_dataset,kaggle_dataset/handwritten/VALIDATION_37510.jpg,DETEIX,train,,0,388,36,86,6,1
kaggle_dataset,kaggle_dataset/handwritten/VALIDATION_37511.jpg,DOS SANTOS,valid,,0,388,36,86,10,1
kaggle_dataset,kaggle_dataset/handwritten/VALIDATION_37556.jpg,JOUAN,train,,0,388,36,86,5,1
kaggle_dataset,kaggle_dataset/handwritten/VALIDATION_37668.jpg,GUITTET,train,,0,284,31,73,7,1
kaggle_dataset,kaggle_dataset/handwritten/VALIDATION_37672.jpg,SACHA,train,,0,284,31,73,5,1
kaggle_dataset,kaggle_dataset/handwritten/VALIDATION_37730.jpg,PARIS,train,,0,284,31,73,5,1
kaggle_dataset,kaggle_dataset/handwritten/VALIDATION_37781.jpg,NATHAN,train,,0,388,30,103,6,1
kaggle_dataset,kaggle_dataset/handwritten/VALIDATION_37792.jpg,FILIOLE,test,,0,284,31,73,7,1
kaggle_dataset,kaggle_dataset/handwritten/VALIDATION_37806.jpg,WILLIAM,train,,0,284,31,73,7,1
kaggle_dataset,kaggle_dataset/handwritten/VALIDATION_3782.jpg,MARIE AMELIE,train,,0,284,31,73,12,1
kaggle_dataset,kaggle_dataset/handwritten/VALIDATION_3785.jpg,CONSOLINI,train,,0,388,36,86,9,1
kaggle_dataset,kaggle_dataset/handwritten/VALIDATION_37864.jpg,GRASTEAU,train,,0,324,44,58,8,1
kaggle_dataset,kaggle_dataset/handwritten/VALIDATION_37954.jpg,MINGOT,valid,,0,388,36,86,6,1
kaggle_dataset,kaggle_dataset/handwritten/VALIDATION_38011.jpg,CHACHOUA,train,,0,284,50,45,8,1
kaggle_dataset,kaggle_dataset/handwritten/VALIDATION_38042.jpg,GABRIELLE,train,,0,324,44,58,9,1
kaggle_dataset,kaggle_dataset/handwritten/VALIDATION_38098.jpg,JADE,train,,0,324,44,58,4,1
kaggle_dataset,kaggle_dataset/handwritten/VALIDATION_38140.jpg,KALINSKY,train,,0,284,31,73,8,1
kaggle_dataset,kaggle_dataset/handwritten/VALIDATION_38160.jpg,MAXIME,train,,0,284,67,33,6,1
kaggle_dataset,kaggle_dataset/handwritten/VALIDATION_38237.jpg,POMELLE,valid,,0,324,44,58,7,1
kaggle_dataset,kaggle_dataset/handwritten/VALIDATION_38255.jpg,THOMAS,valid,,0,284,31,73,6,1
kaggle_dataset,kaggle_dataset/handwritten/VALIDATION_38266.jpg,PERNOT,train,,0,388,36,86,6,1
kaggle_dataset,kaggle_dataset/handwritten/VALIDATION_38273.jpg,BENMBAREK,train,,0,324,44,58,9,1
kaggle_dataset,kaggle_dataset/handwritten/VALIDATION_38296.jpg,LE ROUX,train,,0,388,36,86,7,1
kaggle_dataset,kaggle_dataset/handwritten/VALIDATION_38393.jpg,MANUELA,train,,0,284,66,34,7,1
kaggle_dataset,kaggle_dataset/handwritten/VALIDATION_38510.jpg,THOMAS,valid,,0,324,44,58,6,1
kaggle_dataset,kaggle_dataset/handwritten/VALIDATION_38512.jpg,DARIA-ALEXANDRA,train,,0,284,31,73,15,1
kaggle_dataset,kaggle_dataset/handwritten/VALIDATION_38599.jpg,PRAUD,train,,0,324,44,58,5,1
kaggle_dataset,kaggle_dataset/handwritten/VALIDATION_38610.jpg,MARIE,train,,0,284,62,36,5,1
kaggle_dataset,kaggle_dataset/handwritten/VALIDATION_38706.jpg,WENDY,test,,0,388,28,110,5,1
kaggle_dataset,kaggle_dataset/handwritten/VALIDATION_38841.jpg,SAHYNA,test,,0,284,31,73,6,1
kaggle_dataset,kaggle_dataset/handwritten/VALIDATION_38845.jpg,FEKI,train,,0,284,50,45,4,1
kaggle_dataset,kaggle_dataset/handwritten/VALIDATION_38934.jpg,LAHNIYAD,valid,,0,324,44,58,8,1
kaggle_dataset,kaggle_dataset/handwritten/VALIDATION_38994.jpg,PARISOT,valid,,0,284,50,45,7,1
kaggle_dataset,kaggle_dataset/handwritten/VALIDATION_39034.jpg,SENIBRZDES,train,,0,324,44,58,10,1
kaggle_dataset,kaggle_dataset/handwritten/VALIDATION_3905.jpg,GUILLOUT,train,,0,284,31,73,8,1
kaggle_dataset,kaggle_dataset/handwritten/VALIDATION_39075.jpg,SS,test,,0,324,44,58,2,1
kaggle_dataset,kaggle_dataset/handwritten/VALIDATION_39092.jpg,ANTOINE,test,,0,284,69,32,7,1
kaggle_dataset,kaggle_dataset/handwritten/VALIDATION_39095.jpg,QUANTIN,train,,0,284,31,73,7,1
kaggle_dataset,kaggle_dataset/handwritten/VALIDATION_39161.jpg,ADRIANA,valid,,0,324,44,58,7,1
kaggle_dataset,kaggle_dataset/handwritten/VALIDATION_39250.jpg,ERWAN,train,,0,284,64,35,5,1
kaggle_dataset,kaggle_dataset/handwritten/VALIDATION_39267.jpg,BELARBT,train,,0,388,36,86,7,1
kaggle_dataset,kaggle_dataset/handwritten/VALIDATION_39275.jpg,SOLER,train,,0,284,31,73,5,1
kaggle_dataset,kaggle_dataset/handwritten/VALIDATION_39299.jpg,LATINIER,valid,,0,388,36,86,8,1
kaggle_dataset,kaggle_dataset/handwritten/VALIDATION_39349.jpg,LEGRAND,train,,0,284,31,73,7,1
kaggle_dataset,kaggle_dataset/handwritten/VALIDATION_39386.jpg,CLEMENT,train,,0,388,21,147,7,1
kaggle_dataset,kaggle_dataset/handwritten/VALIDATION_39409.jpg,YOHANN,train,,0,324,44,58,6,1
kaggle_dataset,kaggle_dataset/handwritten/VALIDATION_39419.jpg,TABEAU,train,,0,284,50,45,6,1
kaggle_dataset,kaggle_dataset/handwritten/VALIDATION_39427.jpg,PREVOT,valid,,0,388,36,86,6,1
kaggle_dataset,kaggle_dataset/handwritten/VALIDATION_39526.jpg,CLEMINT,train,,0,324,44,58,7,1
kaggle_dataset,kaggle_dataset/handwritten/VALIDATION_3953.jpg,AMICIE,test,,0,388,20,155,6,1
kaggle_dataset,kaggle_dataset/handwritten/VALIDATION_39535.jpg,LAMYA,valid,,0,284,31,73,5,1
kaggle_dataset,kaggle_dataset/handwritten/VALIDATION_39583.jpg,MATHIS,train,,0,284,31,73,6,1
kaggle_dataset,kaggle_dataset/handwritten/VALIDATION_39851.jpg,EL AZZOUZI,train,,0,324,44,58,10,1
kaggle_dataset,kaggle_dataset/handwritten/VALIDATION_39859.jpg,LILY,train,,0,388,25,124,4,1
kaggle_dataset,kaggle_dataset/handwritten/VALIDATION_39861.jpg,REKRI,test,,0,324,44,58,5,1
kaggle_dataset,kaggle_dataset/handwritten/VALIDATION_39872.jpg,LARDJANE,train,,0,388,36,86,8,1
kaggle_dataset,kaggle_dataset/handwritten/VALIDATION_39885.jpg,DAMIEN,valid,,0,388,25,124,6,1
kaggle_dataset,kaggle_dataset/handwritten/VALIDATION_39903.jpg,RIFFLARD,train,,0,388,36,86,8,1
kaggle_dataset,kaggle_dataset/handwritten/VALIDATION_39910.jpg,LUCIE,valid,,0,324,44,58,5,1
kaggle_dataset,kaggle_dataset/handwritten/VALIDATION_3995.jpg,PAINNIN,valid,,0,324,44,58,7,1
kaggle_dataset,kaggle_dataset/handwritten/VALIDATION_39980.jpg,MARGOT,test,,0,284,31,73,6,1
kaggle_dataset,kaggle_dataset/handwritten/VALIDATION_40074.jpg,PAULY,test,,0,388,36,86,5,1
kaggle_dataset,kaggle_dataset/handwritten/VALIDATION_40088.jpg,LECAPLAIN,train,,0,284,50,45,9,1
kaggle_dataset,kaggle_dataset/handwritten/VALIDATION_40129.jpg,GRECET,train,,0,388,36,86,6,1
kaggle_dataset,kaggle_dataset/handwritten/VALIDATION_40156.jpg,LILIAN,train,,0,324,44,58,6,1
kaggle_dataset,kaggle_dataset/handwritten/VALIDATION_40197.jpg,LEONIE,train,,0,284,64,35,6,1
kaggle_dataset,kaggle_dataset/handwritten/VALIDATION_40240.jpg,LEPERETTI,train,,0,388,36,86,9,1
kaggle_dataset,kaggle_dataset/handwritten/VALIDATION_40257.jpg,OCEANE,train,,0,388,25,124,6,1
kaggle_dataset,kaggle_dataset/handwritten/VALIDATION_40320.jpg,DE RUFFI,train,,0,324,44,58,8,1
kaggle_dataset,kaggle_dataset/handwritten/VALIDATION_40359.jpg,PARISS,train,,0,324,44,58,6,1
kaggle_dataset,kaggle_dataset/handwritten/VALIDATION_40379.jpg,KYLIAN,train,,0,324,44,58,6,1
kaggle_dataset,kaggle_dataset/handwritten/VALIDATION_4041.jpg,SIRINE,train,,0,324,44,58,6,1
kaggle_dataset,kaggle_dataset/handwritten/VALIDATION_40431.jpg,NABAL,test,,0,388,36,86,5,1
kaggle_dataset,kaggle_dataset/handwritten/VALIDATION_40436.jpg,RAMIN,train,,0,284,31,73,5,1
kaggle_dataset,kaggle_dataset/handwritten/VALIDATION_40489.jpg,SIEZIEN,train,,0,284,50,45,7,1
kaggle_dataset,kaggle_dataset/handwritten/VALIDATION_40502.jpg,EMMA,train,,0,388,27,114,4,1
kaggle_dataset,kaggle_dataset/handwritten/VALIDATION_40550.jpg,DRISCA,valid,,0,284,65,34,6,1
kaggle_dataset,kaggle_dataset/handwritten/VALIDATION_4056.jpg,ROBIN,train,,0,284,66,34,5,1
kaggle_dataset,kaggle_dataset/handwritten/VALIDATION_4060.jpg,OULBOUB,train,,0,324,44,58,7,1
kaggle_dataset,kaggle_dataset/handwritten/VALIDATION_40610.jpg,QUENTIN,train,,0,284,31,73,7,1
kaggle_dataset,kaggle_dataset/handwritten/VALIDATION_40622.jpg,ERALDI,train,,0,388,36,86,6,1
kaggle_dataset,kaggle_dataset/handwritten/VALIDATION_40627.jpg,NOEL,train,,0,324,44,58,4,1
kaggle_dataset,kaggle_dataset/handwritten/VALIDATION_40667.jpg,VEIGA,train,,0,284,31,73,5,1
kaggle_dataset,kaggle_dataset/handwritten/VALIDATION_40731.jpg,CLOTILDE,test,,0,284,63,36,8,1
kaggle_dataset,kaggle_dataset/handwritten/VALIDATION_40809.jpg,HAIDAR,test,,0,388,36,86,6,1
kaggle_dataset,kaggle_dataset/handwritten/VALIDATION_4081.jpg,JOUVENT,train,,0,388,36,86,7,1
kaggle_dataset,kaggle_dataset/handwritten/VALIDATION_40814.jpg,POCHON,test,,0,284,31,73,6,1
kaggle_dataset,kaggle_dataset/handwritten/VALIDATION_4087.jpg,VINCENT,train,,0,284,31,73,7,1
kaggle_dataset,kaggle_dataset/handwritten/VALIDATION_40906.jpg,MARQUET,train,,0,284,50,45,7,1
kaggle_dataset,kaggle_dataset/handwritten/VALIDATION_40942.jpg,AUDREY,train,,0,284,31,73,6,1
kaggle_dataset,kaggle_dataset/handwritten/VALIDATION_41020.jpg,TREILLARD,train,,0,388,36,86,9,1
kaggle_dataset,kaggle_dataset/handwritten/VALIDATION_41039.jpg,BARRIERE,train,,0,388,36,86,8,1
kaggle_dataset,kaggle_dataset/handwritten/VALIDATION_41077.jpg,LANTERNIER,train,,0,324,44,58,10,1
kaggle_dataset,kaggle_dataset/handwritten/VALIDATION_41105.jpg,COINTE,test,,0,284,50,45,6,1
kaggle_dataset,kaggle_dataset/handwritten/VALIDATION_4125.jpg,GREUZAT,train,,0,324,44,58,7,1
kaggle_dataset,kaggle_dataset/handwritten/VALIDATION_41260.jpg,BRONGNIART,train,,0,284,50,45,10,1
kaggle_dataset,kaggle_dataset/handwritten/VALIDATION_41321.jpg,ZIA,test,,0,388,31,100,3,1
kaggle_dataset,kaggle_dataset/handwritten/VALIDATION_4150.jpg,GOHINON,train,,0,388,36,86,7,1
kaggle_dataset,kaggle_dataset/handwritten/VALIDATION_4160.jpg,ALIX,train,,0,388,20,155,4,1
kaggle_dataset,kaggle_dataset/handwritten/VALIDATION_4184.jpg,EMPTY,train,,0,388,36,86,5,1
kaggle_dataset,kaggle_dataset/handwritten/VALIDATION_4202.jpg,BAPTISTE,train,,0,324,44,58,8,1
kaggle_dataset,kaggle_dataset/handwritten/VALIDATION_4241.jpg,MAELA,test,,0,284,65,34,5,1
kaggle_dataset,kaggle_dataset/handwritten/VALIDATION_4263.jpg,AMANDINE,train,,0,388,25,124,8,1
kaggle_dataset,kaggle_dataset/handwritten/VALIDATION_4331.jpg,LUCIE,valid,,0,324,44,58,5,1
kaggle_dataset,kaggle_dataset/handwritten/VALIDATION_4336.jpg,FRAGLIOLA,train,,0,388,36,86,9,1
kaggle_dataset,kaggle_dataset/handwritten/VALIDATION_4457.jpg,KILLIAN,train,,0,388,25,124,7,1
kaggle_dataset,kaggle_dataset/handwritten/VALIDATION_4490.jpg,MANON,train,,0,388,27,114,5,1
kaggle_dataset,kaggle_dataset/handwritten/VALIDATION_4503.jpg,BOUSQUET,train,,0,324,44,58,8,1
kaggle_dataset,kaggle_dataset/handwritten/VALIDATION_4565.jpg,MONTASTIER,train,,0,284,31,73,10,1
kaggle_dataset,kaggle_dataset/handwritten/VALIDATION_4604.jpg,LUCA,train,,0,284,66,34,4,1
kaggle_dataset,kaggle_dataset/handwritten/VALIDATION_4635.jpg,VANPEVENAEGE,train,,0,324,44,58,12,1
kaggle_dataset,kaggle_dataset/handwritten/VALIDATION_4650.jpg,VIGOUROUX,valid,,0,284,31,73,9,1
kaggle_dataset,kaggle_dataset/handwritten/VALIDATION_4758.jpg,CASSERT,test,,0,324,44,58,7,1
kaggle_dataset,kaggle_dataset/handwritten/VALIDATION_4817.jpg,MOUIGNIDAHO,train,,0,284,31,73,11,1
kaggle_dataset,kaggle_dataset/handwritten/VALIDATION_4825.jpg,GUERARDEL,valid,,0,388,36,86,9,1
kaggle_dataset,kaggle_dataset/handwritten/VALIDATION_4884.jpg,STEVEN,train,,0,324,44,58,6,1
kaggle_dataset,kaggle_dataset/handwritten/VALIDATION_4909.jpg,SIXTING-MARIE,test,,0,324,44,58,13,1
kaggle_dataset,kaggle_dataset/handwritten/VALIDATION_4911.jpg,MAR TE RO,train,,0,388,36,86,9,1
kaggle_dataset,kaggle_dataset/handwritten/VALIDATION_4951.jpg,DISCHER,valid,,0,284,31,73,7,1
kaggle_dataset,kaggle_dataset/handwritten/VALIDATION_4982.jpg,COME,train,,0,324,44,58,4,1
kaggle_dataset,kaggle_dataset/handwritten/VALIDATION_5048.jpg,BENSALEM,valid,,0,324,44,58,8,1
kaggle_dataset,kaggle_dataset/handwritten/VALIDATION_5066.jpg,LOGAN,train,,0,324,44,58,5,1
kaggle_dataset,kaggle_dataset/handwritten/VALIDATION_5111.jpg,CELIA,test,,0,284,31,73,5,1
kaggle_dataset,kaggle_dataset/handwritten/VALIDATION_5164.jpg,FARES,valid,,0,388,36,86,5,1
kaggle_dataset,kaggle_dataset/handwritten/VALIDATION_5261.jpg,POUSSART,train,,0,324,44,58,8,1
kaggle_dataset,kaggle_dataset/handwritten/VALIDATION_5278.jpg,VALLET,train,,0,284,50,45,6,1
kaggle_dataset,kaggle_dataset/handwritten/VALIDATION_5305.jpg,LANGLOIS-CALMEILLE,train,,0,324,44,58,18,1
kaggle_dataset,kaggle_dataset/handwritten/VALIDATION_5324.jpg,HEISSERER,train,,0,284,31,73,9,1
kaggle_dataset,kaggle_dataset/handwritten/VALIDATION_5328.jpg,COTTERFAU,train,,0,388,30,103,9,1
kaggle_dataset,kaggle_dataset/handwritten/VALIDATION_5341.jpg,MARYLOU,train,,0,388,28,110,7,1
kaggle_dataset,kaggle_dataset/handwritten/VALIDATION_5351.jpg,DUFAL,valid,,0,388,36,86,5,1
kaggle_dataset,kaggle_dataset/handwritten/VALIDATION_5377.jpg,CLAIRE,test,,0,284,31,73,6,1
kaggle_dataset,kaggle_dataset/handwritten/VALIDATION_5388.jpg,SOURISSEAU,train,,0,388,36,86,10,1
kaggle_dataset,kaggle_dataset/handwritten/VALIDATION_5471.jpg,AURY,test,,0,388,36,86,4,1
kaggle_dataset,kaggle_dataset/handwritten/VALIDATION_5510.jpg,GETAN,test,,0,324,44,58,5,1
kaggle_dataset,kaggle_dataset/handwritten/VALIDATION_5588.jpg,PRIVAT,train,,0,284,31,73,6,1
kaggle_dataset,kaggle_dataset/handwritten/VALIDATION_5677.jpg,VALENTIN,test,,0,388,32,97,8,1
kaggle_dataset,kaggle_dataset/handwritten/VALIDATION_5798.jpg,REVRAR,train,,0,388,36,86,6,1
kaggle_dataset,kaggle_dataset/handwritten/VALIDATION_5895.jpg,VEREECQUE-MANAUT,train,,0,284,31,73,16,1
kaggle_dataset,kaggle_dataset/handwritten/VALIDATION_5910.jpg,GOITIA,train,,0,388,36,86,6,1
kaggle_dataset,kaggle_dataset/handwritten/VALIDATION_5924.jpg,LASNIER,train,,0,388,36,86,7,1
kaggle_dataset,kaggle_dataset/handwritten/VALIDATION_5948.jpg,LEO,train,,0,284,31,73,3,1
kaggle_dataset,kaggle_dataset/handwritten/VALIDATION_5971.jpg,LONNI,train,,0,324,44,58,5,1
kaggle_dataset,kaggle_dataset/handwritten/VALIDATION_6015.jpg,FAYOUX,train,,0,388,36,86,6,1
kaggle_dataset,kaggle_dataset/handwritten/VALIDATION_6034.jpg,THIBAULT,test,,0,388,31,100,8,1
kaggle_dataset,kaggle_dataset/handwritten/VALIDATION_6038.jpg,PAYRE,train,,0,388,36,86,5,1
kaggle_dataset,kaggle_dataset/handwritten/VALIDATION_6251.jpg,MAXIMILIEN,train,,0,284,68,33,10,1
kaggle_dataset,kaggle_dataset/handwritten/VALIDATION_6271.jpg,LOUIS,train,,0,324,44,58,5,1
kaggle_dataset,kaggle_dataset/handwritten/VALIDATION_6361.jpg,LESLIE,test,,0,324,44,58,6,1
kaggle_dataset,kaggle_dataset/handwritten/VALIDATION_6397.jpg,JOVE,train,,0,324,44,58,4,1
kaggle_dataset,kaggle_dataset/handwritten/VALIDATION_6437.jpg,PADELLEC,train,,0,284,31,73,8,1
kaggle_dataset,kaggle_dataset/handwritten/VALIDATION_6479.jpg,SIMON,valid,,0,284,31,73,5,1
kaggle_dataset,kaggle_dataset/handwritten/VALIDATION_6500.jpg,CANO,train,,0,388,36,86,4,1
kaggle_dataset,kaggle_dataset/handwritten/VALIDATION_6508.jpg,LEA,train,,0,284,65,34,3,1
kaggle_dataset,kaggle_dataset/handwritten/VALIDATION_6559.jpg,SMITH,valid,,0,388,36,86,5,1
kaggle_dataset,kaggle_dataset/handwritten/VALIDATION_6627.jpg,ELISA,train,,0,284,66,34,5,1
kaggle_dataset,kaggle_dataset/handwritten/VALIDATION_6654.jpg,SOLENE,train,,0,284,31,73,6,1
kaggle_dataset,kaggle_dataset/handwritten/VALIDATION_6724.jpg,THIERRY,valid,,0,324,44,58,7,1
kaggle_dataset,kaggle_dataset/handwritten/VALIDATION_6735.jpg,EMPTY,train,,0,324,44,58,5,1
kaggle_dataset,kaggle_dataset/handwritten/VALIDATION_6769.jpg,LEBEHOT,train,,0,284,31,73,7,1
kaggle_dataset,kaggle_dataset/handwritten/VALIDATION_6777.jpg,ACIX,train,,0,284,62,36,4,1
kaggle_dataset,kaggle_dataset/handwritten/VALIDATION_6802.jpg,CHEVAU,train,,0,284,50,45,6,1
kaggle_dataset,kaggle_dataset/handwritten/VALIDATION_6879.jpg,ERRAISSE,test,,0,324,44,58,8,1
kaggle_dataset,kaggle_dataset/handwritten/VALIDATION_6958.jpg,FRANCESCONI,train,,0,284,50,45,11,1
kaggle_dataset,kaggle_dataset/handwritten/VALIDATION_7048.jpg,TERLIER,train,,0,284,31,73,7,1
kaggle_dataset,kaggle_dataset/handwritten/VALIDATION_7119.jpg,CHATELAIS,train,,0,388,36,86,9,1
kaggle_dataset,kaggle_dataset/handwritten/VALIDATION_7157.jpg,ARTHUR,test,,0,284,65,34,6,1
kaggle_dataset,kaggle_dataset/handwritten/VALIDATION_7229.jpg,SIMON,valid,,0,324,44,58,5,1
kaggle_dataset,kaggle_dataset/handwritten/VALIDATION_7238.jpg,NINON,train,,0,284,31,73,5,1
kaggle_dataset,kaggle_dataset/handwritten/VALIDATION_7309.jpg,ESTELLE,train,,0,284,50,45,7,1
kaggle_dataset,kaggle_dataset/handwritten/VALIDATION_7366.jpg,LEO,train,,0,284,66,34,3,1
kaggle_dataset,kaggle_dataset/handwritten/VALIDATION_7434.jpg,OIRY,train,,0,324,44,58,4,1
kaggle_dataset,kaggle_dataset/handwritten/VALIDATION_7440.jpg,VANZIELEGHEM,train,,0,324,44,58,12,1
kaggle_dataset,kaggle_dataset/handwritten/VALIDATION_7444.jpg,ELYNE,train,,0,324,44,58,5,1
kaggle_dataset,kaggle_dataset/handwritten/VALIDATION_7465.jpg,STEPHANE,train,,0,284,64,35,8,1
kaggle_dataset,kaggle_dataset/handwritten/VALIDATION_7518.jpg,EMPTY,train,,0,324,44,58,5,1
kaggle_dataset,kaggle_dataset/handwritten/VALIDATION_7525.jpg,REBECCA,train,,0,388,25,124,7,1
kaggle_dataset,kaggle_dataset/handwritten/VALIDATION_7578.jpg,BAREYRE,train,,0,284,50,45,7,1
kaggle_dataset,kaggle_dataset/handwritten/VALIDATION_7579.jpg,NOIREAU,train,,0,388,36,86,7,1
kaggle_dataset,kaggle_dataset/handwritten/VALIDATION_7599.jpg,BOCHART,train,,0,284,42,54,7,1
kaggle_dataset,kaggle_dataset/handwritten/VALIDATION_7605.jpg,GOUMILLOU,valid,,0,284,31,73,9,1
kaggle_dataset,kaggle_dataset/handwritten/VALIDATION_7615.jpg,LEA,train,,0,284,65,34,3,1
kaggle_dataset,kaggle_dataset/handwritten/VALIDATION_7762.jpg,BONTEMPS,train,,0,284,46,49,8,1
kaggle_dataset,kaggle_dataset/handwritten/VALIDATION_7910.jpg,ANTOINE,test,,0,388,23,134,7,1
kaggle_dataset,kaggle_dataset/handwritten/VALIDATION_7930.jpg,DA CRUZ,train,,0,324,44,58,7,1
kaggle_dataset,kaggle_dataset/handwritten/VALIDATION_7998.jpg,LESIEUR,test,,0,284,31,73,7,1
kaggle_dataset,kaggle_dataset/handwritten/VALIDATION_8000.jpg,JONATHAN,train,,0,388,27,114,8,1
kaggle_dataset,kaggle_dataset/handwritten/VALIDATION_8068.jpg,KIMMY,train,,0,324,44,58,5,1
kaggle_dataset,kaggle_dataset/handwritten/VALIDATION_8145.jpg,SIMON,valid,,0,324,44,58,5,1
kaggle_dataset,kaggle_dataset/handwritten/VALIDATION_8151.jpg,JET,train,,0,284,46,49,3,1
kaggle_dataset,kaggle_dataset/handwritten/VALIDATION_8180.jpg,POUTIERS,test,,0,388,36,86,8,1
kaggle_dataset,kaggle_dataset/handwritten/VALIDATION_8182.jpg,BULTEZ,train,,0,388,36,86,6,1
kaggle_dataset,kaggle_dataset/handwritten/VALIDATION_8207.jpg,EMPTY,train,,0,388,36,86,5,1
kaggle_dataset,kaggle_dataset/handwritten/VALIDATION_8271.jpg,FOUREL,test,,0,284,31,73,6,1
kaggle_dataset,kaggle_dataset/handwritten/VALIDATION_8272.jpg,THIBAUT,train,,0,284,50,45,7,1
kaggle_dataset,kaggle_dataset/handwritten/VALIDATION_8274.jpg,TOM,valid,,0,324,44,58,3,1
kaggle_dataset,kaggle_dataset/handwritten/VALIDATION_8362.jpg,ANAELLE,train,,0,388,26,119,7,1
kaggle_dataset,kaggle_dataset/handwritten/VALIDATION_8372.jpg,BEAUQUIS,train,,0,324,44,58,8,1
kaggle_dataset,kaggle_dataset/handwritten/VALIDATION_8386.jpg,LOUISE,test,,0,388,20,155,6,1
kaggle_dataset,kaggle_dataset/handwritten/VALIDATION_8408.jpg,GABRIEL,valid,,0,324,44,58,7,1
kaggle_dataset,kaggle_dataset/handwritten/VALIDATION_8409.jpg,BATOS,train,,0,284,50,45,5,1
kaggle_dataset,kaggle_dataset/handwritten/VALIDATION_8412.jpg,EMILIEN,train,,0,284,65,34,7,1
kaggle_dataset,kaggle_dataset/handwritten/VALIDATION_8422.jpg,LECOCQ,train,,0,388,36,86,6,1
kaggle_dataset,kaggle_dataset/handwritten/VALIDATION_8453.jpg,ALMEIDA,train,,0,284,31,73,7,1
kaggle_dataset,kaggle_dataset/handwritten/VALIDATION_8491.jpg,ABDOULATUF,train,,0,388,28,110,10,1
kaggle_dataset,kaggle_dataset/handwritten/VALIDATION_8510.jpg,MENARD,train,,0,284,31,73,6,1
kaggle_dataset,kaggle_dataset/handwritten/VALIDATION_8528.jpg,FAUSTINE,train,,0,324,44,58,8,1
kaggle_dataset,kaggle_dataset/handwritten/VALIDATION_8534.jpg,CHARLINE,train,,0,284,62,36,8,1
kaggle_dataset,kaggle_dataset/handwritten/VALIDATION_8579.jpg,TEANO,train,,0,284,69,32,5,1
kaggle_dataset,kaggle_dataset/handwritten/VALIDATION_8595.jpg,RENI,train,,0,324,44,58,4,1
kaggle_dataset,kaggle_dataset/handwritten/VALIDATION_8618.jpg,AURIAN,train,,0,284,31,73,6,1
kaggle_dataset,kaggle_dataset/handwritten/VALIDATION_8635.jpg,RIVAILLER,train,,0,388,36,86,9,1
kaggle_dataset,kaggle_dataset/handwritten/VALIDATION_8642.jpg,TOBAL,train,,0,324,44,58,5,1
kaggle_dataset,kaggle_dataset/handwritten/VALIDATION_8658.jpg,PRUD'HOMME,train,,0,284,50,45,10,1
kaggle_dataset,kaggle_dataset/handwritten/VALIDATION_8678.jpg,MARIE,train,,0,324,44,58,5,1
kaggle_dataset,kaggle_dataset/handwritten/VALIDATION_8687.jpg,SERGENT,train,,0,388,31,100,7,1
kaggle_dataset,kaggle_dataset/handwritten/VALIDATION_8690.jpg,MARTIN,train,,0,324,44,58,6,1
kaggle_dataset,kaggle_dataset/handwritten/VALIDATION_8776.jpg,MATEO,train,,0,388,29,107,5,1
kaggle_dataset,kaggle_dataset/handwritten/VALIDATION_8779.jpg,BAUDRY,train,,0,324,44,58,6,1
kaggle_dataset,kaggle_dataset/handwritten/VALIDATION_8888.jpg,CLEMENCE,train,,0,388,30,103,8,1
kaggle_dataset,kaggle_dataset/handwritten/VALIDATION_8936.jpg,GABRIELLE,train,,0,324,44,58,9,1
kaggle_dataset,kaggle_dataset/handwritten/VALIDATION_9043.jpg,FOLCH,train,,0,284,31,73,5,1
kaggle_dataset,kaggle_dataset/handwritten/VALIDATION_9049.jpg,LEA,train,,0,284,31,73,3,1
kaggle_dataset,kaggle_dataset/handwritten/VALIDATION_9087.jpg,MAYOLLE,train,,0,284,50,45,7,1
kaggle_dataset,kaggle_dataset/handwritten/VALIDATION_9097.jpg,CLEMENT,train,,0,324,44,58,7,1
kaggle_dataset,kaggle_dataset/handwritten/VALIDATION_9185.jpg,HIGUERO,valid,,0,324,44,58,7,1
kaggle_dataset,kaggle_dataset/handwritten/VALIDATION_9244.jpg,GISELE,train,,0,388,21,147,6,1
kaggle_dataset,kaggle_dataset/handwritten/VALIDATION_9252.jpg,ROXANE,train,,0,284,31,73,6,1
kaggle_dataset,kaggle_dataset/handwritten/VALIDATION_9271.jpg,MANACH,valid,,0,324,44,58,6,1
kaggle_dataset,kaggle_dataset/handwritten/VALIDATION_9326.jpg,LALLEMANT,train,,0,284,31,73,9,1
kaggle_dataset,kaggle_dataset/handwritten/VALIDATION_9357.jpg,GIFFARD,train,,0,284,50,45,7,1
kaggle_dataset,kaggle_dataset/handwritten/VALIDATION_9378.jpg,TORCHIO,train,,0,388,36,86,7,1
kaggle_dataset,kaggle_dataset/handwritten/VALIDATION_9385.jpg,LOISE,train,,0,324,44,58,5,1
kaggle_dataset,kaggle_dataset/handwritten/VALIDATION_9398.jpg,MATTEO,train,,0,324,44,58,6,1
kaggle_dataset,kaggle_dataset/handwritten/VALIDATION_9419.jpg,MELANIE,train,,0,284,31,73,7,1
kaggle_dataset,kaggle_dataset/handwritten/VALIDATION_9481.jpg,NICOD,test,,0,284,31,73,5,1
kaggle_dataset,kaggle_dataset/handwritten/VALIDATION_9501.jpg,CHAUVE,train,,0,284,50,45,6,1
kaggle_dataset,kaggle_dataset/handwritten/VALIDATION_9574.jpg,YON,test,,0,388,36,86,3,1
kaggle_dataset,kaggle_dataset/handwritten/VALIDATION_9665.jpg,NATHAN,train,,0,324,44,58,6,1
kaggle_dataset,kaggle_dataset/handwritten/VALIDATION_9666.jpg,TORTRAT,train,,0,388,36,86,7,1
kaggle_dataset,kaggle_dataset/handwritten/VALIDATION_9684.jpg,BRASSE,train,,0,284,43,52,6,1
kaggle_dataset,kaggle_dataset/handwritten/VALIDATION_9708.jpg,CORNIL,valid,,0,388,36,86,6,1
kaggle_dataset,kaggle_dataset/handwritten/VALIDATION_9720.jpg,NOAH,valid,,0,324,44,58,4,1
kaggle_dataset,kaggle_dataset/handwritten/VALIDATION_9724.jpg,AMAURY,train,,0,324,44,58,6,1
kaggle_dataset,kaggle_dataset/handwritten/VALIDATION_9751.jpg,MARTIREN,valid,,0,324,44,58,8,1
kaggle_dataset,kaggle_dataset/handwritten/VALIDATION_9773.jpg,TOM,valid,,0,388,22,141,3,1
kaggle_dataset,kaggle_dataset/handwritten/VALIDATION_9776.jpg,LOCHET,test,,0,284,31,73,6,1
kaggle_dataset,kaggle_dataset/handwritten/VALIDATION_9792.jpg,VLADISLAV,train,,0,388,22,141,9,1
kaggle_dataset,kaggle_dataset/handwritten/VALIDATION_9826.jpg,CAMILLE,train,,0,388,32,97,7,1
kaggle_dataset,kaggle_dataset/handwritten/VALIDATION_9897.jpg,NEBCHI,train,,0,324,44,58,6,1
kaggle_dataset,kaggle_dataset/handwritten/VALIDATION_9996.jpg,CHANDLER,train,,0,284,31,73,8,1
kaggle_dataset,kaggle_dataset/handwritten/VALIDATION_9998.jpg,KAJAANI,train,,0,388,29,107,7,1
kaggle_dataset,kaggle_dataset/historical/hist_0000.png,Historical Manuscript Document Sample 1,train,,0,2446,3512,5,39,0
kaggle_dataset,kaggle_dataset/historical/hist_0001.png,Historical Manuscript Document Sample 2,train,,0,1490,1388,8,39,0
kaggle_dataset,kaggle_dataset/historical/hist_0002.png,Historical Manuscript Document Sample 3,train,,0,2446,3512,5,39,0
kaggle_dataset,kaggle_dataset/historical/hist_0003.png,Historical Manuscript Document Sample 4,valid,,0,1120,1568,5,39,0
kaggle_dataset,kaggle_dataset/historical/hist_0004.png,Historical Manuscript Document Sample 5,train,,0,2446,3512,5,39,0
kaggle_dataset,kaggle_dataset/historical/hist_0005.png,Historical Manuscript Document Sample 6,train,,0,1392,2295,4,39,0
kaggle_dataset,kaggle_dataset/historical/hist_0006.png,Historical Manuscript Document Sample 7,train,,0,1537,2047,6,39,0
kaggle_dataset,kaggle_dataset/historical/hist_0007.png,Historical Manuscript Document Sample 8,train,,0,1192,1638,5,39,0
kaggle_dataset,kaggle_dataset/historical/hist_0008.png,Historical Manuscript Document Sample 9,train,,0,1489,1280,9,39,0
kaggle_dataset,kaggle_dataset/historical/hist_0009.png,Historical Manuscript Document Sample 10,valid,,0,1512,2008,6,40,0
kaggle_dataset,kaggle_dataset/historical/hist_0010.png,Historical Manuscript Document Sample 11,train,,0,928,1358,5,40,0
kaggle_dataset,kaggle_dataset/historical/hist_0011.png,Historical Manuscript Document Sample 12,train,,0,1505,1382,8,40,0
kaggle_dataset,kaggle_dataset/historical/hist_0012.png,Historical Manuscript Document Sample 13,test,,0,1120,1568,5,40,0
kaggle_dataset,kaggle_dataset/historical/hist_0013.png,Historical Manuscript Document Sample 14,train,,0,1942,1273,12,40,0
kaggle_dataset,kaggle_dataset/historical/hist_0014.png,Historical Manuscript Document Sample 15,train,,0,2481,3509,5,40,0
kaggle_dataset,kaggle_dataset/historical/hist_0015.png,Historical Manuscript Document Sample 16,train,,0,1392,2295,4,40,0
kaggle_dataset,kaggle_dataset/historical/hist_0016.png,Historical Manuscript Document Sample 17,train,,0,937,1275,5,40,0
kaggle_dataset,kaggle_dataset/historical/hist_0017.png,Historical Manuscript Document Sample 18,train,,0,1120,1568,5,40,0
kaggle_dataset,kaggle_dataset/historical/hist_0018.png,Historical Manuscript Document Sample 19,valid,,0,1251,1755,5,40,0
kaggle_dataset,kaggle_dataset/historical/hist_0019.png,Historical Manuscript Document Sample 20,train,,0,1482,1270,9,40,0
kaggle_dataset,kaggle_dataset/historical/hist_0020.png,Historical Manuscript Document Sample 21,train,,0,2481,3509,5,40,0
kaggle_dataset,kaggle_dataset/historical/hist_0021.png,Historical Manuscript Document Sample 22,train,,0,929,1363,5,40,0
kaggle_dataset,kaggle_dataset/historical/hist_0022.png,Historical Manuscript Document Sample 23,test,,0,1498,1386,8,40,0
kaggle_dataset,kaggle_dataset/historical/hist_0023.png,Historical Manuscript Document Sample 24,train,,0,2481,3509,5,40,0
kaggle_dataset,kaggle_dataset/historical/hist_0024.png,Historical Manuscript Document Sample 25,test,,0,1489,1280,9,40,0
kaggle_dataset,kaggle_dataset/historical/hist_0025.png,Historical Manuscript Document Sample 26,train,,0,1496,1271,9,40,0
kaggle_dataset,kaggle_dataset/historical/hist_0026.png,Historical Manuscript Document Sample 27,train,,0,1381,1369,8,40,0
kaggle_dataset,kaggle_dataset/historical/hist_0027.png,Historical Manuscript Document Sample 28,test,,0,1392,2295,4,40,0
kaggle_dataset,kaggle_dataset/historical/hist_0028.png,Historical Manuscript Document Sample 29,train,,0,1493,1275,9,40,0
kaggle_dataset,kaggle_dataset/historical/hist_0029.png,Historical Manuscript Document Sample 30,train,,0,1511,2008,6,40,0
kaggle_dataset,kaggle_dataset/historical/hist_0030.png,Historical Manuscript Document Sample 31,train,,0,1120,1568,5,40,0
kaggle_dataset,kaggle_dataset/historical/hist_0031.png,Historical Manuscript Document Sample 32,train,,0,1478,1280,9,40,0
kaggle_dataset,kaggle_dataset/historical/hist_0032.png,Historical Manuscript Document Sample 33,train,,0,1501,1275,9,40,0
kaggle_dataset,kaggle_dataset/historical/hist_0033.png,Historical Manuscript Document Sample 34,train,,0,1495,1346,8,40,0
kaggle_dataset,kaggle_dataset/historical/hist_0034.png,Historical Manuscript Document Sample 35,valid,,0,2446,3512,5,40,0
kaggle_dataset,kaggle_dataset/historical/hist_0035.png,Historical Manuscript Document Sample 36,valid,,0,1503,1283,9,40,0
kaggle_dataset,kaggle_dataset/historical/hist_0036.png,Historical Manuscript Document Sample 37,valid,,0,1392,2295,4,40,0
kaggle_dataset,kaggle_dataset/historical/hist_0037.png,Historical Manuscript Document Sample 38,train,,0,1392,2295,4,40,0
kaggle_dataset,kaggle_dataset/historical/hist_0038.png,Historical Manuscript Document Sample 39,train,,0,2446,3512,5,40,0
kaggle_dataset,kaggle_dataset/historical/hist_0039.png,Historical Manuscript Document Sample 40,valid,,0,1384,1384,8,40,0
mathwriting,mathwriting/images/test_000a4e8ca49c5a1c.png,(x-y)/sqrt(2),test,test,1,169,64,21,13,1
mathwriting,mathwriting/images/test_001083e26028da36.png,"\nabla I=(I_{x},I_{y})",test,test,1,165,64,20,22,0
mathwriting,mathwriting/images/test_0017bb5822bcba69.png,P=P(C(Z)),test,test,1,130,64,16,9,1
mathwriting,mathwriting/images/test_002ae6d5dd4173e4.png,x_{1}-x_{2}+x_{0}=0,test,test,1,225,64,28,19,1
mathwriting,mathwriting/images/test_00386113d577085b.png,"\langle a_{0},a_{1},...\rangle\in R^{\omega}",test,test,1,210,64,26,44,0
mathwriting,mathwriting/images/test_003ca9082c7047d3.png,\partial_{i}f=\frac{\partial f}{\partial\xi^{i}}:=\frac{\partial\overline{f}}{\partial\xi^{i}},test,test,1,144,64,18,94,0
mathwriting,mathwriting/images/test_004c9413be3ff1be.png,\langle A\rangle_{\psi}=||A\psi||^{2},test,test,1,154,64,19,37,0
mathwriting,mathwriting/images/test_004fc8d3f626f1d9.png,"\delta_{j,j_{1}}\delta_{m,m_{1}}",test,test,1,167,64,20,32,0
mathwriting,mathwriting/images/test_0052b8e13b5f4a36.png,w(\neg\theta)=F_{\neg}(w(\theta)),test,test,1,204,64,25,33,0
mathwriting,mathwriting/images/test_00692074bbc0f678.png,"t\longrightarrow F(t,t_{0},x)",test,test,1,169,64,21,29,0
mathwriting,mathwriting/images/test_006badbfc63bbd21.png,"p=(p_{x},p_{y},p_{z})",test,test,1,166,64,20,21,0
mathwriting,mathwriting/images/test_0082d4aa943b9f8c.png,|\frac{d^{2}y}{dx^{2}}|\approx\frac{1}{R},test,test,1,123,64,15,41,0
mathwriting,mathwriting/images/test_0083f66ddd05c46c.png,"m_{i,j}=x^{i}\cdot x^{j}",test,test,1,129,64,16,24,0
mathwriting,mathwriting/images/test_0090db2a639b5c98.png,S_{ijk}\rightarrow S_{ij}(\omega_{k}),test,test,1,173,64,21,37,0
mathwriting,mathwriting/images/test_00915f0ffe17930e.png,"(g^{a}modp,g,p)",test,test,1,168,64,21,15,1
mathwriting,mathwriting/images/test_009d124a50399bba.png,J_{i}=\sum_{j}L_{ij}\frac{\partial F_{j}}{\partial x_{j}},test,test,1,140,64,17,57,0
mathwriting,mathwriting/images/test_009fb93aab47d6f5.png,\{f_{X}(\cdot;\theta)|\theta\in\Theta\},test,test,1,170,64,21,39,0
mathwriting,mathwriting/images/test_00ad7566b9f1d872.png,\dot{x}(t)=f(x(t)),test,test,1,151,64,18,18,1
mathwriting,mathwriting/images/test_00ba90fe7f71d8c6.png,\Omega((logn)/n^{2}),test,test,1,179,64,22,20,1
mathwriting,mathwriting/images/test_00c46c9b07b39bb7.png,l_{n}=kl_{n}\cdot\frac{b_{n}}{b_{a}}\cdot\frac{s_{n}}{s_{a}},test,test,1,146,64,18,60,0
mathwriting,mathwriting/images/test_00d4fc6636cbf2d9.png,\tilde{g}_{n}=[\begin{matrix}g_{n}\\ \gamma_{n}\end{matrix}],test,test,1,144,64,18,60,0
mathwriting,mathwriting/images/test_00db5331b85f4d47.png,N=|V|,test,test,1,105,64,13,5,1
mathwriting,mathwriting/images/test_00eaf4f2d3d20bb1.png,B=ln(-b),test,test,1,179,64,22,8,1
mathwriting,mathwriting/images/test_00fcddfee1ebfee6.png,2sin(x/2),test,test,1,150,64,18,9,1
mathwriting,mathwriting/images/test_00fee560e6c9af79.png,\sqrt{1-\omega^{2}r_{0}^{2}},test,test,1,141,64,17,28,0
mathwriting,mathwriting/images/test_010d0f9e951a7a44.png,x_{i}^{\prime}\equiv\frac{1}{1+e^{-\frac{x_{i}-\mu_{i}}{\sigma_{i}}}},test,test,1,165,64,20,69,0
mathwriting,mathwriting/images/test_010d4fea2361f01f.png,Inj(M_{i})<\epsilon(n),test,test,1,204,64,25,22,1
mathwriting,mathwriting/images/test_0111fa141bb73b48.png,-a^{n}u[-n-1],test,test,1,151,64,18,13,1
mathwriting,mathwriting/images/test_0114e881d8b22bbb.png,(\Lambda(A):A\in B_{b}(S)),test,test,1,190,64,23,26,0
mathwriting,mathwriting/images/test_011f1f41eb55b661.png,(\frac{lnN}{N})\rightarrow0,test,test,1,151,64,18,27,0
mathwriting,mathwriting/images/test_0121d7fdad59c8ab.png,\Leftrightarrow|PA|^{2}=9|PB|^{2},test,test,1,194,64,24,33,0
mathwriting,mathwriting/images/test_01292cf19c2c9c7c.png,u=1+l^{2}+m^{2},test,test,1,158,64,19,15,1
mathwriting,mathwriting/images/test_013a32b84ce6252f.png,"\{L(u,v):u,v\in X\}",test,test,1,172,64,21,19,1
mathwriting,mathwriting/images/test_01453872d3d2afe5.png,=J+\epsilon_{0}\frac{\partial E}{\partial t},test,test,1,127,64,15,44,0
mathwriting,mathwriting/images/test_014f7412fa06f5c0.png,||L_{x}||_{(l^{p})^{*}}=||x||_{q},test,test,1,206,64,25,33,0
mathwriting,mathwriting/images/test_015e012d8baa97f3.png,"\epsilon,\delta,K>0",test,test,1,165,64,20,19,1
mathwriting,mathwriting/images/test_016a39f81ff20b8d.png,\frac{\partial}{\partial\overline{z}}w(z)=0,test,test,1,134,64,16,43,0
mathwriting,mathwriting/images/test_01752f0f5fba0225.png,L=(\begin{matrix}1&0\\ \frac{-1}{f}&1\end{matrix}),test,test,1,108,64,13,50,0
mathwriting,mathwriting/images/test_0175c1fb5814dc11.png,"\Omega=\sqrt{|\chi_{g,e}|^{2}+\delta^{2}}",test,test,1,151,64,18,41,0
mathwriting,mathwriting/images/test_0180366e774d93be.png,\Omega(eg)=g^{-1}\Omega(e)g,test,test,1,203,64,25,27,0
mathwriting,mathwriting/images/test_01859fc130dc9008.png,(++++),test,test,1,152,64,19,6,1
mathwriting,mathwriting/images/test_01917677eaf160bb.png,Pr(s|I)\propto1/s,test,test,1,143,64,17,17,1
mathwriting,mathwriting/images/test_0199f657babdf636.png,\prod_{p}p/(p-1),test,test,1,119,64,14,16,0
mathwriting,mathwriting/images/test_01a2f3186b7e33e1.png,"(2n,n,\lambda,1)",test,test,1,185,64,23,16,1
mathwriting,mathwriting/images/test_01a53ae1e3a9b918.png,E:R^{n}\rightarrow T_{p}M,test,test,1,155,64,19,25,0
mathwriting,mathwriting/images/test_01ab618a2350036f.png,"f_{n}\rightarrow\chi_{[1,2)}",test,test,1,173,64,21,28,0
mathwriting,mathwriting/images/test_01b552b8a037ab13.png,T_{pq}(e_{p}\otimes e_{q}),test,test,1,124,64,15,26,0
mathwriting,mathwriting/images/test_01b74db41e479782.png,\vec{x}\in S,test,test,1,148,64,18,12,1
mathwriting,mathwriting/images/test_01c37bbe7ea55c56.png,T+ATT=1+E,test,test,1,248,64,31,9,1
mathwriting,mathwriting/images/test_01cdd808862eab64.png,T^{t}:=S^{1}\times\cdot\cdot\cdot\times S^{1},test,test,1,227,64,28,45,0
mathwriting,mathwriting/images/test_01cf085d26abe325.png,G^{p^{k}}=\{g^{p^{k}}|g\in G\},test,test,1,214,64,26,30,0
mathwriting,mathwriting/images/test_01d12458811a5a38.png,"\Omega=arg(-z_{2},z_{1})",test,test,1,189,64,23,24,0
mathwriting,mathwriting/images/test_01d2b56291c7ffdd.png,N_{i}\overline{r_{i}},test,test,1,102,64,12,21,0
mathwriting,mathwriting/images/test_01d2f97f90ed79e6.png,"m\equiv\frac{RF_{,R}}{F}",test,test,1,102,64,12,24,0
mathwriting,mathwriting/images/test_01d4d9a9dc145333.png,K_{m}=\frac{1}{2}(k_{1}+k_{2}),test,test,1,194,64,24,30,0
mathwriting,mathwriting/images/test_01d54b93c127e89c.png,F^{0}[f]=f,test,test,1,158,64,19,10,1
mathwriting,mathwriting/images/test_01d90fce29b20f64.png,A\models_{X}^{+}Rt_{1}...t_{n},test,test,1,186,64,23,30,0
mathwriting,mathwriting/images/test_01e4c8973307a964.png,"|g,n\rangle\rightarrow|e,n-1\rangle",test,test,1,202,64,25,35,0
mathwriting,mathwriting/images/test_01e6c79f4d27bc54.png,N(t)=N_{0}2^{-t/t_{1/2}},test,test,1,190,64,23,24,0
mathwriting,mathwriting/images/test_01f3445177808c3d.png,X_{2i}\epsilon R^{Q},test,test,1,160,64,20,20,1
mathwriting,mathwriting/images/test_0204f1101b3f4033.png,"(x,y,\theta,\kappa,\kappa^{\prime})",test,test,1,171,64,21,35,0
mathwriting,mathwriting/images/test_02248037ee4a5528.png,"(h,h(\hat{k}),h(\hat{l}))",test,test,1,154,64,19,25,0
mathwriting,mathwriting/images/test_022b4cfb5a5a3856.png,d^{\prime}=V_{ud}d+V_{us}s,test,test,1,230,64,28,26,1
mathwriting,mathwriting/images/test_022be26e0a8ab535.png,|\psi\rangle=\sum_{n=0}^{\infty}a_{n}|\psi_{n}\rangle,test,test,1,167,64,20,53,0
mathwriting,mathwriting/images/test_0235a447c15a24d7.png,nlog_{2}n-\frac{n}{ln2},test,test,1,140,64,17,23,0
mathwriting,mathwriting/images/test_023a443f36a838ff.png,\nabla_{\vec{\theta}}=D_{d}\nabla,test,test,1,163,64,20,33,0
mathwriting,mathwriting/images/test_024279a4b8037bae.png,f(y)=2+2y+y^{2},test,test,1,133,64,16,15,1
mathwriting,mathwriting/images/test_0247a5d7e1002d66.png,|V_{0}|\gg E_{f},test,test,1,168,64,21,16,1
mathwriting,mathwriting/images/test_0255dc5b14261907.png,1+x+\frac{x^{2}}{2},test,test,1,113,64,14,19,0
mathwriting,mathwriting/images/test_025f51bee0e59494.png,g=g_{-1}\oplus g_{0}\oplus g_{1},test,test,1,255,64,31,32,0
mathwriting,mathwriting/images/test_02657f6bba1d2004.png,f_{a}(bx)=f_{f_{a}(b)}(x),test,test,1,230,64,28,25,1
mathwriting,mathwriting/images/test_026fd85034106735.png,T^{-1}=(T_{b}^{a})^{-1},test,test,1,174,64,21,23,0
mathwriting,mathwriting/images/test_02720f6a67e8bc09.png,L_{10}=(C/P)^{p},test,test,1,190,64,23,16,1
mathwriting,mathwriting/images/test_0272a794109d5d2d.png,P_{F}=\sqrt{P_{P}\cdot P_{L}},test,test,1,146,64,18,29,0
mathwriting,mathwriting/images/test_0276c02c9b9222e9.png,f^{-1}(y)=\sqrt{y},test,test,1,135,64,16,18,0
mathwriting,mathwriting/images/test_028414d36ea98262.png,\Delta b/b^{2}\approx\Delta f/f^{2},test,test,1,222,64,27,35,0
mathwriting,mathwriting/images/test_02894b4ff1ee6c7b.png,"0/x=0,x/x=1",test,test,1,248,64,31,11,1
mathwriting,mathwriting/images/test_028cf1f0507df703.png,U_{i}(I)=I_{L_{i}},test,test,1,144,64,18,18,1
mathwriting,mathwriting/images/test_029b5da0999d4903.png,"\omega_{\{(k,i),(k^{\prime},i^{\prime}),(k^{\prime\prime},i^{\prime\prime})\}}",test,test,1,163,64,20,78,0
mathwriting,mathwriting/images/test_029decc2d74fd082.png,abca^{-1}b^{-1}d\sim?,test,test,1,188,64,23,21,1
mathwriting,mathwriting/images/test_02ace78dfc726867.png,2sin(\theta/2)r,test,test,1,171,64,21,15,1
mathwriting,mathwriting/images/test_02aced0c052805c6.png,1/x\approx1-x,test,test,1,192,64,24,13,1
mathwriting,mathwriting/images/test_02b1dc6d4efd493a.png,\Omega(R)=cP(R),test,test,1,214,64,26,15,1
mathwriting,mathwriting/images/test_02b7060b95d998eb.png,-|I|>I_{0},test,test,1,135,64,16,10,1
mathwriting,mathwriting/images/test_02c39c1be9d660b7.png,1-4\pi r^{3}/3V,test,test,1,186,64,23,15,1
mathwriting,mathwriting/images/test_02c6f6dea91a2a06.png,(RU^{2}D^{-1}BD^{-1}),test,test,1,169,64,21,21,1
mathwriting,mathwriting/images/test_02c9daf282f5a1e3.png,"\sum_{x\in\{0,1\}^{T}}|x\rangle|f(x)\rangle",test,test,1,142,64,17,43,0
mathwriting,mathwriting/images/test_02d5b5f98ac5fbd2.png,f_{z}(x)=e^{ix^{t}Zx/2},test,test,1,205,64,25,23,1
mathwriting,mathwriting/images/test_02da6f52e30f674d.png,2^{k}t_{0},test,test,1,98,64,12,10,1
mathwriting,mathwriting/images/test_02dcdb815d18cdf1.png,"f(x_{t},t)=x_{t}e^{\theta t}",test,test,1,159,64,19,28,0
mathwriting,mathwriting/images/test_02de91b624143438.png,y^{2}=x^{3}-n^{2}x,test,test,1,171,64,21,18,1
mathwriting,mathwriting/images/test_030373f9d3edac3b.png,\frac{R_{U}}{r_{e}}\approx\frac{r_{H}}{r_{e}}\approx10^{42},test,test,1,144,64,18,59,0
mathwriting,mathwriting/images/test_030a0f18b6fcb87b.png,\pi(x)-\pi(\frac{x}{2})\ge1,test,test,1,246,64,30,27,1
mathwriting,mathwriting/images/test_030ea5646116a251.png,M_{2}=P_{1}^{\prime}|P_{2}|...,test,test,1,148,64,18,30,0
mathwriting,mathwriting/images/test_0316d949cd776194.png,X_{k}=p(e^{2\pi i\frac{k}{2^{n}}}),test,test,1,130,64,16,34,0
mathwriting,mathwriting/images/test_032278982233fefa.png,"L_{r},L_{t},L_{L}/10",test,test,1,174,64,21,20,1
mathwriting,mathwriting/images/test_032360b882783120.png,\kappa_{2}=\mu_{2}^{\prime}-{\mu_{1}^{\prime}}^{2},test,test,1,161,64,20,50,0
mathwriting,mathwriting/images/test_0325d90612c71772.png,"\hat{\Sigma}_{j,/j}",test,test,1,65,64,8,19,0
mathwriting,mathwriting/images/test_03277de2f80a8aaf.png,Y_{n+1}=I-XY_{n},test,test,1,178,64,22,16,1
mathwriting,mathwriting/images/test_0333d9584ff7c0d0.png,f^{-1}(x)=\frac{1}{f(x)},test,test,1,155,64,19,24,0
mathwriting,mathwriting/images/test_0339bd185b869ac1.png,\frac{dD}{dt}=\frac{1}{\epsilon_{f}}\frac{d\epsilon_{p}}{dt},test,test,1,113,64,14,60,0
mathwriting,mathwriting/images/test_034e1c65312b7f9d.png,u_{min}=min\{u_{i}\},test,test,1,195,64,24,20,1
mathwriting,mathwriting/images/test_035a670b49c3ce36.png,Li(x)=\int_{0}^{x}\frac{dt}{log(t)},test,test,1,131,64,16,35,0
mathwriting,mathwriting/images/test_036ac8debd6a3120.png,j_{z}=-\frac{1}{\mu_{0}}\nabla^{2}A,test,test,1,158,64,19,35,0
mathwriting,mathwriting/images/test_036f0970a5c42b1e.png,"\langle x^{*},x\rangle",test,test,1,141,64,17,22,0
mathwriting,mathwriting/images/test_03762d643e1dbb50.png,\nabla\cdot P=-\rho_{b},test,test,1,160,64,20,23,0
mathwriting,mathwriting/images/test_037c0549cfc11f2d.png,A\cap B=\overline{\overline{A}\cup\overline{B}},test,test,1,158,64,19,47,0
mathwriting,mathwriting/images/test_0384f21195efa622.png,z_{n+1}={z_{n}}^{2}+c,test,test,1,221,64,27,21,1
mathwriting,mathwriting/images/test_038c609ec875dc17.png,\Phi_{lm}=\vec{r}\times\nabla Y_{lm},test,test,1,191,64,23,36,0
mathwriting,mathwriting/images/test_039523fde61322a2.png,D(EQ)\le n-1,test,test,1,158,64,19,12,1
mathwriting,mathwriting/images/test_03a5fbf204ec2a69.png,"(x_{i},x_{i+1})\in E",test,test,1,245,64,30,20,1
mathwriting,mathwriting/images/test_03ab27a5e969801b.png,e^{e^{e^{e^{7.705}}}}<10^{10^{10^{964}}},test,test,1,136,64,17,40,0
mathwriting,mathwriting/images/test_03b25f204c7b47de.png,J_{(1)}=J_{(2)},test,test,1,142,64,17,15,1
mathwriting,mathwriting/images/test_03b5b80e61ede1ac.png,\pm z_{1}^{c_{1}}...z_{n}^{c_{n}},test,test,1,124,64,15,33,0
mathwriting,mathwriting/images/test_03c1e5d37f7dc43d.png,\overline{g}_{\kappa\lambda}=\eta_{\kappa\lambda}=,test,test,1,208,64,26,50,0
mathwriting,mathwriting/images/test_03d0d068dbfaa5c5.png,Q(\sqrt{d})/Q,test,test,1,186,64,23,13,1
mathwriting,mathwriting/images/test_03d40d713cff6b26.png,4^{n}+2^{n+1}-1,test,test,1,139,64,17,15,1
mathwriting,mathwriting/images/test_03d80f03e7257f44.png,"[1,f(x,y)]",test,test,1,109,64,13,10,1
mathwriting,mathwriting/images/test_03dc827f8b4f9386.png,(b\overline{g}+g\overline{b})/\sqrt{2},test,test,1,158,64,19,38,0
mathwriting,mathwriting/images/test_03dd32b2bd99f8c1.png,"Q_{\alpha}=M_{,\alpha}",test,test,1,126,64,15,22,0
mathwriting,mathwriting/images/test_03e43d8e767e5aec.png,"\nabla\cdot(u,v)=u_{x}+v_{y}",test,test,1,226,64,28,28,1
mathwriting,mathwriting/images/test_03ec1cf693f33af4.png,e^{-ix}=\frac{1}{e^{ix}},test,test,1,130,64,16,24,0
mathwriting,mathwriting/images/test_03f04833cb837350.png,\frac{2log(l-1)-logl}{2},test,test,1,139,64,17,24,0
mathwriting,mathwriting/images/test_03f4d7169d322943.png,lim_{\Delta x\rightarrow0}g(\Delta x)=0,test,test,1,205,64,25,39,0
mathwriting,mathwriting/images/test_03f960eefb034cc9.png,1-C_{xy},test,test,1,136,64,17,8,1
mathwriting,mathwriting/images/test_040b8e680187356c.png,R_{j}^{*}=d/a_{j},test,test,1,125,64,15,17,0
mathwriting,mathwriting/images/test_0414df14fce6c763.png,\frac{1}{3}=0.(3),test,test,1,137,64,17,17,1
mathwriting,mathwriting/images/test_0417a1bac9ff37fa.png,T(ax+by)-T(0),test,test,1,225,64,28,13,1
mathwriting,mathwriting/images/test_0419c6098f354d5f.png,I_{K}(m_{K})/H_{K},test,test,1,162,64,20,18,1
mathwriting,mathwriting/images/test_0422ffb14648ef14.png,"U_{t}=e^{itA},t\in R",test,test,1,167,64,20,20,1
mathwriting,mathwriting/images/test_042f9dd4f246cd51.png,x^{*}=\nabla f(\nabla f^{*}(x^{*})),test,test,1,213,64,26,35,0
mathwriting,mathwriting/images/test_04303e80bb3b363f.png,p_{j}(x)=j\sum_{i=1}^{j}|x_{i}|,test,test,1,160,64,20,31,0
mathwriting,mathwriting/images/test_043083dc47710e3f.png,V=f(t)=V_{0}e^{-\frac{t}{\tau}},test,test,1,175,64,21,31,0
mathwriting,mathwriting/images/test_0439c6e2406abd02.png,k=3.45(N+1),test,test,1,211,64,26,11,1
mathwriting,mathwriting/images/test_043ab312194e307f.png,"H_{1}:\{0,1\}^{*}\rightarrow G_{1}^{*}",test,test,1,173,64,21,38,0
mathwriting,mathwriting/images/test_044414882ca1e523.png,O(n^{\sqrt{k}}),test,test,1,137,64,17,15,1
mathwriting,mathwriting/images/test_0448d738a6ef71e5.png,"\Psi_{A}(1,2,...,N_{A})",test,test,1,166,64,20,23,0
mathwriting,mathwriting/images/test_04671785d6764ac7.png,"s(r,E,\hat{\Omega},t)",test,test,1,198,64,24,21,1
mathwriting,mathwriting/images/test_046bcbd7b4683540.png,\Rightarrow\frac{1}{2x}<[1/x],test,test,1,177,64,22,29,0
mathwriting,mathwriting/images/test_047c8a1e14a47a8d.png,cr+cs=a^{2}+b^{2},test,test,1,233,64,29,17,1
mathwriting,mathwriting/images/test_0480cf86b72aaad9.png,R=df/dn(n=0),test,test,1,179,64,22,12,1
mathwriting,mathwriting/images/test_0496e150b09423d4.png,{(\hat{k}_{F})}^{\kappa\lambda\mu\nu},test,test,1,153,64,19,37,0
mathwriting,mathwriting/images/test_049c5fa2130b640a.png,A(t)=e^{W\cdot t}A(0),test,test,1,164,64,20,21,0
mathwriting,mathwriting/images/test_049c87d8b46e48e3.png,\sqrt{16-x^{2}},test,test,1,112,64,14,15,0
mathwriting,mathwriting/images/test_04a29575b6d95c14.png,\frac{dD}{dt}=\frac{1}{\epsilon_{f}}\frac{d\epsilon_{p}}{dt},test,test,1,141,64,17,60,0
mathwriting,mathwriting/images/test_04b22a5fda1d3489.png,"H_{n}(x)=\sum_{k=0}^{n}a_{n,k}x^{k}",test,test,1,162,64,20,35,0
mathwriting,mathwriting/images/test_04bce9e95c175534.png,\frac{1}{N}\frac{\sqrt{N}}{2}=\frac{1}{2\sqrt{N}},test,test,1,147,64,18,49,0
mathwriting,mathwriting/images/test_04c6131d52decb32.png,[n:=n+1],test,test,1,110,64,13,8,1
mathwriting,mathwriting/images/test_04d04edbd034c6e2.png,U_{p}=\frac{F^{2}}{4\omega^{2}},test,test,1,105,64,13,31,0
mathwriting,mathwriting/images/test_04d5cd7876505b42.png,\hat{\Omega}=U^{\dagger}\hat{\Omega}U,test,test,1,162,64,20,37,0
mathwriting,mathwriting/images/test_04d613d7897993bb.png,\lambda^{N+1}=\prod_{i=0}^{N}(p-q_{i}),test,test,1,142,64,17,38,0
mathwriting,mathwriting/images/test_04d7ed69bae7380c.png,(a-b)t+b,test,test,1,171,64,21,8,1
mathwriting,mathwriting/images/test_04d8125ee94f096c.png,\overline{F}(x)\equiv Pr[X>x],test,test,1,192,64,24,29,0
mathwriting,mathwriting/images/test_04e1ad3980a3a81f.png,g^{-1}\mu(A)=\mu(gA),test,test,1,180,64,22,20,1
mathwriting,mathwriting/images/test_04eb7017ff882087.png,"\nabla^{2}p=f(\nu,V)",test,test,1,146,64,18,20,0
mathwriting,mathwriting/images/test_04eb8f8a476f98f6.png,\eta=1-\frac{1}{r_{v}^{\gamma-1}},test,test,1,149,64,18,33,0
mathwriting,mathwriting/images/test_04edac9fe8bf5338.png,ACDA_{si}=\frac{Vd_{hsd}}{V_{i}},test,test,1,152,64,19,32,0
mathwriting,mathwriting/images/test_04edd2773e1d1be2.png,P(Z\ge k)\le\frac{1}{2k^{2}},test,test,1,156,64,19,28,0
mathwriting,mathwriting/images/test_050334e823c90724.png,\bigcap_{n\in N}J^{n}=\{0\},test,test,1,129,64,16,27,0
mathwriting,mathwriting/images/test_05085e53669a2d82.png,I^{+}(S)\cap T,test,test,1,216,64,27,14,1
mathwriting,mathwriting/images/test_0514870f7b7882a9.png,\int_{0}^{1}\frac{sin(1/x)}{x}dx,test,test,1,143,64,17,32,0
mathwriting,mathwriting/images/test_05158c8c6594ffd7.png,"(\overline{3},1,-\frac{4}{3})",test,test,1,163,64,20,29,0
mathwriting,mathwriting/images/test_0518e4f59a069378.png,"-\sqrt{n},...,\sqrt{n}",test,test,1,184,64,23,22,1
mathwriting,mathwriting/images/test_051c96516aa53311.png,"(a+t,b+t]",test,test,1,159,64,19,9,1
mathwriting,mathwriting/images/test_051dca26f81bbffa.png,\frac{1}{n}E(f-Ef)^{2},test,test,1,161,64,20,22,0
mathwriting,mathwriting/images/test_052b8aebfd8741b9.png,2m-2<n(m-1),test,test,1,214,64,26,11,1
mathwriting,mathwriting/images/test_0532ff1744b26b27.png,W=W^{\prime}+\mu^{-1},test,test,1,153,64,19,21,0
mathwriting,mathwriting/images/test_054562f99b6fb2ff.png,E=H=T+V,test,test,1,221,64,27,7,1
mathwriting,mathwriting/images/test_054e5679c6eb8a09.png,(\frac{(\begin{matrix}99\\ 49\end{matrix})}{(\begin{matrix}100\\ 50\end{matrix})})^{100}=\frac{1}{2^{100}},test,test,1,130,64,16,106,0
mathwriting,mathwriting/images/test_05630d29b19ef4e9.png,[a-bi],test,test,1,93,64,11,6,1
mathwriting,mathwriting/images/test_0572f2b7059fbb57.png,lim_{x\rightarrow0}\frac{O(x)}{O(x)},test,test,1,152,64,19,36,0
mathwriting,mathwriting/images/test_0577724edc225bbb.png,lim_{x\rightarrow0}\frac{x}{x^{3}}=\infty.(6),test,test,1,200,64,25,45,0
mathwriting,mathwriting/images/test_058e024d79ccf0db.png,e^{2}=-\frac{1}{\sqrt{2}}e_{1}+2e_{2},test,test,1,169,64,21,37,0
mathwriting,mathwriting/images/test_05906cd6fccaca38.png,0<k<log_{2}^{2}b,test,test,1,207,64,25,16,1
mathwriting,mathwriting/images/test_0590b231d1da49bd.png,<,test,test,1,64,64,8,1,1
mathwriting,mathwriting/images/test_05a39bcdbcd491a8.png,"e_{2},e_{3}\in(-1,0]",test,test,1,175,64,21,20,1
mathwriting,mathwriting/images/test_05afdedd8fca7285.png,=10^{-23}\frac{erg}{s\cdot cm^{2}\cdot Hz},test,test,1,152,64,19,42,0
mathwriting,mathwriting/images/test_05bd5644a2dbbb80.png,\{f_{X}(\cdot;\theta)|\theta\in\Theta\},test,test,1,166,64,20,39,0
mathwriting,mathwriting/images/test_05d49362d9180518.png,|\psi(t)\rangle=U(t)|\psi(0)\rangle,test,test,1,202,64,25,35,0
mathwriting,mathwriting/images/test_05e62d58c104a6b6.png,\vec{n}_{i}\cdot\vec{x}\le b_{i},test,test,1,169,64,21,32,0
mathwriting,mathwriting/images/test_05ed816134184613.png,p(n-1)\le1/2<p(n),test,test,1,293,64,36,17,1
mathwriting,mathwriting/images/test_05f4416e8a265bee.png,0.5=E[X_{1}],test,test,1,171,64,21,12,1
mathwriting,mathwriting/images/test_05f89b48c79bb626.png,J=A_{G}T^{2}e^{\frac{-W}{kT}},test,test,1,185,64,23,29,0
mathwriting,mathwriting/images/test_05ff9f336cb4000d.png,\dot{M}=\dot{B}=0,test,test,1,154,64,19,17,1
mathwriting,mathwriting/images/test_060162f2a242592b.png,(2m-6)^{2}=50|m|,test,test,1,171,64,21,16,1
mathwriting,mathwriting/images/test_06052148b2ed3983.png,v,test,test,1,73,64,9,1,1
mathwriting,mathwriting/images/test_0605ccf2d4ba7976.png,W=\frac{\tilde{W}}{\frac{dz}{d\zeta}}=\frac{\tilde{W}}{1-\frac{1}{\zeta^{2}}},test,test,1,134,64,16,77,0
mathwriting,mathwriting/images/test_060a7e23513df5d6.png,"Z\cup[(0,1)\cap Q]",test,test,1,194,64,24,18,1
mathwriting,mathwriting/images/test_061f715f098c3a23.png,\frac{x^{2}}{1-x^{2}}R,test,test,1,83,64,10,22,0
mathwriting,mathwriting/images/test_06207fc7caa654db.png,w=\sqrt{KW-UV},test,test,1,226,64,28,14,1
mathwriting,mathwriting/images/test_0625c86dd5028c58.png,\frac{1}{12}(\begin{matrix}4&8&4\\ 5&7&-4\\ 1&-1&4\end{matrix}),test,test,1,122,64,15,63,0
mathwriting,mathwriting/images/test_06530b484fd92953.png,(a+bm)/k,test,test,1,133,64,16,8,1
mathwriting,mathwriting/images/test_0654733b9416d1b9.png,\frac{d}{dt}(\frac{dt}{d\tau})\approx0,test,test,1,155,64,19,38,0
mathwriting,mathwriting/images/test_06584bf963755bf9.png,\frac{2log(l-1)-logl}{2},test,test,1,146,64,18,24,0
mathwriting,mathwriting/images/test_065f369d408a7044.png,\sum_{i=1}^{n}i=\frac{n(n+1)}{2},test,test,1,119,64,14,32,0
mathwriting,mathwriting/images/test_066e40ab3c48f38a.png,x^{2}-\sqrt{x}=13,test,test,1,157,64,19,17,1
mathwriting,mathwriting/images/test_06773a394d1ee0cd.png,1+2+3+4=10,test,test,1,311,64,38,10,1
mathwriting,mathwriting/images/test_0677b0841b3eabb8.png,d=\frac{v^{2}}{g}sin(2\theta),test,test,1,157,64,19,29,0
mathwriting,mathwriting/images/test_068953c99e05c2d8.png,f^{-1}(\overline{Z})=\overline{f^{-1}(Z)},test,test,1,190,64,23,41,0
mathwriting,mathwriting/images/test_06909af025a4639f.png,L_{X}f=i_{X}df,test,test,1,193,64,24,14,1
mathwriting,mathwriting/images/train_00001d1472a8709f.png,\dot{y}=\frac{dy}{dt},train,train,1,89,64,11,21,0
mathwriting,mathwriting/images/train_00002504391b73b5.png,\phi^{*}(T^{*}N)\rightarrow T^{*}M,train,train,1,214,64,26,34,0
mathwriting,mathwriting/images/train_00003037d3a6d0ba.png,"(s,i)\ne(t,j)",train,train,1,197,64,24,13,1
mathwriting,mathwriting/images/train_0000fe986018f92a.png,(\begin{matrix}9\\ 4\end{matrix}),train,train,1,64,64,8,33,0
mathwriting,mathwriting/images/train_00011d9f03970147.png,{10^{218}}^{10}-\frac{\frac{4}{\sqrt{375}}}{179},train,train,1,107,64,13,48,0
mathwriting,mathwriting/images/train_000133cb0c856e06.png,A=\prod_{i=1}^{n}A_{i},train,train,1,113,64,14,22,0
mathwriting,mathwriting/images/train_00016221aae38d32.png,\frac{2GM}{z^{3}}\times10^{9},train,train,1,117,64,14,29,0
mathwriting,mathwriting/images/train_00020b16c6745940.png,x^{2}\equiv a,train,train,1,128,64,16,13,1
mathwriting,mathwriting/images/train_00024ca14bb2c441.png,B^{0}\rightarrow\pi^{+}\pi^{-},train,train,1,228,64,28,30,0
mathwriting,mathwriting/images/train_00024d55f9740042.png,\kappa_{t}exp(\lambda_{t}x)c_{t},train,train,1,232,64,29,32,0
mathwriting,mathwriting/images/train_0002a7f56b53a819.png,\hat{p}^{k},train,train,1,64,64,8,11,0
mathwriting,mathwriting/images/train_0002b4a256978422.png,C_{n}=\int_{0}^{4}x^{n}\rho(x)dx,train,train,1,152,64,19,32,0
mathwriting,mathwriting/images/train_0002c3b3d3ef4be0.png,V(r)=\frac{1}{2}\mu\omega^{2}r^{2},train,train,1,207,64,25,34,0
mathwriting,mathwriting/images/train_0002d658ee84ef08.png,236^{236^{236^{236^{236^{230}}}}},train,train,1,127,64,15,33,0
mathwriting,mathwriting/images/train_00039d451aa95d8d.png,\frac{d^{2}y}{dx^{2}},train,train,1,64,64,8,21,0
mathwriting,mathwriting/images/train_00049b2182fa9dc4.png,R_{ix}(t)=M_{i}A_{ix}(t)-,train,train,1,185,64,23,25,0
mathwriting,mathwriting/images/train_0004d30424e8ceb2.png,\frac{1}{\sqrt{N-3}},train,train,1,67,64,8,20,0
mathwriting,mathwriting/images/train_0004fcd8d46e5e85.png,\frac{Du}{Dt}=\frac{1}{\rho}\nabla\cdot\sigma+g,train,train,1,91,64,11,47,0
mathwriting,mathwriting/images/train_00050ff7a6a14205.png,-\frac{dy}{dx}=\frac{MU_{x}}{MU_{y}},train,train,1,93,64,11,36,0
mathwriting,mathwriting/images/train_0005375a475c49c9.png,q=(\begin{matrix}a&b\\ c&d\end{matrix}),train,train,1,122,64,15,39,0
mathwriting,mathwriting/images/train_00054c27e3d85aad.png,\frac{1/288}{(\sqrt{157}-10)},train,train,1,87,64,10,29,0
mathwriting,mathwriting/images/train_0005cd98bb3e2d89.png,\frac{\partial f}{\partial x_{j}}(x),train,train,1,86,64,10,36,0
mathwriting,mathwriting/images/train_000608f192ceb411.png,\frac{\frac{1}{5}}{2+5},train,train,1,79,64,9,23,0
mathwriting,mathwriting/images/train_000623c29c09dd53.png,\frac{dS}{dz}=0,train,train,1,83,64,10,15,0
mathwriting,mathwriting/images/train_00066b09b7c377c4.png,\hat{f_{j}},train,train,1,64,64,8,11,0
mathwriting,mathwriting/images/train_0006a2adabf109ce.png,s+3^{t}>s,train,train,1,176,64,22,9,1
mathwriting,mathwriting/images/train_00074f16d99c2767.png,g(x),train,train,1,77,64,9,4,1
mathwriting,mathwriting/images/train_0007829ef326150a.png,R(\lambda)=\frac{1}{I-\lambda K},train,train,1,146,64,18,32,0
mathwriting,mathwriting/images/train_0007f0faaa9212a6.png,1-\int_{t-r}^{t}E(t^{\prime})dt^{\prime},train,train,1,143,64,17,40,0
mathwriting,mathwriting/images/train_0008c9c4b9825660.png,(\begin{matrix}1\\ -1\\ 0\\ 0\end{matrix}),train,train,1,64,64,8,42,0
mathwriting,mathwriting/images/train_0008ec126355603e.png,2\pi a<C<2\sqrt{3}\pi a,train,train,1,336,64,42,23,1
mathwriting,mathwriting/images/train_00093d23ee46a8f2.png,A=\underline{m},train,train,1,110,64,13,15,0
mathwriting,mathwriting/images/train_0009f5d8c7671582.png,G=\prod_{i\in I}H_{i},train,train,1,152,64,19,21,0
mathwriting,mathwriting/images/train_000a4eb1002bb21d.png,v=\sqrt{\frac{ke^{2}}{mr}},train,train,1,94,64,11,26,0
mathwriting,mathwriting/images/train_000aa4c444cba3f2.png,\vartheta=-\frac{log\frac{\phi_{\varsigma_{1}}}{\phi_{\varsigma_{2}}}}{log\frac{\varsigma_{1}}{\varsigma_{2}}},train,train,1,95,64,11,110,0
mathwriting,mathwriting/images/train_000aa97a08c4ebc0.png,e^{(\frac{\Upsilon}{\phi})[1-\sqrt{1-\frac{5\phi^{5}m}{\Upsilon}}]},train,train,1,137,64,17,67,0
mathwriting,mathwriting/images/train_000aaf6c5f7aa08f.png,\phi(p)=\frac{e^{-\frac{p^{5}}{5}}}{\sqrt{5\epsilon}},train,train,1,64,64,8,53,0
mathwriting,mathwriting/images/train_000b0b9eab603b8e.png,\frac{e^{+\frac{m^{2}}{2\Phi^{2}}}}{\sqrt{2\pi}\Phi},train,train,1,64,64,8,52,0
mathwriting,mathwriting/images/train_000b441015418074.png,-\frac{d[A]}{dt}=k[A],train,train,1,115,64,14,21,0
mathwriting,mathwriting/images/train_000b81338e4af5c6.png,\hat{\alpha}<\hat{\beta},train,train,1,113,64,14,24,0
mathwriting,mathwriting/images/train_000bb64516a3f3ac.png,\beta_{i}=\frac{u_{i}}{c}=tanhw_{i},train,train,1,154,64,19,35,0
mathwriting,mathwriting/images/train_000bbfdd14ba3813.png,\int_{L}^{*},train,train,1,64,64,8,12,0
mathwriting,mathwriting/images/train_000c731674bb23b7.png,8.4\times10^{-17}seconds,train,train,1,260,64,32,24,1
mathwriting,mathwriting/images/train_000c9122cc825b30.png,A_{0}\cap A_{1}=\emptyset,train,train,1,168,64,21,25,0
mathwriting,mathwriting/images/train_000cd7b1d11083ff.png,c=-\frac{1}{6}\cdot\frac{1}{2!}=-\frac{1}{12},train,train,1,170,64,21,45,0
mathwriting,mathwriting/images/train_000cedb5d6cad7be.png,\frac{470^{10}}{7+9^{5}},train,train,1,74,64,9,24,0
mathwriting,mathwriting/images/train_000cffc280515218.png,\hat{n}_{b},train,train,1,64,64,8,11,0
mathwriting,mathwriting/images/train_000d04a77455b682.png,184+414+408^{163},train,train,1,123,64,15,17,0
mathwriting,mathwriting/images/train_000e454d52c4f910.png,2\sqrt{\frac{2}{3\pi}},train,train,1,88,64,11,22,0
mathwriting,mathwriting/images/train_000e4bf55c62b9fd.png,\int_{0}^{1}e(t)dt,train,train,1,101,64,12,18,0
mathwriting,mathwriting/images/train_000f0995e2ff36b1.png,[\begin{matrix}4&6\end{matrix}],train,train,1,115,64,14,31,0
mathwriting,mathwriting/images/train_0010034cd203e7a3.png,3N=\frac{1}{3}\nu_{m}^{3}VF,train,train,1,174,64,21,27,0
mathwriting,mathwriting/images/train_001018ef1fa64bac.png,(56+\sqrt{3})\cdot\frac{443}{156},train,train,1,109,64,13,33,0
mathwriting,mathwriting/images/train_00104621e047b624.png,t=\frac{|r|}{\sqrt{\frac{8-r^{0}}{p-0}}},train,train,1,107,64,13,40,0
mathwriting,mathwriting/images/train_0010566f69932acb.png,\frac{9}{\sqrt{9-\frac{9}{\epsilon^{2}}}},train,train,1,71,64,8,41,0
mathwriting,mathwriting/images/train_001098c88ff4b6a3.png,0.75\overline{0},train,train,1,181,64,22,16,1
mathwriting,mathwriting/images/train_0011774694ee987d.png,365-34/194^{473-5^{323}},train,train,1,151,64,18,24,0
mathwriting,mathwriting/images/train_00122275b91e7268.png,N=(\begin{matrix}n\\ 2\end{matrix}),train,train,1,91,64,11,35,0
mathwriting,mathwriting/images/train_001246fdff4accda.png,(\begin{matrix}k\\ 2\end{matrix})-m,train,train,1,84,64,10,35,0
mathwriting,mathwriting/images/train_001252704eb46b3d.png,\hat{u},train,train,1,64,64,8,7,1
mathwriting,mathwriting/images/train_0012531edd807df4.png,\overline{x}\in X,train,train,1,112,64,14,17,0
mathwriting,mathwriting/images/train_00125e64cb8dc94d.png,\tau=2\cdot(z-z_{0})/c,train,train,1,223,64,27,22,1
mathwriting,mathwriting/images/train_0012ce3c56c1c1a7.png,O(\sqrt{logn}),train,train,1,127,64,15,14,1
mathwriting,mathwriting/images/train_00133356f895f681.png,"Y^{\prime}:=\Delta([a^{\prime},b^{\prime}])",train,train,1,224,64,28,43,0
mathwriting,mathwriting/images/train_0013efcdef4457f8.png,f=\frac{g}{x^{n}}=\frac{h}{y^{m}},train,train,1,123,64,15,33,0
mathwriting,mathwriting/images/train_00142612449001b5.png,(138+406)^{\frac{2}{10}},train,train,1,125,64,15,24,0
mathwriting,mathwriting/images/train_00148cdf5ee93317.png,k=\frac{ln10}{1},train,train,1,137,64,17,16,1
mathwriting,mathwriting/images/train_00148ce643ef4c8c.png,\overline{A}=\{x|x\notin A\},train,train,1,174,64,21,28,0
mathwriting,mathwriting/images/train_0014ab1a02dbc233.png,(\begin{matrix}1&-1\\ 1&-1\end{matrix}),train,train,1,98,64,12,39,0
mathwriting,mathwriting/images/train_00151ef02b28f1a2.png,(\begin{matrix}0&-1\\ 1&0\end{matrix}),train,train,1,79,64,9,38,0
mathwriting,mathwriting/images/train_001540691746d440.png,T_{r}/T_{c},train,train,1,113,64,14,11,1
mathwriting,mathwriting/images/train_00154114d98e3ac6.png,((\frac{7}{\sqrt{3}}+8)/197+87),train,train,1,153,64,19,31,0
mathwriting,mathwriting/images/train_0015d6bd631a88db.png,\frac{234+419\cdot7}{(215+479)},train,train,1,102,64,12,31,0
mathwriting,mathwriting/images/train_0015fc5ea0f1ba26.png,-\sqrt{E_{b}}\phi(t),train,train,1,109,64,13,20,0
mathwriting,mathwriting/images/train_001654a4f04b8938.png,-r^{2}f(r),train,train,1,161,64,20,10,1
mathwriting,mathwriting/images/train_0016c43128ca12ae.png,[\begin{matrix}-1\\ 1\end{matrix}],train,train,1,77,64,9,34,0
mathwriting,mathwriting/images/train_0016e50cac6c71da.png,(\begin{matrix}n\\ 2\end{matrix})p,train,train,1,75,64,9,34,0
mathwriting,mathwriting/images/train_0016e75661823f89.png,c_{1}=\frac{\hat{X}[1]-c_{0}}{1-z_{0}z_{1}^{-1}},train,train,1,146,64,18,48,0
mathwriting,mathwriting/images/train_0016feeda06f2bd2.png,\int sin(x)e^{x}dx,train,train,1,125,64,15,18,0
mathwriting,mathwriting/images/train_00176fbbdb57b68a.png,m=\frac{ln(F/K)}{\sigma\sqrt{\tau}},train,train,1,103,64,12,35,0
mathwriting,mathwriting/images/train_00179390bfb7714e.png,(\begin{matrix}n\\ n\end{matrix}),train,train,1,64,64,8,33,0
mathwriting,mathwriting/images/train_00179c3a8790683f.png,"\sigma_{n}^{2}=\frac{M_{2,n}}{n}",train,train,1,137,64,17,32,0
mathwriting,mathwriting/images/train_0017f2505e2a8ce9.png,"max_{a\in R^{d},||a||=1}\langle a,Va\rangle",train,train,1,352,64,44,43,1
mathwriting,mathwriting/images/train_00181075e895916b.png,1-1\sqrt{2}=-0.41421...,train,train,1,313,64,39,23,1
mathwriting,mathwriting/images/train_00182b6dab9da7a9.png,v_{0}-\frac{p}{m_{1}},train,train,1,98,64,12,21,0
mathwriting,mathwriting/images/train_00184ef14748a8d6.png,-\frac{\pi}{T}<\omega<+\frac{\pi}{T},train,train,1,163,64,20,36,0
mathwriting,mathwriting/images/train_00189476f651172a.png,(228-346-3)+(\frac{406}{8}-2),train,train,1,163,64,20,29,0
mathwriting,mathwriting/images/train_0018c52961c51623.png,\int_{X}dxf(x),train,train,1,98,64,12,14,0
mathwriting,mathwriting/images/train_0018f24943dc3a6d.png,\frac{\frac{64}{252}}{(\frac{3}{\sqrt{10}})^{476}},train,train,1,66,64,8,50,0
mathwriting,mathwriting/images/train_001968b41d7a2a5e.png,\tilde{G}_{2},train,train,1,64,64,8,13,0
mathwriting,mathwriting/images/train_00199521551168b4.png,Y_{i2}^{2}=Y^{2}+\frac{Y}{Z},train,train,1,157,64,19,28,0
mathwriting,mathwriting/images/train_0019e071c44ec6db.png,S_{g}S_{h}=S_{gh},train,train,1,181,64,22,17,1
mathwriting,mathwriting/images/train_001a10b7020f1648.png,\hat{v},train,train,1,64,64,8,7,1
mathwriting,mathwriting/images/train_001ade3fc20c6023.png,1+2\lceil2logn\rceil,train,train,1,168,64,21,20,1
mathwriting,mathwriting/images/train_001b24d7961c0250.png,\lambda\sqrt{p}>(p^{1/4}+1)^{2},train,train,1,64,64,8,31,0
mathwriting,mathwriting/images/train_001b7f33a2bc97cf.png,P^{\alpha\dot{\beta}}=T^{\alpha\dot{\beta}},train,train,1,136,64,17,43,0
mathwriting,mathwriting/images/train_001bd3c0fcc3e969.png,x^{2}+\sqrt{x}-14=0,train,train,1,196,64,24,19,1
mathwriting,mathwriting/images/train_001c75031d2f1b4e.png,v=\frac{E_{i}}{\omega}(1+\frac{2}{\gamma^{2}}),train,train,1,150,64,18,46,0
mathwriting,mathwriting/images/train_001cd3e5d48795f8.png,\frac{\frac{\frac{\sqrt{352}}{\sqrt{111}}}{7}}{{4^{336}}^{294}},train,train,1,86,64,10,63,0
mathwriting,mathwriting/images/train_001d283588dfa718.png,"k=1,2",train,train,1,135,64,16,5,1
mathwriting,mathwriting/images/train_001d4a58ade080ad.png,[\begin{matrix}1&2\\ 1&1\end{matrix}],train,train,1,93,64,11,37,0
mathwriting,mathwriting/images/train_001daaef0125176b.png,80^{80^{80^{80^{...}}}},train,train,1,99,64,12,23,0
mathwriting,mathwriting/images/train_001df2cb90f05776.png,{k^{l}}^{f},train,train,1,64,64,8,11,0
mathwriting,mathwriting/images/train_001e24c5e9f2d1d6.png,P_{cr}=\alpha\frac{\lambda^{2}}{4\pi n_{0}n_{2}},train,train,1,168,64,21,48,0
mathwriting,mathwriting/images/train_001e284c1c22fd3d.png,rN(1-\frac{N}{K})=H,train,train,1,179,64,22,19,1
mathwriting,mathwriting/images/train_001e28a505c83359.png,\frac{16}{5}\sqrt{\frac{2}{7\pi}},train,train,1,102,64,12,33,0
mathwriting,mathwriting/images/train_001e35e5192e71b8.png,\int_{-r}^{r}|y-s|dx,train,train,1,107,64,13,20,0
mathwriting,mathwriting/images/train_001ea39cc64103db.png,a^{a^{-^{-^{a^{a}}}}},train,train,1,71,64,8,21,0
mathwriting,mathwriting/images/train_001ec4c3972734f5.png,H_{(1-X)}=\frac{\beta-1}{2\beta-1},train,train,1,131,64,16,34,0
mathwriting,mathwriting/images/train_001ec8217428b573.png,Re_{p},train,train,1,82,64,10,6,1
mathwriting,mathwriting/images/train_001edc715205b281.png,<<<,train,train,1,238,64,29,3,1
mathwriting,mathwriting/images/train_001fbf6705912a65.png,\tilde{\gamma}(0)=p,valid,train,1,112,64,14,19,0
mathwriting,mathwriting/images/train_00201d421de15e75.png,x\leftarrow x+0,train,train,1,240,64,30,15,1
mathwriting,mathwriting/images/train_0020214d39489a06.png,E=\frac{sc^{9}}{\sqrt{1+\frac{d^{9}}{c^{9}}}},train,train,1,110,64,13,45,0
mathwriting,mathwriting/images/train_002028badcc0a910.png,w_{1}^{i}=\frac{1}{N},train,train,1,95,64,11,21,0
mathwriting,mathwriting/images/train_00206363645d51b8.png,"(t,y)\in[0,T]\times R^{m}",train,train,1,233,64,29,25,1
mathwriting,mathwriting/images/train_0020f62a652b7ade.png,V=\frac{E*G*U}{O*R},train,train,1,169,64,21,19,1
mathwriting,mathwriting/images/train_002115ea86c132d5.png,\partial^{2}f/\partial x^{2},train,train,1,138,64,17,28,0
mathwriting,mathwriting/images/train_002135d6f617f487.png,\int_{c(r)}R(z)dz=0,train,train,1,118,64,14,19,0
mathwriting,mathwriting/images/train_00215a57ddbfeb55.png,H=kA\frac{T_{H}-T_{L}}{L},train,train,1,161,64,20,25,0
mathwriting,mathwriting/images/train_0021846124835296.png,(\begin{matrix}4\\ 2\end{matrix})=6,train,train,1,96,64,12,35,0
mathwriting,mathwriting/images/train_00218b2789863031.png,"\nu,\mu",train,train,1,93,64,11,7,1
mathwriting,mathwriting/images/train_00219f9279a29e24.png,\overline{O_{L}P},train,train,1,79,64,9,17,0
mathwriting,mathwriting/images/train_0021af3efdeb11f9.png,{{3^{\sqrt{9}}}^{468}}^{(\frac{431}{38})^{7}},train,train,1,98,64,12,45,0
mathwriting,mathwriting/images/train_002230bb31dc5728.png,\frac{\frac{7}{167}}{(454^{7}+6)},train,train,1,92,64,11,33,0
mathwriting,mathwriting/images/train_002377a6dd2c3f2d.png,n\cdot sin(\frac{1}{n}),train,train,1,160,64,20,23,0
mathwriting,mathwriting/images/train_00243a7f6ce804e6.png,"\beta<min(R,2\sqrt{R})",train,train,1,208,64,26,22,1
mathwriting,mathwriting/images/train_00247d853ee3e7f4.png,t=\frac{e}{s_{e}},train,train,1,96,64,12,17,0
mathwriting,mathwriting/images/train_0024a3c3355c974e.png,\nabla B_{z}=\frac{dB_{z}}{dA}\nabla A,train,train,1,167,64,20,38,0
mathwriting,mathwriting/images/train_0025980adb4f0ea4.png,M=(\begin{matrix}0&0\\ 1&0\end{matrix}),train,train,1,128,64,16,39,0
mathwriting,mathwriting/images/train_00269f2f43a4f7a8.png,J=-M(\frac{d}{dx})\frac{df}{dc},train,train,1,197,64,24,31,0
mathwriting,mathwriting/images/train_002708879bc6168f.png,\frac{b-a}{2}(f_{0}+f_{1}),train,train,1,167,64,20,26,0
mathwriting,mathwriting/images/train_00277f25659d617b.png,\mu(\tilde{X}\cap\tilde{Y})=0,train,train,1,166,64,20,29,0
mathwriting,mathwriting/images/train_00278a7c09f0fa84.png,\frac{dV_{r}}{dt},train,train,1,67,64,8,17,0
mathwriting,mathwriting/images/train_0027a65fd5f29943.png,"exp(m,n)=m^{n}",train,train,1,190,64,23,14,1
mathwriting,mathwriting/images/train_0028445e8b8d9c9d.png,-2x+5<x+3,train,train,1,269,64,33,9,1
mathwriting,mathwriting/images/train_002874c6284541c5.png,i_{1}^{\prime}=\frac{i_{1}\cdot vt_{1}}{\sqrt{1\cdot\frac{v^{8}}{n^{8}}}},train,train,1,104,64,13,73,0
mathwriting,mathwriting/images/train_002911cf7c0e8fcb.png,"\underline{x}=(x_{1},...,x_{d})",train,train,1,277,64,34,31,1
mathwriting,mathwriting/images/train_002946bfef94228f.png,\psi\rightarrow\varphi,train,train,1,157,64,19,22,0
mathwriting,mathwriting/images/train_002a7e32a88eba46.png,(\begin{matrix}m+n\\ m\end{matrix}),train,train,1,79,64,9,35,0
mathwriting,mathwriting/images/train_002abe421dcea4a4.png,{7^{112}}^{\frac{\sqrt{5}}{\sqrt{10}}},train,train,1,122,64,15,38,0
mathwriting,mathwriting/images/train_002aebbe15848f08.png,\sqrt{g/l},train,train,1,64,64,8,10,0
mathwriting,mathwriting/images/train_002b03f369cbf37a.png,(\begin{matrix}x\\ k\end{matrix}),train,train,1,64,64,8,33,0
mathwriting,mathwriting/images/train_002b556b492dc0f9.png,K/BB=\frac{K}{BB},train,train,1,139,64,17,17,1
mathwriting,mathwriting/images/train_002b81122bbd555b.png,\sqrt{m},train,train,1,97,64,12,8,1
mathwriting,mathwriting/images/train_002b8eed3f910b14.png,[\begin{matrix}3&4&4\\ 4&5\\ 6&7\end{matrix}],train,train,1,75,64,9,45,0
mathwriting,mathwriting/images/train_002b948f1376592f.png,q=K\sqrt{p},train,train,1,118,64,14,11,1
mathwriting,mathwriting/images/train_002bead60b5e1e8f.png,x^{n-m}=\frac{x^{n}}{x^{m}},train,train,1,106,64,13,27,0
mathwriting,mathwriting/images/train_002cf3be58f4b524.png,[\begin{matrix}ac\\ bd\\ 0\end{matrix}],train,train,1,64,64,8,39,0
mathwriting,mathwriting/images/train_002d65feee6d6ea0.png,\hat{q}_{o},train,train,1,64,64,8,11,0
mathwriting,mathwriting/images/train_002d76a8701a7536.png,|x[n]|,train,train,1,142,64,17,6,1
mathwriting,mathwriting/images/train_002dc6ca867cebc1.png,O(\sqrt{logn_{i-1}}),train,train,1,169,64,21,20,1
mathwriting,mathwriting/images/train_002dc95aa246d6d3.png,1-\frac{2}{\sqrt{5}},train,train,1,101,64,12,20,0
mathwriting,mathwriting/images/train_002e043b378fcd74.png,{238^{412}}^{\frac{132^{246}}{293}},train,train,1,151,64,18,35,0
mathwriting,mathwriting/images/train_002e3654ccc00e43.png,a\cdot\frac{m}{s}:=\frac{am}{s},train,train,1,155,64,19,31,0
mathwriting,mathwriting/images/train_002e43a297cdf063.png,(x)O(\underline{x}:G),train,train,1,169,64,21,21,1
mathwriting,mathwriting/images/train_002e5dffa0a6b7ad.png,\theta=\theta_{o},train,train,1,119,64,14,17,0
mathwriting,mathwriting/images/train_002e60ace3dcf5ae.png,\tilde{X}=f(Y),train,train,1,143,64,17,14,1
mathwriting,mathwriting/images/train_002e6c42ee8a3032.png,\frac{dS}{dt}=N\cdot v,train,train,1,130,64,16,22,0
mathwriting,mathwriting/images/train_002f166b9799d984.png,II_{\infty},train,train,1,79,64,9,11,0
mathwriting,mathwriting/images/train_002f2501b6237d46.png,\sqrt{\frac{5}{126}},train,train,1,64,64,8,20,0
mathwriting,mathwriting/images/train_002f5ad07f82d0f5.png,(\begin{matrix}k-1\\ D-1\end{matrix}),valid,train,1,80,64,10,37,0
mathwriting,mathwriting/images/train_00304cc925245853.png,\int_{S}FdS,train,train,1,76,64,9,11,0
mathwriting,mathwriting/images/train_0030c91cb9f0f166.png,\frac{\partial logB_{\nu}(T)}{\partial log\nu}\simeq2,train,train,1,139,64,17,53,0
mathwriting,mathwriting/images/train_0030e3da579f9ae8.png,e^{j\omega t},train,train,1,78,64,9,13,0
mathwriting,mathwriting/images/train_00312a6b81d6e64b.png,z=\frac{h}{\sqrt[8]{\cdot\frac{u_{1}}{5}}},train,train,1,85,64,10,42,0
mathwriting,mathwriting/images/train_00314906c1c993d2.png,{\prod_{i}}^{\prime}G_{i},train,train,1,66,64,8,25,0
mathwriting,mathwriting/images/train_0031acba6857269f.png,s\{\begin{matrix}3\\ 3\end{matrix}\},train,train,1,75,64,9,36,0
mathwriting,mathwriting/images/train_0031b4d1b0febf74.png,A_{0}=aA^{*},train,train,1,156,64,19,12,1
mathwriting,mathwriting/images/train_003216f5859e3d6e.png,(\frac{\frac{3}{492}}{149})^{{6^{202}}^{8}},train,train,1,75,64,9,43,0
mathwriting,mathwriting/images/train_0032522af22a45a5.png,368+8-\frac{483}{\sqrt{206}},train,train,1,147,64,18,28,0
mathwriting,mathwriting/images/train_0032b37cbd8fbbef.png,p=\frac{RT}{\underline{V}},train,train,1,71,64,8,26,0
mathwriting,mathwriting/images/train_0032f911c76cf848.png,\frac{m}{\sqrt{5-\frac{y^{8}}{c^{8}}}},train,train,1,67,64,8,38,0
mathwriting,mathwriting/images/train_00330410630018f4.png,3\sqrt{2},train,train,1,84,64,10,9,1
mathwriting,mathwriting/images/train_00333fa03cc27707.png,\frac{\frac{\frac{3}{\sqrt{1}}}{447}}{4^{7}},train,train,1,64,64,8,44,0
mathwriting,mathwriting/images/train_0033c785a741d901.png,g(x)=5\sqrt{x},train,train,1,155,64,19,14,1
mathwriting,mathwriting/images/train_0034431789887edb.png,{\sqrt{6}+333^{10}}^{{9^{140}}^{10}},train,train,1,75,64,9,36,0
mathwriting,mathwriting/images/train_0034597d549e13cb.png,\Rightarrow b=\frac{n}{2n-1},train,train,1,183,64,22,28,0
mathwriting,mathwriting/images/train_0034ae2b4ced0aae.png,\frac{D_{\odot}^{2}}{2\mu_{0}r_{c}^{6}}=nmv^{2},train,train,1,151,64,18,47,0
mathwriting,mathwriting/images/train_0034eedc982f65cb.png,g=(\begin{matrix}A&B\\ C&D\end{matrix}),train,train,1,110,64,13,39,0
mathwriting,mathwriting/images/train_0034f8a0f7d74d02.png,\hat{\nu}_{i},train,train,1,64,64,8,13,0
mathwriting,mathwriting/images/train_00353d603817fbb8.png,2(\begin{matrix}n\\ j\end{matrix}),train,train,1,74,64,9,34,0
mathwriting,mathwriting/images/train_003550f3003f38f7.png,r_{N}^{k}(m)<cn^{\frac{N}{k}-1},train,train,1,181,64,22,31,0
mathwriting,mathwriting/images/train_00355b186a50a2f2.png,\frac{\partial X_{i}}{\partial P_{Y}}>0,train,train,1,110,64,13,39,0
mathwriting,mathwriting/images/train_0035f266d1df31e1.png,1-C^{2},train,train,1,129,64,16,7,1
mathwriting,mathwriting/images/train_0035f8f41dcb71e5.png,\hat{\beta}=(\overline{y/x}),valid,train,1,123,64,15,28,0
mathwriting,mathwriting/images/train_00364219afad1b29.png,C/D\ge20,train,train,1,187,64,23,8,1
mathwriting,mathwriting/images/train_00367759ae90c0ad.png,(\begin{matrix}4\\ 2\end{matrix}),train,train,1,64,64,8,33,0
mathwriting,mathwriting/images/train_0036d8c0b91358c2.png,\frac{du}{dy},train,train,1,64,64,8,13,0
mathwriting,mathwriting/images/train_00373fdac871c875.png,\frac{mn(n+1)}{mn(n+1)+2np},train,train,1,118,64,14,27,0
mathwriting,mathwriting/images/train_00374250ed130982.png,2^{2^{2^{2^{74}}}},train,train,1,64,64,8,18,0
mathwriting,mathwriting/images/train_00378ff3af63af33.png,\frac{3}{2}\frac{F}{V_{0}},train,train,1,80,64,10,26,0
mathwriting,mathwriting/images/train_003848a170f3b943.png,"L(s,E)=\prod_{p}L_{p}(s,E)^{-1}",train,train,1,191,64,23,31,0
mathwriting,mathwriting/images/train_003853a58e3d5a91.png,y=\sqrt[3]{x},train,train,1,107,64,13,13,1
mathwriting,mathwriting/images/train_0038a2e3644b182c.png,"\sigma(t)=(\frac{1}{1-t},0)",train,train,1,161,64,20,27,0
mathwriting,mathwriting/images/train_003907ea0d4ff5df.png,\frac{(\frac{9}{6}+309)}{\frac{10}{10}},train,train,1,83,64,10,39,0
mathwriting,mathwriting/images/train_003939fb3699dd95.png,\frac{6(90-\pi^{4})}{5(\pi^{2}-6)^{2}},train,train,1,89,64,11,38,0
mathwriting,mathwriting/images/train_003945936248f448.png,"X\sim Benini(\alpha,0,\sigma)",train,train,1,236,64,29,29,1
mathwriting,mathwriting/images/train_00399e1081f27f06.png,M=(\begin{matrix}1&-1\\ 0&0\end{matrix}),train,train,1,121,64,15,40,0
mathwriting,mathwriting/images/train_0039a6b904d24a6d.png,D=\frac{k_{B}T}{f},train,train,1,79,64,9,18,0
mathwriting,mathwriting/images/train_003a89aeb01a2843.png,f^{*}=min_{x\in R^{n}}\{f(x)\},train,train,1,194,64,24,30,0
mathwriting,mathwriting/images/train_003aa982ee78b0e5.png,"[x,x+\sqrt{2x}],x\ge2",train,train,1,181,64,22,21,1
mathwriting,mathwriting/images/train_003b6135448cb579.png,\sqrt{n_{1}n_{2}/(n_{1}+n_{2})}g,train,train,1,140,64,17,32,0
mathwriting,mathwriting/images/train_003bacc76ae4e64b.png,"\{0,9\}^{7^{7^{\aleph_{0}}}}",train,train,1,75,64,9,28,0
mathwriting,mathwriting/images/train_003d13dc78e8434c.png,l_{4}^{l_{2}^{l_{3}^{-^{-^{-}}}}},train,train,1,71,64,8,33,0
mathwriting,mathwriting/images/train_003d71d72ab7273e.png,"f,g\in\pi_{n}(X,x_{0})",train,train,1,230,64,28,22,1
mathwriting,mathwriting/images/train_003e6fa5f4387282.png,n^{\underline{k}},train,train,1,73,64,9,17,0
mathwriting,mathwriting/images/train_003ebf3ba7f5e81b.png,"cov(X,Y)=\frac{1}{2}+\frac{1}{\pi}",train,train,1,195,64,24,34,0
mathwriting,mathwriting/images/train_003ee4a2b278b706.png,\eta_{mean}=\frac{\sum_{i}p_{i}t_{i}\eta_{i}}{\sum_{i}p_{i}t_{i}},train,train,1,94,64,11,65,0
mathwriting,mathwriting/images/train_003f260c4e9e26e0.png,0\le\underline{d}(\vec{X})\le\overline{d}(\vec{X})\le n,train,train,1,244,64,30,55,0
mathwriting,mathwriting/images/train_003f776fa12094ca.png,V=f(t)=V_{0}e^{-\frac{t}{\tau}},test,train,1,144,64,18,31,0
mathwriting,mathwriting/images/train_003ff3afd3719f1f.png,(\frac{N-1}{N}),train,train,1,70,64,8,15,0
mathwriting,mathwriting/images/train_004099078f90b1dd.png,41-164^{{3^{300}}^{6}},train,train,1,103,64,12,22,0
mathwriting,mathwriting/images/train_00412b9cea8d9a57.png,a=\frac{\sqrt{3}}{3},train,train,1,64,64,8,20,0
mathwriting,mathwriting/images/train_00414326e8d45016.png,distance=\frac{c\delta t}{2},train,train,1,144,64,18,28,0
mathwriting,mathwriting/images/train_0041b78521987ea3.png,\beta(g)=\lambda\frac{\partial g}{\partial\lambda},train,train,1,140,64,17,50,0
mathwriting,mathwriting/images/train_0042427d52f66cce.png,c_{\epsilon}^{\rho},train,train,1,69,64,8,19,0
mathwriting,mathwriting/images/train_0042adc7422e4c17.png,2y\frac{dy}{dx}=3x^{2}-1,train,train,1,142,64,17,24,0
mathwriting,mathwriting/images/train_0042efb08dc66a78.png,\tilde{Y},train,train,1,64,64,8,9,0
mathwriting,mathwriting/images/train_00430200ea47c6be.png,(\begin{matrix}k\\ 2\end{matrix})=\frac{k(k-1)}{2},train,train,1,103,64,12,50,0
mathwriting,mathwriting/images/train_004378528ac8aab5.png,\int_{0}^{x}f(t)dt,train,train,1,130,64,16,18,0
mathwriting,mathwriting/images/train_0044e78f94f1e0af.png,"[F^{[l]},F^{[l^{\prime}]}]=0",train,train,1,229,64,28,28,1
mathwriting,mathwriting/images/train_0044ff3105c5bf2c.png,\hat{u},train,train,1,64,64,8,7,1
mathwriting,mathwriting/images/train_00457e3beef52191.png,"||p_{\sigma}||\in[0,\alpha\sqrt{n}]",train,train,1,155,64,19,35,0
mathwriting,mathwriting/images/train_004583f3918b5baf.png,b=a\sqrt{1-\epsilon^{2}},train,train,1,149,64,18,24,0
mathwriting,mathwriting/images/train_0045b615e639841f.png,"R=(0,w)\times(0,h)",train,train,1,232,64,29,18,1
mathwriting,mathwriting/images/train_0045b7dcdcc10ebd.png,\overline{V^{\prime}L},train,train,1,100,64,12,22,0
mathwriting,mathwriting/images/train_0045edc2a00696a2.png,(1-\frac{1}{e}),train,train,1,98,64,12,15,0
mathwriting,mathwriting/images/train_00461d23d9e36c43.png,(\frac{96}{387})^{\frac{10}{2}},train,train,1,78,64,9,31,0
mathwriting,mathwriting/images/train_00467c27c74f0a31.png,n\hat{F}_{n}(t),train,train,1,134,64,16,15,1
mathwriting,mathwriting/images/train_00469d1e38330631.png,\frac{48}{2(9+3)},train,train,1,64,64,8,17,0
mathwriting,mathwriting/images/train_00469e688b4629ee.png,"(\begin{matrix}50\\ 3\end{matrix})=19,600",train,train,1,149,64,18,41,0
mathwriting,mathwriting/images/train_0046a5c8a8ebe12b.png,dS=\frac{dQ}{T},train,train,1,127,64,15,15,1
mathwriting,mathwriting/images/train_004726b917d6cb40.png,\hat{w}_{2},train,train,1,81,64,10,11,0
mathwriting,mathwriting/images/train_00476afe1911003e.png,OB,train,train,1,109,64,13,2,1
mathwriting,mathwriting/images/train_00480e58878a96f0.png,A_{p}(\kappa)=\frac{I_{p/2}(\kappa)}{I_{p/2-1}(\kappa)},train,train,1,154,64,19,55,0
mathwriting,mathwriting/images/train_004843a12bab7db2.png,P=-(\frac{\partial F}{\partial V})_{T},train,train,1,137,64,17,38,0
mathwriting,mathwriting/images/train_00486d2b7696b3ac.png,"q(x,t)=\delta(\underline{x},t)-r(\underline{x},t)",train,train,1,219,64,27,49,0
mathwriting,mathwriting/images/train_0048b101712f9477.png,N=m_{w}g+T,train,train,1,157,64,19,10,1
mathwriting,mathwriting/images/train_0048ef34f29a00a6.png,\frac{df}{dz}=f,train,train,1,92,64,11,15,0
mathwriting,mathwriting/images/train_004910aaf0c407b0.png,p(0)=\sqrt{2\hbar\rho},train,train,1,137,64,17,22,0
mathwriting,mathwriting/images/train_004926cda5247a44.png,"\iint f(x,y)dxdy",train,train,1,120,64,15,16,0
mathwriting,mathwriting/images/train_004970a2ad0fcb27.png,\Phi=\int E(\hat{e}_{\angle}\cdot dA),train,train,1,172,64,21,37,0
mathwriting,mathwriting/images/train_0049ac848a65b314.png,||,train,train,1,64,64,8,2,1
mathwriting,mathwriting/images/train_004a6b5c90fb637f.png,"g(x)=min(\frac{x}{\alpha},1)",train,train,1,143,64,17,28,0
mathwriting,mathwriting/images/train_004b768b53440655.png,"\frac{1}{1},\frac{4}{2},\frac{10}{3},\frac{20}{4},...",train,train,1,176,64,22,53,0
mathwriting,mathwriting/images/train_004ba924d34ee721.png,\hat{D}=D,train,train,1,115,64,14,9,1
mathwriting,mathwriting/images/train_004bd224818016b6.png,\lambda_{0}=\frac{h}{m_{0}c}-,train,train,1,122,64,15,29,0
mathwriting,mathwriting/images/train_004bfc81e4a676d3.png,|\psi^{\prime}\rangle=U_{\alpha}|\psi\rangle,train,train,1,217,64,27,44,0
mathwriting,mathwriting/images/train_004ca82a54a7b8b1.png,[\begin{matrix}x^{\prime}\\ y^{\prime}\end{matrix}],train,train,1,68,64,8,51,0
mathwriting,mathwriting/images/train_004ce6572e83fc05.png,|\Omega\rangle,train,train,1,94,64,11,14,0
mathwriting,mathwriting/images/train_004d67c88d5bc561.png,\tilde{\omega},train,train,1,64,64,8,14,0
mathwriting,mathwriting/images/train_004dc447285c6f09.png,\frac{1}{\sqrt{1-x^{2}}},train,train,1,69,64,8,24,0
mathwriting,mathwriting/images/train_004ddc4953b158a0.png,\frac{dy}{dx},train,train,1,64,64,8,13,0
mathwriting,mathwriting/images/train_004e009b3853b987.png,J=[\begin{matrix}0&I\\ -I&0\end{matrix}],train,train,1,145,64,18,40,0
mathwriting,mathwriting/images/train_004e74b6cceed2dc.png,[\begin{matrix}-1\\ 1\end{matrix}],train,train,1,73,64,9,34,0
mathwriting,mathwriting/images/train_004ecb0368429a6b.png,x^{\frac{n+1}{2}}\notin Z/nZ,train,train,1,190,64,23,28,0
mathwriting,mathwriting/images/train_004fcf98a58c60c6.png,K_{\lambda g}=\frac{1}{\lambda}K_{g},train,train,1,151,64,18,36,0
mathwriting,mathwriting/images/train_0050385ff54765b8.png,\frac{1}{4n}p^{2}\cdot cot(\pi/n),train,train,1,169,64,21,33,0
mathwriting,mathwriting/images/train_0050464363a7d02d.png,q=\frac{1}{\sqrt{1\cdot\frac{v^{5}}{c^{5}}}}\xi,train,train,1,103,64,12,47,0
mathwriting,mathwriting/images/train_00509c3f4df2ae81.png,\frac{log_{e}(x)-log_{e}(a)}{log_{e}(b)-log_{e}(a)},train,train,1,106,64,13,51,0
mathwriting,mathwriting/images/train_0050e5d65fe4c6c8.png,\int\frac{1}{u}du,train,train,1,87,64,10,17,0
mathwriting,mathwriting/images/train_0051050d3ae21062.png,(\begin{matrix}u&&-v\\ v&&u\end{matrix}),train,train,1,102,64,12,40,0
mathwriting,mathwriting/images/train_00517d95d9be27b6.png,V=x^{2}+y^{2}+z^{2},train,train,1,186,64,23,19,1
mathwriting,mathwriting/images/train_005183848fbb4582.png,C,valid,train,1,64,64,8,1,1
mathwriting,mathwriting/images/train_005240dff224e503.png,\varphi=\frac{3}{2}\eta,train,train,1,116,64,14,23,0
mathwriting,mathwriting/images/train_005280507bf77a14.png,u_{12}=\frac{z_{1}-z_{2}}{\sqrt{2}},train,train,1,157,64,19,35,0
mathwriting,mathwriting/images/train_0052ae19ccd26655.png,"S_{ab}=(\psi_{a}^{-},\psi_{b}^{+})",train,train,1,211,64,26,34,0
mathwriting,mathwriting/images/train_00531f3417af201d.png,e=\sqrt{1-(b/a)^{2}},train,train,1,171,64,21,20,1
mathwriting,mathwriting/images/train_0053236c2c93ca7a.png,x_{min},train,train,1,132,64,16,7,1
mathwriting,mathwriting/images/train_00533e51d1318659.png,s\{\begin{matrix}5\\ 4\end{matrix}\},train,train,1,74,64,9,36,0
mathwriting,mathwriting/images/train_00535d357b40d674.png,f(x)=\int_{a}^{x}g(t)dt,train,train,1,116,64,14,23,0
mathwriting,mathwriting/images/train_0053d2e7fe7f1b19.png,\forall\epsilon_{1}>0\exists k_{1},train,train,1,225,64,28,34,0
mathwriting,mathwriting/images/train_0053f4751a1d9065.png,[\frac{2n\pi}{3};\frac{2(n+1)\pi}{3}],train,train,1,186,64,23,37,0
mathwriting,mathwriting/images/train_0054984b97f4db67.png,"\{1,2,6,12\}",train,train,1,226,64,28,12,1
mathwriting,mathwriting/images/train_0054bca374360260.png,x^{-}=\frac{t-x}{\sqrt{2}},train,train,1,99,64,12,26,0
mathwriting,mathwriting/images/train_0055071e7d92c6d3.png,\overline{(\frac{\alpha}{\pi})_{3}}=(\frac{\overline{\alpha}}{\overline{\pi}})_{3},train,train,1,137,64,17,82,0
mathwriting,mathwriting/images/train_005552b6f3c2532b.png,W^{\mathbb{C}}\cong W\oplus\overline{W},train,train,1,172,64,21,39,0
mathwriting,mathwriting/images/train_005577a3adb560d1.png,S_{22}=\frac{-T_{21}}{T_{22}},train,train,1,141,64,17,29,0
mathwriting,mathwriting/images/train_0056232ec140f267.png,\hat{g},train,train,1,64,64,8,7,1
mathwriting,mathwriting/images/train_00562b4e0fffdf9b.png,\tilde{y}=\tilde{w}=h(\tilde{X})-\tilde{Y},train,train,1,173,64,21,42,0
mathwriting,mathwriting/images/train_005645eee0313ff8.png,\hat{x}_{1},train,train,1,64,64,8,11,0
mathwriting,mathwriting/images/train_0056be10bc3d4215.png,E^{g}[X|F_{t}]:=Y_{t},train,train,1,241,64,30,21,1
mathwriting,mathwriting/images/train_0056d10feb24b22a.png,S^{+}=T^{+},train,train,1,159,64,19,11,1
mathwriting,mathwriting/images/train_0058a2803ec98084.png,\frac{d^{2}y}{dt^{2}},train,train,1,72,64,9,21,0
mathwriting,mathwriting/images/train_00592b6249eb667d.png,\tilde{T}_{i}:G/G^{\prime}\rightarrow H_{i}/H_{i}^{\prime},train,train,1,227,64,28,58,0
mathwriting,mathwriting/images/train_0059490f718283b0.png,\sigma_{\overline{x}}=\frac{\sigma}{\sqrt{n}}\sqrt{\gamma_{2}},train,train,1,64,64,8,62,0
mathwriting,mathwriting/images/train_005981442638300b.png,\frac{\partial p}{\partial z}+\rho g=0,train,train,1,137,64,17,38,0
mathwriting,mathwriting/images/train_0059d5230b4c7d83.png,\sqrt{p}=\frac{b}{\sqrt{a}},train,train,1,131,64,16,27,0
mathwriting,mathwriting/images/train_005a00e263515939.png,\mathbb{Q},train,train,1,64,64,8,10,0
mathwriting,mathwriting/images/train_005a8007883b90e4.png,\frac{dB}{dG},train,train,1,64,64,8,13,0
mathwriting,mathwriting/images/train_005b3a9cefef9eef.png,\frac{\partial\rho}{\partial t}+\nabla\cdot(\rho\vec{v})=0,train,train,1,135,64,16,58,0
mathwriting,mathwriting/images/train_005b556b1c8a48b5.png,x+1\notin J,train,train,1,182,64,22,11,1
mathwriting,mathwriting/images/train_005b73671359b925.png,P_{L}=I_{R}^{2}\cdot ESR,train,train,1,184,64,23,24,0
mathwriting,mathwriting/images/train_005bbeae5efe2873.png,m\ge(\begin{matrix}k\\ 2\end{matrix}),valid,train,1,102,64,12,37,0
mathwriting,mathwriting/images/train_005c6f61e95345c7.png,y_{t}=y_{t-1}+c+e_{t},train,train,1,262,64,32,21,1
mathwriting,mathwriting/images/train_005d2166215b337b.png,\hat{w}(f),train,train,1,120,64,15,10,1
mathwriting,mathwriting/images/train_005d23c0847389f5.png,\prod_{i=1}^{n},valid,train,1,64,64,8,15,0
mathwriting,mathwriting/images/train_005d5085ee80004b.png,r<m<n,train,train,1,217,64,27,5,1
mathwriting,mathwriting/images/train_005de4342bcd05b6.png,\frac{df}{d\tau}=\frac{1}{2\pi i}f^{\prime}(\tau),train,train,1,140,64,17,49,0
mathwriting,mathwriting/images/train_005e9956a4332687.png,"alg^{\prime}(A^{\prime},B)",train,train,1,147,64,18,26,0
mathwriting,mathwriting/images/train_005ef9b6db61252a.png,(2m-1),train,train,1,117,64,14,6,1
mathwriting,mathwriting/images/train_005f0a6b379cc5db.png,\tilde{g}_{lk}\overline{n}=g_{kl},train,train,1,167,64,20,33,0
mathwriting,mathwriting/images/train_005fc954bf9fd016.png,(\begin{matrix}4\\ 3\end{matrix})=4,train,train,1,91,64,11,35,0
mathwriting,mathwriting/images/train_006000ffa45f0610.png,D=\pm\prod_{j<k}(a_{j}-a_{k}),train,train,1,165,64,20,29,0
mathwriting,mathwriting/images/train_00601c967f4caea9.png,\Delta s^{\prime}=\frac{\Delta s}{\sqrt{1+\frac{v^{5}}{u^{5}}}},train,train,1,77,64,9,63,0
mathwriting,mathwriting/images/train_00612b4673bbe702.png,\frac{2^{7}}{\frac{404}{9}-83},train,train,1,64,64,8,30,0
mathwriting,mathwriting/images/train_006155c9097a3e1f.png,2=1/2=-1,train,train,1,202,64,25,8,1
mathwriting,mathwriting/images/train_006171a03aecada0.png,x_{k}[m]=\delta[m-k],train,train,1,210,64,26,20,1
mathwriting,mathwriting/images/train_00617e2dab532fd1.png,"A_{1},A_{2}\in H_{n}",train,train,1,160,64,20,20,1
mathwriting,mathwriting/images/train_0061f9757e18ea67.png,\sqrt{a^{2}+b^{2}}=c,train,train,1,174,64,21,20,1
mathwriting,mathwriting/images/train_00622f161790cebf.png,L=\int_{S_{o}}^{S}nds,train,train,1,112,64,14,21,0
mathwriting,mathwriting/images/train_00623d6df3d7b8a1.png,\frac{322-13\sqrt{70}}{900},train,train,1,115,64,14,27,0
mathwriting,mathwriting/images/train_0062fcce4675ef23.png,(\begin{matrix}0&1\\ -1&-1\end{matrix}),train,train,1,93,64,11,39,0
mathwriting,mathwriting/images/train_006363996f84403b.png,\eta=1-\frac{T_{L}}{T_{H}},train,train,1,122,64,15,26,0
mathwriting,mathwriting/images/train_006367f1a2397a84.png,b_{y}^{\mu},train,train,1,64,64,8,11,0
mathwriting,mathwriting/images/train_00639c517e054dd7.png,\hat{\nu}_{i},train,train,1,64,64,8,13,0
mathwriting,mathwriting/images/train_006409db8adfcb1e.png,\int\frac{dy}{dx}dx,train,train,1,106,64,13,19,0
mathwriting,mathwriting/images/train_00647fafc2b506fc.png,"i_{k}^{2}\in\{-1,0,+1\}",train,train,1,225,64,28,23,1
mathwriting,mathwriting/images/train_0064a14f3f1ac93a.png,\overline{Q}=0,train,train,1,127,64,15,14,1
mathwriting,mathwriting/images/train_0064d6be74138f22.png,1/\sqrt{n},train,train,1,127,64,15,10,1
mathwriting,mathwriting/images/train_0065045151f917cb.png,\frac{469\cdot5}{\frac{6}{4}},train,train,1,64,64,8,29,0
mathwriting,mathwriting/images/train_0065651083557d67.png,A\rightarrow B/C\_D,train,train,1,247,64,30,19,1
mathwriting,mathwriting/images/train_0065792f55e4004f.png,v=\int\frac{dv}{dx}dx,train,train,1,132,64,16,21,0
mathwriting,mathwriting/images/train_0065eae40f7ae179.png,-E_{a}/R,train,train,1,109,64,13,8,1
mathwriting,mathwriting/images/train_006616dade279bda.png,\sum_{i=0}^{2}(\begin{matrix}4\\ 2i\end{matrix})(\begin{matrix}6\\ 4-i\end{matrix}),train,train,1,151,64,18,83,0
mathwriting,mathwriting/images/train_006662d9f339f015.png,\frac{b}{a}=2h,train,train,1,89,64,11,14,0
mathwriting,mathwriting/images/train_00668731f5e1e45a.png,\kappa=\frac{1}{r}\frac{dp}{dr},train,train,1,115,64,14,31,0
mathwriting,mathwriting/images/train_0066adf30bf53a84.png,\Omega_{u}^{\phi},train,train,1,66,64,8,17,0
mathwriting,mathwriting/images/train_0066d1b9780d7fd9.png,\delta(y)=\frac{e^{-\frac{y^{7}}{7}}}{\sqrt{7\pi}},train,train,1,87,64,10,50,0
mathwriting,mathwriting/images/train_0067019a32686e70.png,y_{1}=\frac{y^{3}-a\cdot x^{3}}{a\cdot y\cdot x^{3}-y},train,train,1,116,64,14,54,0
mathwriting,mathwriting/images/train_006715410f8ab012.png,|2\rangle=(\begin{matrix}0\\ 1\end{matrix}),train,train,1,120,64,15,43,0
mathwriting,mathwriting/images/train_0067dd540b34e4b5.png,"O_{3}^{\pm,\mp}(3)=2^{3}",train,train,1,168,64,21,24,0
mathwriting,mathwriting/images/train_0067ea70756c7cb4.png,f^{\prime}(x)>0,train,train,1,124,64,15,15,1
mathwriting,mathwriting/images/train_006806930c4206ed.png,\frac{dE_{r}}{dx},train,train,1,64,64,8,17,0
mathwriting,mathwriting/images/train_00688a6c47c2dfa2.png,t-1+t^{-1},train,train,1,133,64,16,10,1
mathwriting,mathwriting/images/train_0068ab686db8bcbf.png,\tilde{A}_{9},train,train,1,65,64,8,13,0
mathwriting,mathwriting/images/train_0069b68809429e6b.png,"\{7,1\}^{5^{5^{\aleph_{7}}}}",train,train,1,81,64,10,28,0
mathwriting,mathwriting/images/train_0069ed4fd37ad219.png,\delta=\frac{4\pi}{\lambda}ntcos\theta_{t},train,train,1,143,64,17,42,0
mathwriting,mathwriting/images/train_0069f439e0b37a3c.png,W=\int Fdx,train,train,1,111,64,13,10,1
mathwriting,mathwriting/images/train_006a15764aca7382.png,m\ge(\begin{matrix}k\\ 2\end{matrix}),valid,train,1,120,64,15,37,0
mathwriting,mathwriting/images/train_006a2a00f0629194.png,(\begin{matrix}p\\ n\end{matrix}),train,train,1,65,64,8,33,0
mathwriting,mathwriting/images/train_006a381e4a6cc1f7.png,{\omega^{1}}_{3}=-\frac{sin\theta d\phi}{g},train,train,1,109,64,13,43,0
mathwriting,mathwriting/images/train_006a5f6412436ee9.png,[x^{\prime}:y^{\prime}:z^{\prime}],train,train,1,165,64,20,34,0
mathwriting,mathwriting/images/train_006abd695c03da0d.png,\overline{E}=\frac{3}{2}k_{B}T_{k},train,train,1,155,64,19,34,0
mathwriting,mathwriting/images/train_006afe4c30bf698c.png,V^{*}=9k_{B}T\frac{\partial ln\dot{\epsilon}}{\partial H},train,train,1,104,64,13,57,0
mathwriting,mathwriting/images/train_006b70e0a1647f06.png,(\begin{matrix}n\\ a\end{matrix})<e^{at},train,train,1,113,64,14,40,0
mathwriting,mathwriting/images/train_006cd0a8a2122bfc.png,\pi/\sqrt{6}\approx1.2825,train,train,1,243,64,30,25,1
mathwriting,mathwriting/images/train_006ce2c5faadb51e.png,N_{b}^{r},train,train,1,65,64,8,9,0
mathwriting,mathwriting/images/train_006d2b7ee8010e08.png,x=y=\frac{i}{\sqrt{2}},train,train,1,147,64,18,22,0
mathwriting,mathwriting/images/train_006e0736d83ec947.png,U\mapsto C_{*}(U;A),train,train,1,177,64,22,19,1
mathwriting,mathwriting/images/train_006e32fbd127ee1f.png,exp_{a}^{p}(b)=a^{a^{\cdot^{\cdot^{a^{b}}}}},train,train,1,176,64,22,44,0
mathwriting,mathwriting/images/train_006e3a47a067af11.png,\dot{x}=Ax+Bu,train,train,1,288,64,36,13,1
mathwriting,mathwriting/images/train_006f9a342992f0c8.png,(\frac{1}{249}+10)^{(2\cdot103)^{305}},train,train,1,98,64,12,38,0
mathwriting,mathwriting/images/train_0070397fbc55c6c7.png,"P=\{p_{1},\cdot\cdot\cdot,p_{n}\}",train,train,1,222,64,27,33,0
mathwriting,mathwriting/images/train_007081acc51ba382.png,f(\xi)\leftarrow\hat{f},train,train,1,126,64,15,23,0
mathwriting,mathwriting/images/train_00710ebe91045921.png,A\cdot A=|A|^{2},train,train,1,193,64,24,16,1
mathwriting,mathwriting/images/train_00711fb14af5f0d6.png,(\frac{386}{\sqrt{307}})^{6}\cdot363^{9}+404,train,train,1,106,64,13,44,0
mathwriting,mathwriting/images/train_0071b3a0f553660c.png,P_{1}=1-R/d,train,train,1,222,64,27,11,1
mathwriting,mathwriting/images/train_00726d5274061da3.png,P(W_{i})=\frac{K}{N},train,train,1,160,64,20,20,1
mathwriting,mathwriting/images/train_00727264eedfeb56.png,\sqrt{\Omega},train,train,1,84,64,10,13,0
mathwriting,mathwriting/images/train_0072ba822ea9ddf6.png,\overline{F}=-\frac{GM}{R^{2}}\hat{r},train,train,1,126,64,15,37,0
mathwriting,mathwriting/images/train_0072ea3e0aea5540.png,A=[\begin{matrix}a&b\\ c&d\end{matrix}],train,train,1,143,64,17,39,0
mathwriting,mathwriting/images/train_0072efc68da297bd.png,e^{e^{e^{\cdot^{\cdot^{\cdot}}}}},train,train,1,77,64,9,33,0
mathwriting,mathwriting/images/train_007308d0e05258fd.png,5^{5^{5^{5^{5^{5}}}}}-7,train,train,1,85,64,10,23,0
mathwriting,mathwriting/images/train_0073697742b7a934.png,AA^{+}b=b,train,train,1,108,64,13,9,1
mathwriting,mathwriting/images/train_0073c5b6c331e65d.png,V_{d}=\frac{\pi^{d/2}}{\Gamma(\frac{d}{2}+1)},train,train,1,109,64,13,45,0
mathwriting,mathwriting/images/train_007460ba0c513ec7.png,"\tilde{Q}(1,N_{f})_{-1/(N_{f}-N_{c}),N_{c}/N_{f}}",train,train,1,229,64,28,49,0
mathwriting,mathwriting/images/train_00751a097ee27ca8.png,\frac{32\pi^{4}}{945}R^{9},train,train,1,90,64,11,26,0
mathwriting,mathwriting/images/train_007585af6cd70e41.png,\sum_{i=0}^{\infty}n_{i}=dN(\nu),train,train,1,115,64,14,32,0
mathwriting,mathwriting/images/train_007593797c5540b3.png,(\frac{6^{10}}{133})^{\frac{411}{9}},train,train,1,67,64,8,36,0
mathwriting,mathwriting/images/train_007595a9275bad76.png,(6^{224}\cdot383^{5}),train,train,1,133,64,16,21,0
mathwriting,mathwriting/images/train_0075b409b33adced.png,\frac{\frac{\sqrt{235}+17}{6}}{(109\cdot6)},train,train,1,122,64,15,43,0
mathwriting,mathwriting/images/train_0075be3978eaaada.png,\tilde{H}_{n},train,train,1,64,64,8,13,0
mathwriting,mathwriting/images/train_007640c90806eed8.png,3^{3^{\cdot^{\cdot^{\cdot^{w}}}}},train,train,1,68,64,8,33,0
mathwriting,mathwriting/images/train_007685c80898bc92.png,\frac{dy}{dx}=\frac{1}{1+x^{2}},train,train,1,95,64,11,31,0
mathwriting,mathwriting/images/train_00769dfc9b460285.png,\xi(m)\Delta m,train,train,1,128,64,16,14,1
mathwriting,mathwriting/images/train_0076b6a9ad4cf961.png,\frac{dk}{dt},train,train,1,64,64,8,13,0
mathwriting,mathwriting/images/train_0076cbb76cd6d44e.png,"D\varphi_{x},(\varphi_{*})_{x},\varphi^{\prime}(x)",train,train,1,281,64,35,50,0
mathwriting,mathwriting/images/train_0076e8e8e026cd2f.png,e^{\pm\sqrt[n]{x}},train,train,1,100,64,12,18,0
mathwriting,mathwriting/images/train_007707aba9b8b41a.png,[\begin{matrix}0&1\\ 1&-n\end{matrix}],train,train,1,79,64,9,38,0
mathwriting,mathwriting/images/train_0077283d095a71c3.png,\frac{dp_{o}}{p_{o}},train,train,1,64,64,8,20,0
mathwriting,mathwriting/images/train_00772f40c22e67f2.png,\frac{210\cdot196}{218+13},train,train,1,104,64,13,26,0
mathwriting,mathwriting/images/train_0077594096d6dafe.png,t=1+1+\cdot\cdot\cdot+1,train,train,1,223,64,27,23,1
mathwriting,mathwriting/images/train_007767a356b22004.png,E=mc^{2}\oplus pc,train,train,1,179,64,22,17,1
mathwriting,mathwriting/images/train_007774ffbb04136c.png,(\frac{248}{10}/372-43),train,train,1,158,64,19,23,0
mathwriting,mathwriting/images/train_00787d624486cbee.png,B=\frac{i_{0}e}{\sqrt{1-\frac{e^{3}}{c^{3}}}},train,train,1,99,64,12,45,0
mathwriting,mathwriting/images/train_00789d9fe32a4e4e.png,p(\theta)\propto\sqrt{I(\theta)},train,train,1,176,64,22,32,0
mathwriting,mathwriting/images/train_0078ba0454a29c55.png,\frac{m}{\sqrt{\frac{e^{2}}{n^{2}}-1}},train,train,1,90,64,11,38,0
mathwriting,mathwriting/images/train_0078fd643945cd4e.png,W_{\alpha}\equiv\overline{D}^{2}D_{\alpha}V,train,train,1,198,64,24,43,0
mathwriting,mathwriting/images/train_00794694910ddd66.png,\tilde{g}_{lk},train,train,1,81,64,10,14,0
mathwriting,mathwriting/images/train_00799b38d865bc29.png,\tilde{\phi}\circ\omega_{G}=\omega_{H}\circ\phi,train,train,1,216,64,27,47,0
mathwriting,mathwriting/images/train_007a02c41b809e06.png,[M+Na]^{+},train,train,1,183,64,22,10,1
mathwriting,mathwriting/images/train_007a2bd20dd09f18.png,J,train,train,1,64,64,8,1,1
mathwriting,mathwriting/images/train_007a4360ff6cc126.png,(\begin{matrix}1&1\\ -a&-c\end{matrix}),train,train,1,106,64,13,39,0
mathwriting,mathwriting/images/train_007aeee6a3568cc9.png,T=\sum_{i=1}^{N}\frac{|p_{i}|^{2}}{2m_{i}},train,train,1,123,64,15,42,0
mathwriting,mathwriting/images/train_007b0236f2139ef2.png,"X_{\tau(X^{*},X^{**})}^{*}",train,train,1,185,64,23,26,0
mathwriting,mathwriting/images/train_007b1810525535c0.png,r.Ann(S),train,train,1,186,64,23,8,1
mathwriting,mathwriting/images/train_007bc5a18bc37b0e.png,d_{m}=\frac{d_{ip}+d_{ia}}{2},train,train,1,129,64,16,29,0
mathwriting,mathwriting/images/train_007bdb5efb9af6d9.png,\frac{\frac{10}{7}}{\frac{\sqrt{450}}{2}},train,train,1,64,64,8,41,0
mathwriting,mathwriting/images/train_007bfdb7f615095b.png,R^{*}=\frac{4}{\rho f^{2}}|\frac{\partial p}{\partial n}|,train,train,1,105,64,13,57,0
mathwriting,mathwriting/images/train_007c073b0b579271.png,\tilde{H_{i}}=\varphi(H_{i}),train,train,1,156,64,19,28,0
mathwriting,mathwriting/images/train_007c7ace47ebd5b7.png,\sqrt{m}\cdot logm,train,train,1,130,64,16,18,0
mathwriting,mathwriting/images/train_007c9536828c95e5.png,\tilde{B},train,train,1,65,64,8,9,0
mathwriting,mathwriting/images/train_007caecf6eb02e06.png,\tilde{\Phi}=\sqrt{3}ln\Phi,train,train,1,158,64,19,27,0
mathwriting,mathwriting/images/train_007cca8252fc8869.png,[\begin{matrix}0\\ \frac{\pi}{2}\end{matrix}],train,train,1,70,64,8,45,0
mathwriting,mathwriting/images/train_007ce34f0224c6ab.png,b_{n}=-\sum_{d|n}\frac{1}{d}=,train,train,1,117,64,14,29,0
mathwriting,mathwriting/images/train_007ce8e44a2848c2.png,E=E_{0}-\int PdV,train,train,1,149,64,18,16,1
mathwriting,mathwriting/images/train_007d2994eba5a354.png,SNR=\frac{|y_{s}|^{2}}{E\{|y_{v}|^{2}\}},train,train,1,123,64,15,40,0
mathwriting,mathwriting/images/train_007ddf0657ab8296.png,tan\varphi=\frac{y}{x},train,train,1,106,64,13,22,0
mathwriting,mathwriting/images/train_007deebd5f94045b.png,a=\sqrt[2]{\frac{P}{2mt}},train,train,1,122,64,15,25,0
mathwriting,mathwriting/images/train_007e054a9236b6e6.png,F_{(\lambda_{p})},train,train,1,71,64,8,17,0
mathwriting,mathwriting/images/train_007eeb68f657ba03.png,\int_{|z|=r}f(z)dz,train,train,1,138,64,17,18,0
mathwriting,mathwriting/images/train_007f0a0a4fe8bee7.png,\frac{\frac{10}{7}}{\frac{\sqrt{450}}{2}},train,train,1,64,64,8,41,0
mathwriting,mathwriting/images/train_007fa225a05fff9e.png,m=\frac{m_{9}}{({1\cdot\frac{v^{5}}{c^{5}})}^{4/5}},train,train,1,99,64,12,51,0
mathwriting,mathwriting/images/train_007fc7ec5896d01e.png,\sqrt{\pi},train,train,1,110,64,13,10,1
mathwriting,mathwriting/images/train_008091f694abcdea.png,m=\frac{d}{p},train,train,1,87,64,10,13,0
mathwriting,mathwriting/images/train_0080a1d418593c7d.png,i=C\frac{du}{dt},train,train,1,112,64,14,16,0
mathwriting,mathwriting/images/train_0080ae2ec5f55db8.png,(\begin{matrix}n\\ 5\end{matrix}),train,train,1,64,64,8,33,0
mathwriting,mathwriting/images/train_0080c5bbc6dc5578.png,\vec{r}=[\begin{matrix}1\\ 1\end{matrix}],train,train,1,115,64,14,41,0
mathwriting,mathwriting/images/train_0080c78ccf052739.png,v=\sqrt{\frac{T}{\rho}},train,train,1,87,64,10,23,0
mathwriting,mathwriting/images/train_008115b0fcfe3858.png,\sqrt[12]{2^{6}},train,train,1,87,64,10,16,0
mathwriting,mathwriting/images/train_00812f5a54be8b3a.png,A\frac{\partial v}{\partial t}+B\frac{\partial v}{\partial x}=0,train,train,1,163,64,20,63,0
mathwriting,mathwriting/images/train_0082097f2e7ff4a7.png,\int_{C}x^{2}dy,train,train,1,108,64,13,15,0
mathwriting,mathwriting/images/train_00820e452d23f662.png,"k(\tau)=\frac{\vartheta_{10}(0,\tau)^{2}}{\vartheta_{00}(0,\tau)^{2}}",train,train,1,148,64,18,69,0
mathwriting,mathwriting/images/train_0083362417976dee.png,[\begin{matrix}0&-1\\ 1&0\end{matrix}],train,train,1,113,64,14,38,0
mathwriting,mathwriting/images/train_00834d1959cecb48.png,"(y_{1},...,y_{n})\in F_{n}",train,train,1,219,64,27,26,1
mathwriting,mathwriting/images/train_00836ff2c7d0c6e3.png,2p_{0}q_{0}-f(2p_{0}q_{0}),train,train,1,241,64,30,26,1
mathwriting,mathwriting/images/train_0083d69f45c078f8.png,\overline{\frac{\partial(\overline{r_{h}}\cdot r_{h}^{\prime})}{\partial x_{h}}}=0,train,train,1,92,64,11,82,0
mathwriting,mathwriting/images/train_0084344ce0df556c.png,P(5),train,train,1,95,64,11,4,1
mathwriting,mathwriting/images/train_0085b7b2ef604fb5.png,K_{a}>K_{b}>0,train,train,1,189,64,23,13,1
mathwriting,mathwriting/images/train_0085cc5a099ecadb.png,[\begin{matrix}a&b\\ b&a\end{matrix}],train,train,1,105,64,13,37,0
mathwriting,mathwriting/images/train_0085ce0a5305fe45.png,\gamma=\frac{3}{\sqrt{3-\frac{e^{2}}{g^{2}}}},train,train,1,84,64,10,45,0
mathwriting,mathwriting/images/train_008604cb7af45191.png,\int_{A}(g-f)d\mu=0,train,train,1,150,64,18,19,0
mathwriting,mathwriting/images/train_0086715cef39a61d.png,c\sqrt{2},train,train,1,129,64,16,9,1
mathwriting,mathwriting/images/train_0086839749dfc4c4.png,G(r)\approx\frac{e^{-\sqrt{t}r}}{r^{d-2}},train,train,1,123,64,15,41,0
mathwriting,mathwriting/images/train_0086844ab072f069.png,\hat{y}_{i},train,train,1,64,64,8,11,0
mathwriting,mathwriting/images/train_0086b40d8e8421de.png,\delta(A)=\prod_{p}p^{t_{p}},train,train,1,129,64,16,28,0
mathwriting,mathwriting/images/train_00874649f83c08b3.png,\underline{P}X=\emptyset,train,train,1,103,64,12,24,0
mathwriting,mathwriting/images/train_0087c7d13e2275f3.png,E=E\psi^{\dagger}\psi,train,train,1,143,64,17,21,0
mathwriting,mathwriting/images/train_00882b4a50783c46.png,10^{2}-92(1^{2})=8,train,train,1,303,64,37,18,1
mathwriting,mathwriting/images/train_0088494be6c98805.png,"[1-\lambda R(\underline{k},\omega)]^{n}u(n)",train,train,1,208,64,26,43,0
mathwriting,mathwriting/images/train_00886064bfa33e94.png,r^{\beta_{\epsilon}},train,train,1,70,64,8,20,0
mathwriting,mathwriting/images/train_0088717218f00504.png,\frac{\partial\psi}{\partial t}=P\psi,train,train,1,123,64,15,37,0
mathwriting,mathwriting/images/train_0088aba89a0edc22.png,\frac{25+\sqrt{621}}{2},train,train,1,115,64,14,23,0
mathwriting,mathwriting/images/train_0088e58575074e21.png,e^{ijkl}e_{ijkl}=4!,train,train,1,189,64,23,19,1
mathwriting,mathwriting/images/train_0088f6694783e0f5.png,\int_{X}\int_{Y}\int_{Z},train,train,1,72,64,9,24,0
mathwriting,mathwriting/images/train_008928ac8c512ef2.png,\int_{L}f(z)dz,train,train,1,117,64,14,14,1
mathwriting,mathwriting/images/train_00893c96c4d361f4.png,\frac{4\pi m}{\sqrt{5\cdot\frac{3m}{ro^{3}}}},train,train,1,65,64,8,45,0
mathwriting,mathwriting/images/train_008943b038d84a32.png,(\frac{9^{7}}{6}+\frac{92+\sqrt{3}}{1}),train,train,1,94,64,11,39,0
mathwriting,mathwriting/images/train_00895deb5a227920.png,\mathbb{C}P^{1},train,train,1,86,64,10,15,0
mathwriting,mathwriting/images/train_0089926aebbd8ec0.png,y=\frac{y_{0}}{({1-\frac{v^{4}}{q^{4}})}^{6/4}},train,train,1,110,64,13,47,0
mathwriting,mathwriting/images/train_0089940023f664df.png,"(M,d)",train,train,1,119,64,14,5,1
mathwriting,mathwriting/images/train_0089955a9124b870.png,\underline{x},train,train,1,64,64,8,13,0
mathwriting,mathwriting/images/train_0089e0ebb6612675.png,(\begin{matrix}c_{i}\\ i\end{matrix}),train,train,1,64,64,8,37,0
mathwriting,mathwriting/images/train_008a578cd4df01fe.png,\tilde{C}_{7},train,train,1,64,64,8,13,0
mathwriting,mathwriting/images/train_008a8a7b57df44c0.png,\tilde{G_{0}},train,train,1,64,64,8,13,0
mathwriting,mathwriting/images/train_008ad2c4344e95bd.png,(144\cdot185-\frac{\sqrt{200}+9}{2}),train,train,1,118,64,14,36,0
mathwriting,mathwriting/images/train_008b6839d58ea408.png,\pi:g\rightarrow gl_{V},train,train,1,182,64,22,23,0
mathwriting,mathwriting/images/train_008bbcdde2e2c189.png,0\le\frac{T}{C}\le1,train,train,1,113,64,14,19,0
mathwriting,mathwriting/images/train_008bdc6858590d8b.png,"f_{s+2},f_{s+3},...",train,train,1,176,64,22,19,1
mathwriting,mathwriting/images/train_008d33de8e3e0c51.png,a^{+\frac{(B+K)^{2}}{2{(s_{B})}^{2}}},train,train,1,106,64,13,37,0
mathwriting,mathwriting/images/train_008d61f40f66d7ce.png,s=s_{1}|s_{2},train,train,1,195,64,24,13,1
mathwriting,mathwriting/images/train_008d898076e5aef2.png,5^{\sqrt{189}}-381\cdot(\frac{197}{10})^{5},train,train,1,115,64,14,43,0
mathwriting,mathwriting/images/train_008db8163f7fcb27.png,(\frac{a\psi+b}{c\psi+d}),train,train,1,77,64,9,25,0
mathwriting,mathwriting/images/train_008e2f9a3f22a1cc.png,\frac{x^{2}}{2}\alpha-y,train,train,1,104,64,13,23,0
mathwriting,mathwriting/images/train_008e8e7d9214bc24.png,\frac{\sqrt{157}}{394}\cdot(90\cdot1),train,train,1,84,64,10,37,0
mathwriting,mathwriting/images/train_008ee4a2875eb6cb.png,a\notin\mathbb{Q},train,train,1,126,64,15,17,0
mathwriting,mathwriting/images/train_008f0d976c8bb96b.png,\tilde{E}_{7},train,train,1,64,64,8,13,0
mathwriting,mathwriting/images/train_008f76c7bc3c7c0f.png,\overline{C}(8),train,train,1,108,64,13,15,0
mathwriting,mathwriting/images/train_008f76cff2e606e5.png,\tilde{U},train,train,1,64,64,8,9,0
mathwriting,mathwriting/images/train_008f7a6707458606.png,(\frac{4}{\sqrt{4}}+\frac{405}{\sqrt{201}}),train,train,1,94,64,11,43,0
mathwriting,mathwriting/images/train_008fe8a18a2af931.png,y_{j}=\frac{\sum_{i\in s_{j}}A_{i}B_{i}}{\sum_{i\in s_{j}}B_{i}},train,train,1,105,64,13,64,0
mathwriting,mathwriting/images/train_00901bc5c5e6e973.png,O_{L}/(7)O_{L},train,train,1,174,64,21,14,1
mathwriting,mathwriting/images/train_00902f6199bf368b.png,\frac{2}{4}=0.5,train,train,1,102,64,12,15,0
mathwriting,mathwriting/images/train_0090ba04f692ca4f.png,=,train,train,1,115,64,14,1,1
mathwriting,mathwriting/images/train_00910b35a339b892.png,Mm(x),train,train,1,134,64,16,5,1
mathwriting,mathwriting/images/train_009135119991fd3e.png,(\begin{matrix}0&0\\ 0&e\end{matrix}),train,train,1,83,64,10,37,0
mathwriting,mathwriting/images/train_0091b953e0dfec8d.png,E[\frac{R(n)}{S(n)}],train,train,1,109,64,13,20,0
mathwriting,mathwriting/images/train_0092357f6b7bd0ca.png,(A[1])^{n}=A^{n+1},train,train,1,186,64,23,18,1
mathwriting,mathwriting/images/train_0092745d743b856b.png,"A_{t,r}=\frac{1-\frac{1}{(1+r)^{t}}}{r}",train,train,1,120,64,15,39,0
mathwriting,mathwriting/images/train_0092ab654ad8201d.png,\langle\frac{1}{r}\rangle=\frac{1}{a_{0}n^{2}},train,train,1,158,64,19,46,0
mathwriting,mathwriting/images/train_0092b449d454587f.png,R=\mu_{1}+\sqrt{S_{1}}X,valid,train,1,176,64,22,23,0
mathwriting,mathwriting/images/train_00930eed142c0e75.png,(4x-2)/(x^{2}+1),train,train,1,165,64,20,16,1
mathwriting,mathwriting/images/train_009385c1e10abadc.png,Z=[\begin{matrix}X_{i}&Y_{-i}\end{matrix}],train,train,1,204,64,25,42,0
mathwriting,mathwriting/images/train_0093d46f4d2e5a2f.png,\frac{dX}{dt}=AX,train,train,1,113,64,14,16,0
mathwriting,mathwriting/images/train_0093f78124411eba.png,\alpha,train,train,1,64,64,8,6,1
mathwriting,mathwriting/images/train_0094071c4c49cc62.png,"\frac{\sqrt{\frac{(d_{1}n)^{d_{1}}d_{7}^{d_{7}}}{(d_{1}n+d_{7})^{d_{1}+d_{7}}}}}{nU(\frac{d_{1}}{7},\frac{d_{7}}{7})}",train,train,1,171,64,21,117,0
mathwriting,mathwriting/images/train_0094d3218f7f5c4a.png,\sqrt[\infty]{\infty!},train,train,1,193,64,24,22,1
mathwriting,mathwriting/images/train_0094f7e71d39ef86.png,\overline{d},train,train,1,64,64,8,12,0
mathwriting,mathwriting/images/train_0094fc821025a419.png,\frac{\partial(R^{2}\Omega)}{\partial R}>0,train,train,1,114,64,14,42,0
mathwriting,mathwriting/images/train_00959e41998fb766.png,\underline{P}(Cl_{t}^{\le}),train,train,1,146,64,18,27,0
mathwriting,mathwriting/images/train_00959f0db5b698a3.png,\frac{(491+8)^{382}}{6^{2}},train,train,1,93,64,11,27,0
mathwriting,mathwriting/images/train_00961a978865068f.png,F\underline{A},train,train,1,73,64,9,14,0
mathwriting,mathwriting/images/train_009662edbf2bb279.png,"\prod_{i=1}^{s}[0,u_{i})",train,train,1,101,64,12,24,0
mathwriting,mathwriting/images/train_0096cc05bc8880d8.png,rec=\frac{m_{c}W_{c}}{m_{f}W_{f}},train,train,1,110,64,13,33,0
mathwriting,mathwriting/images/train_0096dd7e41af59cf.png,T=\frac{mc^{2}}{\sqrt{6+\frac{b^{2}}{c^{2}}}},train,train,1,113,64,14,45,0
mathwriting,mathwriting/images/train_0097c6d9b735c2c3.png,\omega_{m}=\frac{1}{\sqrt{LC}},train,train,1,105,64,13,30,0
mathwriting,mathwriting/images/train_0098188db63be09d.png,(1-\beta\lambda)^{\gamma},train,train,1,139,64,17,25,0
mathwriting,mathwriting/images/train_0098249c5c115f0f.png,expr=expr_{i},train,train,1,188,64,23,13,1
mathwriting,mathwriting/images/train_00982508cd6e75e8.png,s,valid,train,1,64,64,8,1,1
mathwriting,mathwriting/images/train_00984334800ef01b.png,\int\frac{da}{dt}d\frac{db}{dt},train,train,1,93,64,11,31,0
mathwriting,mathwriting/images/train_00987d2a5397cd4a.png,"D_{1},D_{2}\in Div^{0}(E)",train,train,1,190,64,23,25,0
mathwriting,mathwriting/images/train_009944dc130501aa.png,\sqrt{\frac{\sum{A_{f}}^{2}}{n}},train,train,1,88,64,11,32,0
mathwriting,mathwriting/images/train_009a729b2176d05a.png,Q=\frac{\dot{m}}{\rho},train,train,1,86,64,10,22,0
mathwriting,mathwriting/images/train_009a9dad3b07751f.png,\int u^{1/2}du,train,train,1,96,64,12,14,0
mathwriting,mathwriting/images/train_009ae1557afcf27d.png,\frac{\frac{5}{365}}{\frac{448^{119}}{3}},train,train,1,80,64,10,41,0
mathwriting,mathwriting/images/train_009b099e532cd327.png,v\rightarrow v^{\prime}=-v,train,train,1,325,64,40,26,1
mathwriting,mathwriting/images/train_009b297ab1a4ed8e.png,4\sqrt{3},train,train,1,92,64,11,9,1
mathwriting,mathwriting/images/train_009b66b16761f32a.png,C_{nm},train,train,1,121,64,15,6,1
mathwriting,mathwriting/images/train_009be8203328b3e9.png,exp(i\theta H)=,train,train,1,176,64,22,15,1
mathwriting,mathwriting/images/train_009c1d909144f55d.png,(\begin{matrix}0&0\\ 0&e\end{matrix}),train,train,1,86,64,10,37,0
mathwriting,mathwriting/images/train_009cb71ea7620db5.png,-\gamma^{-1}<\delta<\alpha/\gamma,train,train,1,231,64,28,33,0
mathwriting,mathwriting/images/train_009cffd946708af1.png,z_{\epsilon}=\frac{U}{Q}=\frac{U_{m}}{Q_{m}},train,train,1,112,64,14,44,0
mathwriting,mathwriting/images/train_009e452a0401a90b.png,A(x)>x^{\sqrt{2}-1-o(1)},train,train,1,208,64,26,24,1
mathwriting,mathwriting/images/train_009f7e90d8cf9d09.png,f^{\prime}(x)=\frac{(x-1)}{2x\sqrt{x}},train,train,1,135,64,16,38,0
mathwriting,mathwriting/images/train_009ff513f86d514a.png,H\Psi_{k}=E(k)\Psi_{k},train,train,1,192,64,24,22,1
mathwriting,mathwriting/images/train_00a0279201efbaef.png,(\begin{matrix}m\\ 2\end{matrix}),train,train,1,64,64,8,33,0
mathwriting,mathwriting/images/train_00a070d1f570ac4e.png,"\{(n-2k)^{(\begin{matrix}n\\ k\end{matrix})};k=0,...,n\}",train,train,1,170,64,21,56,0
mathwriting,mathwriting/images/train_00a08980046cf637.png,\underline{k}-\omega,train,train,1,131,64,16,20,0
mathwriting,mathwriting/images/train_00a0f64e81de0c6a.png,\tilde{h}[n],train,train,1,89,64,11,12,0
mathwriting,mathwriting/images/train_00a0fbd63ee9d87a.png,D\overline{D},train,train,1,75,64,9,13,0
mathwriting,mathwriting/images/train_00a11e59c6a93e75.png,\hat{\pi},train,train,1,64,64,8,9,0
mathwriting,mathwriting/images/train_00a127061dd9a5d0.png,t^{\prime}=t/\sqrt{1-v^{2}/c^{2}},train,train,1,178,64,22,33,0
mathwriting,mathwriting/images/train_00a1c8887def5e51.png,"t=t_{1},t_{2}",train,train,1,155,64,19,13,1
mathwriting,mathwriting/images/train_00a1d8bc18566aaa.png,W^{\mathbb{C}}\cong W\oplus\overline{W},train,train,1,238,64,29,39,0
mathwriting,mathwriting/images/train_00a1f3b08451e583.png,[\begin{matrix}3&7&2\end{matrix}],train,train,1,121,64,15,33,0
mathwriting,mathwriting/images/train_00a27fd5961ef1a2.png,\frac{\partial}{\partial\rho},train,train,1,64,64,8,29,0
mathwriting,mathwriting/images/train_00a31c04a9daabc4.png,\frac{df}{du},train,train,1,64,64,8,13,0
mathwriting,mathwriting/images/train_00a3734718d1d219.png,V_{TS}=\frac{\rho_{p}d^{2}gC_{c}}{18\eta},train,train,1,121,64,15,41,0
mathwriting,mathwriting/images/train_00a3cbdea545ee24.png,e=\sqrt{g(2-g)},train,train,1,177,64,22,15,1
mathwriting,mathwriting/images/train_00a4073e4ca26c5c.png,\sqrt{\frac{1}{70}},train,train,1,66,64,8,19,0
mathwriting,mathwriting/images/train_00a43188c4990c17.png,\tilde{A}_{9},train,train,1,64,64,8,13,0
mathwriting,mathwriting/images/train_00a43e570b6a70d1.png,\overline{M}=0,train,train,1,96,64,12,14,0
mathwriting,mathwriting/images/train_00a4d2f8b18cbe9e.png,\frac{d}{dx}ln|x|=\frac{1}{x},train,train,1,158,64,19,29,0
mathwriting,mathwriting/images/train_00a530331fa07a1a.png,h(\underline{n})=h^{*}(-\underline{n}),train,train,1,165,64,20,38,0
mathwriting,mathwriting/images/train_00a54ac66a96d9a8.png,"\frac{C(4,2)}{C(7,2)}=\frac{6}{21}=\frac{2}{7}?",train,train,1,151,64,18,47,0
mathwriting,mathwriting/images/train_00a581ed7911e374.png,\frac{dy}{dx}=x+y,train,train,1,112,64,14,17,0
mathwriting,mathwriting/images/train_00a6944fd09e6a85.png,1-5/3+4^{466},train,train,1,168,64,21,13,1
mathwriting,mathwriting/images/train_00a6ec760404a9f3.png,\frac{(3-\sqrt{2})}{\frac{1^{6}}{7}},train,train,1,66,64,8,36,0
mathwriting,mathwriting/images/train_00a750e8f1ea0d5b.png,\tilde{e}_{i}\tilde{f}_{i},train,train,1,67,64,8,26,0
mathwriting,mathwriting/images/train_00a75a52a6609fb0.png,[b]\in[R]^{n},train,train,1,161,64,20,13,1
mathwriting,mathwriting/images/train_00a76c567b378bf5.png,((9+178)\cdot(\frac{1}{8}\cdot8)),train,train,1,167,64,20,33,0
mathwriting,mathwriting/images/train_00a782af4a1270ca.png,1\notin A\Rightarrow\sigma A=0,train,train,1,228,64,28,30,0
mathwriting,mathwriting/images/train_00a790716754d05f.png,P_{1}=\frac{1-(\frac{q}{p})^{n_{1}}}{1-(\frac{q}{p})^{n_{1}+n_{2}}},train,train,1,96,64,12,67,0
mathwriting,mathwriting/images/train_00a7d69be338657e.png,(\begin{matrix}0&0\\ 0&1\end{matrix}),train,train,1,68,64,8,37,0
mathwriting,mathwriting/images/train_00a89ebc5a5dad4d.png,\sqrt{(n^{2}-1)/12},train,train,1,135,64,16,19,0
mathwriting,mathwriting/images/train_00a9021fbba5d4fd.png,\hat{d},train,train,1,64,64,8,7,1
mathwriting,mathwriting/images/train_00a916b58052f76e.png,||x||=\sqrt{x\cdot x},train,train,1,154,64,19,21,0
mathwriting,mathwriting/images/train_00a9358757bdeb19.png,\int_{b}^{a},train,train,1,64,64,8,12,0
mathwriting,mathwriting/images/train_00a98d608775a223.png,\int x^{k}d\mu(x)=m_{k},valid,train,1,163,64,20,23,0
mathwriting,mathwriting/images/train_00aaa0ddb2dbdcb8.png,b^{(k_{4})},train,train,1,111,64,13,11,1
mathwriting,mathwriting/images/train_00ab3add554249b6.png,\frac{PV\beta}{N}=-\frac{\Omega}{N},train,train,1,109,64,13,35,0
mathwriting,mathwriting/images/train_00ab5344cf9e11b7.png,\hat{M},train,train,1,64,64,8,7,1
mathwriting,mathwriting/images/train_00ab572826c36c62.png,k_{x}=\frac{l\pi}{L},train,train,1,101,64,12,20,0
mathwriting,mathwriting/images/train_00ab8c0416f8c4c7.png,P=-\frac{dE}{dt},train,train,1,88,64,11,16,0
mathwriting,mathwriting/images/train_00abd4f31060c102.png,(\frac{a-1}{2}),train,train,1,79,64,9,15,0
mathwriting,mathwriting/images/train_00abea33b7ce5287.png,2y\frac{dy}{dx}=3x^{2}-1,train,train,1,168,64,21,24,0
mathwriting,mathwriting/images/train_00ac21d66653a2ba.png,f^{-1}(c),train,train,1,89,64,11,9,1
mathwriting,mathwriting/images/train_00ac69d7ea480c58.png,v=0(r=a),train,train,1,255,64,31,8,1
mathwriting,mathwriting/images/train_00ac95e61587a25c.png,\frac{27-74}{4}\cdot\frac{8}{298},train,train,1,113,64,14,33,0
mathwriting,mathwriting/images/train_00acfc2e5262d9e6.png,\pi_{x}=\prod_{j=1}^{t}\zeta_{j},train,train,1,99,64,12,32,0
mathwriting,mathwriting/images/train_00acfd20849b75ac.png,\tilde{n}=n+z^{2},train,train,1,190,64,23,17,1
mathwriting,mathwriting/images/train_00ad057cf4c3ae7b.png,v=\frac{dr}{dt},train,train,1,78,64,9,15,0
mathwriting,mathwriting/images/train_00ad5d4bceff76c6.png,\tilde{C}_{n},train,train,1,70,64,8,13,0
mathwriting,mathwriting/images/train_00ad5e8a5622af70.png,(\begin{matrix}p\\ r\end{matrix}),train,train,1,64,64,8,33,0
mathwriting,mathwriting/images/train_00add3dbc0f9318b.png,K=\frac{3\mu_{0}^{2}}{160\pi^{2}}\frac{\hbar^{2}\gamma^{4}}{r^{6}},train,train,1,126,64,15,66,0
mathwriting,mathwriting/images/train_00adde1c98e1d258.png,-\frac{dz}{z},train,train,1,87,64,10,13,0
mathwriting,mathwriting/images/train_00adebaaef290fa5.png,[\begin{matrix}a&b\\ b&a\end{matrix}],train,train,1,92,64,11,37,0
mathwriting,mathwriting/images/train_00ae2eaf8dbe6ebe.png,-\frac{\pi}{2}<\theta<+\frac{\pi}{2},train,train,1,207,64,25,36,0
mathwriting,mathwriting/images/train_00ae4cfab9794099.png,Fr=\frac{v}{\sqrt{gy}},train,train,1,99,64,12,22,0
mathwriting,mathwriting/images/train_00ae86ae6d69cf04.png,\Lambda<c,train,train,1,97,64,12,9,1
mathwriting,mathwriting/images/train_00ae978fa63a0c1f.png,-\sqrt{\frac{8}{35}},train,train,1,99,64,12,20,0
mathwriting,mathwriting/images/train_00aed0e1843aee43.png,\Rightarrow\frac{2A\sqrt{h}}{a\sqrt{2g}}=t,train,train,1,141,64,17,42,0
mathwriting,mathwriting/images/train_00aed30364599afd.png,f(\epsilon)=e^{-\beta(\epsilon-\mu)},train,train,1,166,64,20,36,0
mathwriting,mathwriting/images/train_00aef10bfa17bb3e.png,(\frac{7}{328})^{8^{153}},train,train,1,70,64,8,25,0
mathwriting,mathwriting/images/train_00aef330bd5daa24.png,\hat{\beta}\pm2.5se_{\beta},train,train,1,149,64,18,27,0
mathwriting,mathwriting/images/train_00aef8673c5e26d7.png,xD(1)=x*\frac{d}{dx}(1)=0,train,train,1,188,64,23,25,0
mathwriting,mathwriting/images/train_00af028b4cd32ddd.png,\sum_{n\ge1}n|b_{n}|^{2}\le1,train,train,1,148,64,18,28,0
mathwriting,mathwriting/images/train_00af263f7e07a680.png,\tilde{A}_{5},train,train,1,64,64,8,13,0
mathwriting,mathwriting/images/train_00af3122dfa16b26.png,B_{0}=(\mu_{0}/2)*M,train,train,1,220,64,27,19,1
mathwriting,mathwriting/images/train_00af6b291e881775.png,\frac{10}{340}/(460+\sqrt{492}),train,train,1,99,64,12,31,0
mathwriting,mathwriting/images/train_00af879508db0abc.png,\int_{\partial\Omega},train,train,1,77,64,9,21,0
mathwriting,mathwriting/images/train_00afb09b073fca43.png,a^{2}+b^{2}+c^{2}>\frac{d^{2}}{3},train,train,1,159,64,19,33,0
mathwriting,mathwriting/images/train_00b04b8ded304a16.png,[\begin{matrix}4&4\\ 6\end{matrix}],train,train,1,87,64,10,35,0
mathwriting,mathwriting/images/train_00b0d30a0577c009.png,P(A|X=2/3),train,train,1,227,64,28,10,1
mathwriting,mathwriting/images/train_00b0e5df5fa8410f.png,(\frac{374}{2}/406)^{7^{2}\cdot2},train,train,1,84,64,10,33,0
mathwriting,mathwriting/images/train_00b0e5f17c8c4e3c.png,\overline{X}=\frac{1}{n}\sum_{i=1}^{n}X_{i},train,train,1,127,64,15,43,0
mathwriting,mathwriting/images/train_00b0eda1ace208c2.png,63^{63^{63^{63^{63^{4.827}}}}},train,train,1,118,64,14,30,0
mathwriting,mathwriting/images/train_00b10d4ceb3831b3.png,"Cl_{0,3}(R)=H\oplus H",train,train,1,250,64,31,21,1
mathwriting,mathwriting/images/train_00b1475d0b80e313.png,(6-228\cdot{232^{193}}^{10}),train,train,1,183,64,22,28,0
mathwriting,mathwriting/images/train_00b1cc35760d6708.png,\int_{a}^{b}\pi f(x)^{2}dx,train,train,1,94,64,11,26,0
mathwriting,mathwriting/images/train_00b24a668cff1d3e.png,\frac{\sqrt{70}}{469}+(\frac{4}{10})^{304},train,train,1,85,64,10,42,0
mathwriting,mathwriting/images/train_00b292ea0ef6080b.png,\langle r^{k}\rangle=a^{k}\Gamma(1+\frac{k}{3}),train,train,1,175,64,21,47,0
mathwriting,mathwriting/images/train_00b2dc9d7d918be8.png,n/exp(\Omega(\sqrt{logn})),train,train,1,159,64,19,26,0
mathwriting,mathwriting/images/train_00b359e14d8df710.png,\int\frac{dy}{dx}dx,train,train,1,88,64,11,19,0
mathwriting,mathwriting/images/train_00b373c6aa64df71.png,E=\sqrt{\sum P(n-X)^{2}},train,train,1,190,64,23,24,0
mathwriting,mathwriting/images/train_00b40e39938d6e59.png,F=\frac{1}{2}\sum_{i=1}^{n}A_{i}^{2}+A_{0},train,train,1,157,64,19,42,0
mathwriting,mathwriting/images/train_00b4df3f958e1c63.png,"R^{d}\times\{1,2\}",train,train,1,153,64,19,18,1
mathwriting,mathwriting/images/train_00b52438784e9fc7.png,\overline{Q},train,train,1,64,64,8,12,0
mathwriting,mathwriting/images/train_00b54f47bf212e18.png,2+\sqrt{2}+\sqrt{6},train,train,1,240,64,30,19,1
mathwriting,mathwriting/images/train_00b5920814f23b8a.png,a\sqrt{\frac{2+b^{2}}{2}},train,train,1,112,64,14,25,0
mathwriting,mathwriting/images/train_00b5adc74e5a496c.png,"x,y\notin H_{3},H_{4}",train,train,1,164,64,20,21,0
mathwriting,mathwriting/images/train_00b675083b11d16f.png,\frac{\frac{2}{10}}{8^{366}},train,train,1,64,64,8,28,0
mathwriting,mathwriting/images/train_00b67adc261acc0c.png,m=\frac{NIA}{L},train,train,1,123,64,15,15,1
mathwriting,mathwriting/images/train_00b681c5b5f6a973.png,\hat{c},train,train,1,64,64,8,7,1
mathwriting,mathwriting/images/train_00b6825ba90b32a2.png,\mathbb{L},train,train,1,64,64,8,10,0
mathwriting,mathwriting/images/train_00b68e5aa25c35bf.png,\overline{x}=\frac{1}{n}\sum_{i=1}^{n}x_{i},train,train,1,99,64,12,43,0
mathwriting,mathwriting/images/train_00b6b56e9c4eec10.png,\hat{p}=0,train,train,1,76,64,9,9,1
mathwriting,mathwriting/images/train_00b7fa6140e7b9dc.png,7^{7^{7^{7^{7}}}}-5,train,train,1,76,64,9,19,0
mathwriting,mathwriting/images/train_00b8c2cace0d7734.png,a_{2}=a-\frac{a\cdot b}{b\cdot b}b,train,train,1,122,64,15,34,0
mathwriting,mathwriting/images/train_00b90ad1dbbcf8f7.png,1-5/3+4^{466},train,train,1,206,64,25,13,1
mathwriting,mathwriting/images/train_00b91b26bcef7d8a.png,\frac{dB}{dG}=0,train,train,1,103,64,12,15,0
mathwriting,mathwriting/images/train_00b935a28293e803.png,"E_{l,m}^{(E)}=\frac{i}{k}\nabla\times B_{l,m}^{(E)}",train,train,1,178,64,22,51,0
mathwriting,mathwriting/images/train_00b93a581def91aa.png,E=\frac{wc^{0}}{\sqrt{1+\frac{d^{0}}{c^{0}}}},train,train,1,84,64,10,45,0
mathwriting,mathwriting/images/train_00b970134010a9c1.png,//x=x,train,train,1,118,64,14,5,1
mathwriting,mathwriting/images/train_00b9769835a5f00c.png,(b-c)),train,train,1,153,64,19,6,1
mathwriting,mathwriting/images/train_00b9e530b6f53e71.png,(\begin{matrix}9\\ 6\end{matrix}),train,train,1,64,64,8,33,0
mathwriting,mathwriting/images/train_00ba1a5b7f001b3e.png,(n+1)p-1\notin\mathbb{Z},train,train,1,212,64,26,24,1
mathwriting,mathwriting/images/train_00ba20a8862f8792.png,A=sup_{|z|\le R}Ref(z),train,train,1,224,64,28,22,1
mathwriting,mathwriting/images/train_00ba7ee21c2baf66.png,\tilde{X}:=f\circ X,train,train,1,172,64,21,19,1
mathwriting,mathwriting/images/train_00ba8e884a905a01.png,Z_{i}=\frac{\hat{p}_{i}\cdot\overline{p}}{\sqrt{\frac{\overline{p}(5\cdot\overline{p})}{r_{i}}}},train,train,1,89,64,11,96,0
mathwriting,mathwriting/images/train_00baea457863b547.png,-g=g_{00}\gamma,train,train,1,203,64,25,15,1
mathwriting,mathwriting/images/train_00bb33db7e42514a.png,J|_{U}:U\rightarrow V,train,train,1,184,64,23,21,1
mathwriting,mathwriting/images/train_00bb60cbdc9c84d7.png,\hat{4},train,train,1,64,64,8,7,1
mathwriting,mathwriting/images/train_00bbb81c8215c6e5.png,\mathbb{F},train,train,1,64,64,8,10,0
mathwriting,mathwriting/images/train_00bc18b360fac443.png,\tilde{N}(s)=L\{N(t)\},train,train,1,175,64,21,22,0
mathwriting,mathwriting/images/train_00bc1c89dff0672e.png,k=\lceil log_{2}n+1\rceil,train,train,1,166,64,20,25,0
mathwriting,mathwriting/images/train_00bc4b23a23691f4.png,N=\frac{ln(1-P)}{ln(1-f)},train,train,1,103,64,12,25,0
mathwriting,mathwriting/images/train_00bd288f8b44cea8.png,v_{g}=\frac{2\pi\Delta f}{\Delta k}=\frac{\Delta\omega}{\Delta k},train,train,1,157,64,19,65,0
mathwriting,mathwriting/images/train_00bdb0ffec13f280.png,\sqrt{-1},valid,train,1,111,64,13,9,1
mathwriting,mathwriting/images/train_00bdd037b2fcd359.png,\sqrt{6}\times\sqrt{6},train,train,1,159,64,19,22,0
mathwriting,mathwriting/images/train_00bddacfb3de33ce.png,O(nlogn),train,train,1,165,64,20,8,1
mathwriting,mathwriting/images/train_00be2d3d96ac04bc.png,\int a(x)d\mu,train,train,1,118,64,14,13,1
mathwriting,mathwriting/images/train_00bedf1c34083cb6.png,a=\frac{3t}{\sqrt{10}}+3k,train,train,1,139,64,17,25,0
mathwriting,mathwriting/images/train_00bf0bd28d985e4c.png,\frac{\partial u}{\partial n}|_{\Gamma_{2}}=g,train,train,1,95,64,11,45,0
mathwriting,mathwriting/images/train_00bf9bfafcaa6110.png,F_{y}-\frac{d}{dt}F_{y^{\prime}}=0,train,train,1,91,64,11,34,0
mathwriting,mathwriting/images/train_00bfba782c3cfe9b.png,\sqrt{Z}e^{T}|\phi\rangle,train,train,1,186,64,23,25,0
mathwriting,mathwriting/images/train_00c05fbe1090a7a1.png,x\rightarrow\frac{x-\xi}{\omega},train,train,1,130,64,16,32,0
mathwriting,mathwriting/images/train_00c0887ae33bede6.png,k=\frac{\partial^{2}V}{\partial Q^{2}},train,train,1,91,64,11,38,0
mathwriting,mathwriting/images/train_00c0cefd35f09179.png,\int d^{3}xJ^{0},valid,train,1,85,64,10,16,0
mathwriting,mathwriting/images/train_00c17438ed1f04bb.png,\mu=\overline{x},train,train,1,118,64,14,16,0
mathwriting,mathwriting/images/train_00c1d565778071cf.png,P=\frac{m_{8}v}{\sqrt{7-\frac{v^{5}}{u^{5}}}},train,train,1,107,64,13,45,0
mathwriting,mathwriting/images/train_00c1dd055b2b1fb3.png,\int_{a}^{b}f(x)dv(x),train,train,1,98,64,12,21,0
mathwriting,mathwriting/images/train_00c2112a1e84ff2d.png,1^{433}\cdot111+\sqrt{5}^{381},train,train,1,192,64,24,30,0
mathwriting,mathwriting/images/train_00c234fc9635fbee.png,\tilde{f}:X\rightarrow M_{f},train,train,1,164,64,20,28,0
mathwriting,mathwriting/images/train_00c24b2620b921b5.png,W\ge\sum_{i=1}^{n}(p_{i}\cdot x_{i}),train,train,1,89,64,11,36,0
mathwriting,mathwriting/images/train_00c29ee449700f42.png,e^{\cdot\frac{(F\cdot M)^{0}}{0{(s_{F})}^{0}}},train,train,1,83,64,10,46,0
mathwriting,mathwriting/images/train_00c2e3861f03e33b.png,\frac{dZ(t)}{dt},train,train,1,68,64,8,16,0
mathwriting,mathwriting/images/train_00c313b62c30229d.png,\frac{dF}{dL},train,train,1,74,64,9,13,0
mathwriting,mathwriting/images/train_00c3423d7e0c6dbd.png,7^{7^{7^{7^{7^{7}}}}}+3,train,train,1,88,64,11,23,0
mathwriting,mathwriting/images/train_00c353ce98a83689.png,\frac{dy}{dx}=\frac{x}{y},train,train,1,92,64,11,25,0
mathwriting,mathwriting/images/train_00c381eb2fdfd417.png,\prod C,train,train,1,85,64,10,7,1
mathwriting,mathwriting/images/train_00c4b74844ec1b08.png,\prod_{i=n-r+1}^{n}i,train,train,1,74,64,9,20,0
mathwriting,mathwriting/images/train_00c5d50c7889f91d.png,n=\prod_{i}{p_{i}}^{e_{i}},train,train,1,136,64,17,26,0
mathwriting,mathwriting/images/train_00c6902b462d0844.png,(\begin{matrix}a&b\\ b&c\end{matrix}),train,train,1,99,64,12,37,0
mathwriting,mathwriting/images/train_00c6c37443162cd5.png,v(t)=L\frac{di(t)}{dt},train,train,1,158,64,19,22,0
mathwriting,mathwriting/images/train_00c79eea1cc83609.png,\hat{\nu},train,train,1,64,64,8,9,0
mathwriting,mathwriting/images/train_00c83e99cddc9070.png,f:\mathbb{R}\rightarrow\mathbb{R}_{0}^{+},train,train,1,144,64,18,41,0
mathwriting,mathwriting/images/train_00c85ff69f8355e7.png,\hat{T}_{f},train,train,1,64,64,8,11,0
mathwriting,mathwriting/images/train_00c87e5d89862f0e.png,c=2rsin(\frac{\theta}{2}),train,train,1,145,64,18,25,0
mathwriting,mathwriting/images/train_00c89ae7b5b35b55.png,(\begin{matrix}n+2\\ 2\end{matrix})-2n-1,train,train,1,130,64,16,40,0
mathwriting,mathwriting/images/train_00c8c06ef415b770.png,2^{\frac{1}{2}}=\sqrt{2},train,train,1,151,64,18,24,0
mathwriting,mathwriting/images/train_00c8ff7a6e959462.png,\{\begin{matrix}3\\ 5\end{matrix}\},train,train,1,64,64,8,35,0
mathwriting,mathwriting/images/train_00c902e1d5b8c5b1.png,c_{i}=a+i\Delta x=\frac{2i}{n},train,train,1,182,64,22,30,0
mathwriting,mathwriting/images/train_00c99ba6c91094cd.png,\int_{0}^{\infty}f(x)dx\approx-\frac{\pi}{2},train,train,1,191,64,23,44,0
mathwriting,mathwriting/images/train_00ca9e9a6ebf58c4.png,r=\frac{ed}{1+esin\theta},train,train,1,64,64,8,25,0
mathwriting,mathwriting/images/train_00cac12a4671c258.png,"L_{\omega_{1},\omega}(Q)",train,train,1,160,64,20,24,0
mathwriting,mathwriting/images/train_00cac1e8f92bed61.png,W=N!/\prod_{i}N_{i}!,train,train,1,151,64,18,20,0
mathwriting,mathwriting/images/train_00cadadd591e2e02.png,ss\{\begin{matrix}2\\ 2\end{matrix}\},train,train,1,84,64,10,37,0
mathwriting,mathwriting/images/train_00cb09a8168b816e.png,\frac{d\psi}{dt}=\frac{T_{x}}{C\omega sin\epsilon},train,train,1,150,64,18,50,0
mathwriting,mathwriting/images/train_00cb1b9ba794cee8.png,1/\sqrt{\epsilon_{0}\mu_{0}},train,train,1,149,64,18,28,0
mathwriting,mathwriting/images/train_00cb66c8c56cd71a.png,(Im(\Gamma(\omega))<0),train,train,1,199,64,24,22,1
mathwriting,mathwriting/images/train_00cbaf59a21e2090.png,\sum_{n=1}^{\infty}\frac{sin\frac{x}{n}}{n},train,train,1,85,64,10,43,0
mathwriting,mathwriting/images/train_00ccac2e976d4083.png,\frac{d_{1}}{a}\le2,train,train,1,84,64,10,19,0
mathwriting,mathwriting/images/train_00cd23458e186264.png,I=\int xcos(x)dx,valid,train,1,195,64,24,16,1
mathwriting,mathwriting/images/train_00cd43d154db7091.png,y_{4}^{\prime}=\frac{y_{4}-\frac{z}{c^{2}}k_{4}}{\sqrt{4-\frac{z^{2}}{c^{2}}}},train,train,1,119,64,14,78,0
mathwriting,mathwriting/images/train_00cddc27dd5740ec.png,(\begin{matrix}11\\ 5\end{matrix}),train,train,1,64,64,8,34,0
mathwriting,mathwriting/images/train_00ce75830353a63b.png,3\cdot10^{{6^{1}}^{1}},train,train,1,126,64,15,22,0
mathwriting,mathwriting/images/train_00cf55670b25c352.png,lim_{n\rightarrow\infty}(2^{n})^{\frac{1}{n}}=2,train,train,1,124,64,15,47,0
mathwriting,mathwriting/images/train_00cf5a81dcf04cd1.png,V=\frac{q_{1}q_{2}}{4\pi\epsilon_{0}|r|},train,train,1,108,64,13,40,0
mathwriting,mathwriting/images/train_00cf9829f705c143.png,\xi_{1}(s)=s\zeta(s+1),train,train,1,232,64,29,22,1
mathwriting,mathwriting/images/train_00cfe78ca472cf5c.png,mv\approx\frac{E}{c},train,train,1,119,64,14,20,0
mathwriting,mathwriting/images/train_00cff8c5b6cc7e29.png,\int_{V_{1}}^{V_{2}}PdV,train,train,1,79,64,9,23,0
mathwriting,mathwriting/images/train_00d03d830fff516f.png,r=\{x|x\notin x\},train,train,1,167,64,20,17,1
mathwriting,mathwriting/images/train_00d067b3c951ecea.png,{7^{398}}^{\frac{(4-2)}{10}},train,train,1,92,64,11,28,0
mathwriting,mathwriting/images/train_00d120ccd52d8949.png,0.5\sqrt{N},train,train,1,139,64,17,11,1
mathwriting,mathwriting/images/train_00d13dd42d77a7c5.png,"V:=L(\underline{a}_{1},...,\underline{a}_{r})",train,train,1,210,64,26,45,0
mathwriting,mathwriting/images/train_00d1f9b787cc3b54.png,A=\frac{1}{2}absinC,train,train,1,198,64,24,19,1
mathwriting,mathwriting/images/train_00d217b15900f1a8.png,x^{4}+3125=125x^{2},train,train,1,208,64,26,19,1
mathwriting,mathwriting/images/train_00d2270f0898e3ae.png,\tilde{g},train,train,1,64,64,8,9,0
mathwriting,mathwriting/images/train_00d26fd4bfe1b017.png,\frac{dE}{dx}=0,valid,train,1,87,64,10,15,0
mathwriting,mathwriting/images/train_00d2a927d8619523.png,-T(\frac{\partial P}{\partial V})_{S},train,train,1,119,64,14,37,0
mathwriting,mathwriting/images/train_00d2b5b415bc127d.png,e^{-\frac{1}{2}\nu^{T}\sigma\sigma^{T}\nu},train,train,1,163,64,20,42,0
mathwriting,mathwriting/images/train_00d2d24345eb203c.png,(\frac{7^{258}}{270})^{\frac{6}{50}},train,train,1,67,64,8,36,0
mathwriting,mathwriting/images/train_00d2ff37f9ee154a.png,k^{\theta_{\eta}},train,train,1,92,64,11,17,0
mathwriting,mathwriting/images/train_00d31a8b766af999.png,((4+357)+\frac{6}{26}),train,train,1,85,64,10,22,0
mathwriting,mathwriting/images/train_00d3378276ea1b07.png,g(n)=\prod_{k=1}^{n}f(k),train,train,1,144,64,18,24,0
mathwriting,mathwriting/images/train_00d352360b3a7331.png,(\frac{\cdot}{n}),train,train,1,75,64,9,17,0
mathwriting,mathwriting/images/train_00d3d1d962fd23c2.png,\alpha_{2}=\frac{1}{2}+m,train,train,1,144,64,18,24,0
mathwriting,mathwriting/images/train_00d3ef1b5e2a5f23.png,f=\frac{vd}{\pi}\sqrt{\frac{3}{8L_{eq}D^{3}}},train,train,1,174,64,21,45,0
mathwriting,mathwriting/images/train_00d3fde9d2abc88b.png,IV=\int_{0}^{t}\sigma_{s}^{2}ds,train,train,1,154,64,19,31,0
mathwriting,mathwriting/images/train_00d40aba3e2c1a56.png,V=\frac{Mp}{Mb}0.2018D,train,train,1,137,64,17,22,0
mathwriting,mathwriting/images/train_00d4166313a830ad.png,B=(\begin{matrix}1&1\\ 3&1\\ 0&2\end{matrix}),train,train,1,129,64,16,45,0
mathwriting,mathwriting/images/train_00d42e11df91ff61.png,e_{z}=,train,train,1,102,64,12,6,1
mathwriting,mathwriting/images/train_00d45277f923188c.png,\sqrt{rs},train,train,1,94,64,11,9,1
mathwriting,mathwriting/images/train_00d463ac5048544f.png,s=\frac{1}{2}(a+b+c),train,train,1,148,64,18,20,0
mathwriting,mathwriting/images/train_00d4c401d2be0344.png,G(t)=\int_{0}^{t}g(s)ds,train,train,1,141,64,17,23,0
mathwriting,mathwriting/images/train_00d4fba1bc0e2766.png,7^{7^{7^{7^{7}}}}-5,train,train,1,88,64,11,19,0
mathwriting,mathwriting/images/train_00d50f82651d221d.png,l^{l^{\cdot^{\cdot^{l^{b}}}}},train,train,1,64,64,8,29,0
mathwriting,mathwriting/images/train_00d626c5dfe2faaa.png,w_{2}^{\prime}=\frac{w_{2}-rt_{2}}{\sqrt{7-\frac{r^{2}}{d^{2}}}},train,train,1,111,64,13,64,0
mathwriting,mathwriting/images/train_00d6a95cc03b7d37.png,Mod:Sign^{op}\rightarrow,train,train,1,162,64,20,24,0
mathwriting,mathwriting/images/train_00d6c7270d46d08c.png,\sqrt{\Delta},train,train,1,79,64,9,13,0
mathwriting,mathwriting/images/train_00d7dbaaebc93c25.png,x_{0}\in R^{n},train,train,1,173,64,21,14,1
mathwriting,mathwriting/images/train_00d7ff8ed057ae07.png,\Phi_{j}^{\chi},train,train,1,64,64,8,15,0
mathwriting,mathwriting/images/train_00d835109a2019f9.png,(\begin{matrix}k\\ r\end{matrix})=0,train,train,1,64,64,8,35,0
mathwriting,mathwriting/images/train_00d8af471fc0b6c9.png,z\rightarrow e^{i\theta}\frac{a+z}{1+a\overline{z}},train,train,1,171,64,21,51,0
mathwriting,mathwriting/images/train_00d97108b6f1edf9.png,(2n+1)^{-1},train,train,1,107,64,13,11,1
mathwriting,mathwriting/images/train_00d9e1779ff1518e.png,(0\le\epsilon\le\epsilon_{1}),train,train,1,218,64,27,29,0
mathwriting,mathwriting/images/train_00d9ff613c2ffabb.png,\beta=\frac{4}{\sqrt{4-\frac{d^{9}}{c^{9}}}},train,train,1,115,64,14,44,0
mathwriting,mathwriting/images/train_00da4c6454c7f1ff.png,t_{4}^{\prime}=\frac{t_{4}\cdot\frac{v}{h^{4}}r_{4}}{\sqrt{1\cdot\frac{v^{4}}{h^{4}}}},train,train,1,149,64,18,86,0
mathwriting,mathwriting/images/train_00da627474e4b72b.png,[\begin{matrix}2&2&4\\ 3\end{matrix}],train,train,1,102,64,12,37,0
mathwriting,mathwriting/images/train_00da701f2393767b.png,3*\frac{sin(\pi)-2}{e},train,train,1,115,64,14,22,0
mathwriting,mathwriting/images/train_00dace3b4fbf7110.png,N=(\begin{matrix}n\\ 2\end{matrix}),train,train,1,83,64,10,35,0
mathwriting,mathwriting/images/train_00db66da52f52017.png,\frac{\pi}{3\sqrt{3}},train,train,1,92,64,11,21,0
mathwriting,mathwriting/images/train_00db6804e82fc920.png,"X=A,\overline{A},A\overline{A}A,",train,train,1,197,64,24,32,0
mathwriting,mathwriting/images/train_00db9809f1e9db1a.png,b(\frac{\frac{1}{8}n_{1}^{2}}{n_{0}+n_{1}}),train,train,1,83,64,10,43,0
mathwriting,mathwriting/images/train_00dbb0801af98db2.png,O(\sqrt{n}),train,train,1,109,64,13,11,1
mathwriting,mathwriting/images/train_00dbc84271b0f570.png,\frac{d^{2}y}{dx^{2}},train,train,1,64,64,8,21,0
mathwriting,mathwriting/images/train_00dbf450d17b069d.png,p_{(t_{1})},train,train,1,87,64,10,11,0
mathwriting,mathwriting/images/train_00dcf1cc5396af63.png,-\frac{\partial\phi}{\partial x},train,train,1,73,64,9,32,0
mathwriting,mathwriting/images/train_00dd4aabd2702d63.png,u=x\sqrt{b^{2}-a^{2}},train,train,1,150,64,18,21,0
mathwriting,mathwriting/images/train_00dd6f4acf040aca.png,(\begin{matrix}v&0\cdot\cdot\cdot0\end{matrix}),train,train,1,184,64,23,47,0
mathwriting,mathwriting/images/train_00ddbd2b164e9c13.png,\sqrt{53}^{\sqrt{9}}-\frac{494}{\sqrt{8}},train,train,1,153,64,19,41,0
mathwriting,mathwriting/images/train_00dde8062a930b50.png,\frac{dQ_{T}}{dQ_{*}},train,train,1,65,64,8,21,0
mathwriting,mathwriting/images/train_00de25fd51e6b988.png,\frac{0}{0}=x,train,train,1,85,64,10,13,0
mathwriting,mathwriting/images/train_00de9ac4fbbd00ba.png,\frac{\frac{2}{401}}{8-490},train,train,1,82,64,10,27,0
mathwriting,mathwriting/images/train_00def091f7dc12ce.png,"\tilde{u}=[u,u^{\prime},u^{\prime\prime},...]^{T}",train,train,1,201,64,25,49,0
mathwriting,mathwriting/images/train_00defb5f20ced468.png,f=g\prod_{1}^{k}u^{a_{j}},train,train,1,100,64,12,25,0
mathwriting,mathwriting/images/train_00df340606b1b276.png,(\begin{matrix}K\\ k\end{matrix})(\begin{matrix}7-K\\ 3-k\end{matrix})=(\begin{matrix}K\\ 3\end{matrix}),train,train,1,162,64,20,104,0
mathwriting,mathwriting/images/train_00df9608efc8ad37.png,\beta=\sqrt{\frac{m}{r}},train,train,1,76,64,9,24,0
mathwriting,mathwriting/images/train_00e009773ef96b4f.png,\tilde{\theta},train,train,1,64,64,8,14,0
mathwriting,mathwriting/images/train_00e024507d30b2d2.png,\hat{\phi},train,train,1,64,64,8,10,0
mathwriting,mathwriting/images/train_00e048f1f4386f2b.png,\frac{8\pi g}{\sqrt{9-\frac{2g}{rh^{2}}}},train,train,1,78,64,9,41,0
mathwriting,mathwriting/images/train_00e06b79319bef49.png,n^{n^{n^{\cdot^{\cdot^{\cdot}}}}},train,train,1,86,64,10,33,0
mathwriting,mathwriting/images/train_00e07b0aebc600f1.png,\tau^{2}=\frac{4\pi^{2}\mu}{kZe^{2}}a^{3},train,train,1,159,64,19,41,0
mathwriting,mathwriting/images/train_00e09da7de773de6.png,\tilde{s},train,train,1,64,64,8,9,0
mathwriting,mathwriting/images/train_00e0d7a38ce25ce0.png,\delta(y)=\frac{e^{-\frac{y^{7}}{7}}}{\sqrt{7\pi}},train,train,1,106,64,13,50,0
mathwriting,mathwriting/images/train_00e0d855438b35c2.png,F=\frac{\sqrt{n+1}-1}{n},train,train,1,118,64,14,24,0
mathwriting,mathwriting/images/train_00e0f71a81285ffc.png,"(t_{0},t_{1},t_{2})",train,train,1,166,64,20,19,1
mathwriting,mathwriting/images/train_00e10232adc1ddee.png,\frac{\partial F_{k_{1}}}{\partial\phi},train,train,1,64,64,8,39,0
mathwriting,mathwriting/images/train_00e16843dc83d7c2.png,\frac{z}{z-1},train,train,1,67,64,8,13,0
mathwriting,mathwriting/images/train_00e17543ce1faccd.png,1:\sqrt{\varphi}:\varphi,train,train,1,169,64,21,24,0
mathwriting,mathwriting/images/train_00e17a5de2fcdd91.png,\sqrt{\frac{16}{35}},train,train,1,64,64,8,20,0
mathwriting,mathwriting/images/train_00e1963c4c31f118.png,W=\int Fdr,train,train,1,146,64,18,10,1
mathwriting,mathwriting/images/train_00e19f4b7b5be54a.png,MV^{2}\approx mv_{*}^{2},train,train,1,209,64,26,24,1
mathwriting,mathwriting/images/train_00e201360ae2e2a3.png,p=\frac{vd}{|v|^{2}},train,train,1,85,64,10,20,0
mathwriting,mathwriting/images/train_00e206f3a5cdc7fb.png,w_{1}\cdot\cdot\cdot w_{p},train,train,1,150,64,18,26,0
mathwriting,mathwriting/images/train_00e23fa7d1501c6b.png,"x*y=[x,e,y]",train,train,1,202,64,25,11,1
mathwriting,mathwriting/images/train_00e2814cb0319eb7.png,\frac{(4^{5}/1)}{98^{122}},train,train,1,64,64,8,26,0
mathwriting,mathwriting/images/train_00e2e06562a05b70.png,\sum_{i=0}^{n}y_{i}^{2},train,train,1,84,64,10,23,0
mathwriting,mathwriting/images/train_00e3175aab850dba.png,\overline{u^{\prime}v^{\prime}},train,train,1,90,64,11,31,0
mathwriting,mathwriting/images/train_00e32dd74292af46.png,\overline{A}=\frac{\Delta V}{\Delta t},train,train,1,106,64,13,38,0
mathwriting,mathwriting/images/train_00e3eeddd6f17645.png,U_{1}=[\begin{matrix}1&0\\ 0&1\end{matrix}],train,train,1,132,64,16,43,0
mathwriting,mathwriting/images/train_00e3f97070399fca.png,(132/10+9)\cdot6^{209}-232,train,train,1,177,64,22,26,0
mathwriting,mathwriting/images/train_00e43ff422af73ff.png,\chi=\frac{m_{vapour}}{m_{total}},train,train,1,119,64,14,33,0
mathwriting,mathwriting/images/train_00e44f038cd1aa47.png,A=\frac{\sqrt{3}}{4}a^{2},valid,train,1,112,64,14,25,0
mathwriting,mathwriting/images/train_00e4cee6a44f7210.png,t\le\frac{n}{2},train,train,1,97,64,12,15,0
mathwriting,mathwriting/images/train_00e51fb89016010a.png,Y=(\begin{matrix}-y&0\\ 0&y\end{matrix}),train,train,1,136,64,17,40,0
mathwriting,mathwriting/images/train_00e535b636253418.png,\frac{7v^{-\frac{1}{x^{7}}}}{x^{4}},train,train,1,90,64,11,35,0
mathwriting,mathwriting/images/train_00e53ede8b43ffc1.png,\frac{3^{1}2^{0}+3^{0}2^{1}}{2^{4}-3^{2}}=\frac{5}{7},train,train,1,151,64,18,53,0
mathwriting,mathwriting/images/train_00e58bcfcd750c08.png,\frac{1}{\sqrt{2}}(\begin{matrix}1\\ -1\end{matrix}),train,train,1,65,64,8,52,0
mathwriting,mathwriting/images/train_00e5aaf566b43630.png,\frac{\partial u}{\partial t}=0,train,train,1,92,64,11,31,0
mathwriting,mathwriting/images/train_00e5dfc50eed578f.png,\tau=\sqrt{t^{2}-x^{2}},train,train,1,224,64,28,23,1
mathwriting,mathwriting/images/train_00e5e51dc362a59a.png,cos\theta=\frac{d}{k},train,train,1,135,64,16,21,0
mathwriting,mathwriting/images/train_00e6443dfefe507d.png,\dot{u}(t)=X_{u(t)},train,train,1,252,64,31,19,1
mathwriting,mathwriting/images/train_00e6fd65079fbe76.png,N\rightarrow M\rightarrow M^{\prime\prime},train,train,1,179,64,22,42,0
mathwriting,mathwriting/images/train_00e751cba08f4642.png,(\begin{matrix}6\\ 4\end{matrix}),valid,train,1,64,64,8,33,0
mathwriting,mathwriting/images/train_00e76e96128e715c.png,-\frac{s^{2}}{10}+o(1),train,train,1,136,64,17,22,0
mathwriting,mathwriting/images/train_00e7c6af0facea1b.png,a_{max}=\frac{\hbar k\gamma}{2M},train,train,1,130,64,16,32,0
mathwriting,mathwriting/images/train_00e7efcc8ea5dc87.png,\tilde{\nu},train,train,1,64,64,8,11,0
mathwriting,mathwriting/images/train_00e8347b56063a92.png,i^{G}=(n+d)k^{G},train,train,1,155,64,19,16,1
mathwriting,mathwriting/images/train_00e85740d47a43c9.png,\frac{d}{dx}7,train,train,1,64,64,8,13,0
mathwriting,mathwriting/images/train_00e86b773b9d2f37.png,r=k_{1}[A]+k_{2}[A]^{2},train,train,1,219,64,27,23,1
mathwriting,mathwriting/images/train_00e8a248724f0cc6.png,2(\begin{matrix}n\\ j\end{matrix}),train,train,1,88,64,11,34,0
mathwriting,mathwriting/images/train_00e922adfa2756fc.png,\frac{\partial Q}{\partial t},train,train,1,64,64,8,29,0
mathwriting,mathwriting/images/train_00e95ecb6b053984.png,\hat{Tf}(\xi):=m(\xi)\hat{f}(\xi),train,train,1,203,64,25,33,0
mathwriting,mathwriting/images/train_00e9836bcee23775.png,\tilde{d}=\frac{top}{\sqrt{\frac{t_{0}t_{2}}{t_{0}\cdot t_{2}}}},train,train,1,70,64,8,64,0
mathwriting,mathwriting/images/train_00e9bc2d25a000dc.png,\frac{\partial B}{\partial z},train,train,1,68,64,8,29,0
mathwriting,mathwriting/images/train_00ea45de0964be9d.png,\overline{A}D,train,train,1,75,64,9,13,0
mathwriting,mathwriting/images/train_00eaa6c52615f111.png,\rho^{\prime}:\overline{V}\otimes V\rightarrow L,train,train,1,238,64,29,48,0
mathwriting,mathwriting/images/train_00eb054b083c84a0.png,A_{a}|||Bb,train,train,1,166,64,20,10,1
mathwriting,mathwriting/images/train_00eb749f93e352e4.png,H(2^{1})=[\begin{matrix}1&1\\ 1&-1\end{matrix}],train,train,1,144,64,18,47,0
mathwriting,mathwriting/images/train_00eb905c8f1926e4.png,sin\theta=\frac{H}{L},train,train,1,100,64,12,21,0
mathwriting,mathwriting/images/train_00ec2894c92d4aa9.png,\tilde{\lambda},train,train,1,64,64,8,15,0
mathwriting,mathwriting/images/train_00ec4ee77154cd8f.png,\Rightarrow r=\frac{1}{T}ln\frac{M_{a}T}{P_{0}},train,train,1,177,64,22,47,0
mathwriting,mathwriting/images/train_00ec7dba0d40f34d.png,w-c+D_{k}=0,train,train,1,261,64,32,11,1
mathwriting,mathwriting/images/train_00ecb97b5c7ec9ee.png,0\le t\le\frac{C_{2}}{\epsilon},train,train,1,148,64,18,31,0
mathwriting,mathwriting/images/train_00ed3e3fc1e5068d.png,\dot{\phi}=\frac{b-acos\theta}{sin^{2}\theta},train,train,1,144,64,18,45,0
mathwriting,mathwriting/images/train_00ed66f07dafdfc5.png,lim_{n\rightarrow\infty}\frac{t(n)}{b(n)}<\infty,train,train,1,190,64,23,48,0
mathwriting,mathwriting/images/train_00eda5490ed88b44.png,\hat{C}_{I},train,train,1,64,64,8,11,0
mathwriting,mathwriting/images/train_00ede45506fb9c52.png,P=2\pi r\sqrt{\frac{r}{\mu}},train,train,1,104,64,13,28,0
mathwriting,mathwriting/images/train_00ee229a098eeb61.png,\frac{m_{1}}{\sigma_{1}}=\frac{m_{2}}{\sigma_{2}},train,train,1,150,64,18,49,0
mathwriting,mathwriting/images/train_00ee987758b15d2d.png,[\begin{matrix}1&1\\ 0&1\end{matrix}],valid,train,1,89,64,11,37,0
mathwriting,mathwriting/images/train_00ef425960bd0299.png,\sigma_{j}^{\eta},train,train,1,64,64,8,17,0
mathwriting,mathwriting/images/train_00ef6086302cdd95.png,"V:=L(\underline{a}_{1},...,\underline{a}_{r})",train,train,1,224,64,28,45,0
mathwriting,mathwriting/images/train_00efe48f6ed3b735.png,c=\sqrt[3]{\frac{2\pi^{2}}{3}}\approx1.874,train,train,1,183,64,22,42,0
mathwriting,mathwriting/images/train_00f0148fbf425c1c.png,D\{J\}\subseteq\tilde{D},valid,train,1,201,64,25,24,1
mathwriting,mathwriting/images/train_00f036d0c23549a7.png,[\begin{matrix}0&1\\ -1&0\end{matrix}],train,train,1,89,64,11,38,0
mathwriting,mathwriting/images/train_00f0509fd5cfd63c.png,d=\sqrt{2R^{\prime}h},train,train,1,170,64,21,21,1
mathwriting,mathwriting/images/train_00f0bb94c7947140.png,\frac{dE}{dx}=0,valid,train,1,80,64,10,15,0
mathwriting,mathwriting/images/train_00f0debe50f52c26.png,tan^{2}\alpha_{1}=-\frac{tan\beta_{1}}{tan\beta_{2}},train,train,1,201,64,25,52,0
mathwriting,mathwriting/images/train_00f0e305279a954e.png,"d\theta+\frac{1}{2}[\theta,\theta]=0",train,train,1,163,64,20,36,0
mathwriting,mathwriting/images/train_00f1ee348b861d22.png,B=A^{T}A=[\begin{matrix}9&0\\ 0&4\end{matrix}],train,train,1,187,64,23,46,0
mathwriting,mathwriting/images/train_00f21d6d1c0afa03.png,S=\int_{0}^{T}E[s(t)^{2}]dt,train,train,1,146,64,18,27,0
mathwriting,mathwriting/images/train_00f21f81ebb86f39.png,\sqrt{2n},train,train,1,96,64,12,9,1
mathwriting,mathwriting/images/train_00f2839763d2b654.png,c=\sum_{j=1}^{\infty}10^{-j!},train,train,1,138,64,17,29,0
mathwriting,mathwriting/images/train_00f2c19eff45a2a5.png,W=\lambda(-ln(U))^{1/k},train,train,1,199,64,24,23,1
mathwriting,mathwriting/images/train_00f2d801c40b9d00.png,"(M,g_{ab})",train,train,1,108,64,13,10,1
mathwriting,mathwriting/images/train_00f38f00eae63a99.png,377^{2}-\frac{\sqrt{356}^{499}}{59},train,train,1,157,64,19,35,0
mathwriting,mathwriting/images/train_00f3d27d71914f42.png,\tilde{S_{n}^{m}}=-\frac{S_{n}^{m}}{\mu R^{n}},train,train,1,119,64,14,46,0
mathwriting,mathwriting/images/train_00f3d70ec86eba31.png,\omega_{\hat{M}\hat{N}P},train,train,1,113,64,14,24,0
mathwriting,mathwriting/images/train_00f495694f60ac17.png,\int_{b}^{a},train,train,1,64,64,8,12,0
mathwriting,mathwriting/images/train_00f5a0be4a07f1f9.png,\frac{\frac{263}{4}}{409/9},train,train,1,79,64,9,27,0
mathwriting,mathwriting/images/train_00f5ca297edf2e26.png,J_{ij}\sim|i-j|^{-\alpha},train,train,1,175,64,21,25,0
mathwriting,mathwriting/images/train_00f5e6f5d2cb11d1.png,{k^{l}}^{f},train,train,1,65,64,8,11,0
mathwriting,mathwriting/images/train_00f61d0f12dfd4db.png,cos\theta=1/(n\beta),train,train,1,177,64,22,20,1
mathwriting,mathwriting/images/train_00f6721e80645ece.png,(\frac{8}{322}/2\cdot\frac{\frac{332}{6}}{380}),train,train,1,138,64,17,47,0
mathwriting,mathwriting/images/train_00f689117caf8f60.png,e^{-q\tau}\frac{\phi(d_{1})}{S\sigma\sqrt{\tau}},train,train,1,112,64,14,48,0
mathwriting,mathwriting/images/train_00f6f7ef428a0397.png,(\begin{matrix}n\\ 2\end{matrix}),train,train,1,64,64,8,33,0
mathwriting,mathwriting/images/train_00f71dd1e856a63c.png,\overline{15},train,train,1,64,64,8,13,0
mathwriting,mathwriting/images/train_00f7444bfe97f611.png,a_{0}x^{0}+\cdot\cdot\cdot+a_{n}x^{n},train,train,1,198,64,24,37,0
mathwriting,mathwriting/images/train_00f854c0483bcd9f.png,[\begin{matrix}0&1\\ 1&0\end{matrix}],train,train,1,79,64,9,37,0
mathwriting,mathwriting/images/train_00f872dcdcf9a6d9.png,t_{0}=t_{f}\sqrt{1-\frac{3}{2}\cdot\frac{r_{s}}{r}},train,train,1,194,64,24,51,0
mathwriting,mathwriting/images/train_00f8fa0c18fff0cc.png,1+\sqrt{2},train,train,1,104,64,13,10,1
mathwriting,mathwriting/images/train_00f90b582abdc20d.png,TK_{R}^{\prime\prime},train,train,1,104,64,13,21,0
mathwriting,mathwriting/images/train_00f974e8cfd33e28.png,\frac{e^{+\frac{0}{x^{8}}}}{x},train,train,1,64,64,8,30,0
mathwriting,mathwriting/images/train_00f9af2258d3615d.png,\epsilon(\begin{matrix}n\\ 2\end{matrix}),train,train,1,88,64,11,41,0
mathwriting,mathwriting/images/train_00f9d7470b1b1ed1.png,M=K[\begin{matrix}R&t\end{matrix}],train,train,1,157,64,19,34,0
mathwriting,mathwriting/images/train_00fa254ce55ba501.png,\frac{\partial C}{\partial\sigma},train,train,1,83,64,10,33,0
mathwriting,mathwriting/images/train_00fa6dbc3688b022.png,\int(1/lnx)dx,train,train,1,113,64,14,13,1
mathwriting,mathwriting/images/train_00fa8a194fbd6274.png,\sqrt{2E},train,train,1,86,64,10,9,1
mathwriting,mathwriting/images/train_00fb86544c5f7f56.png,\tilde{q},train,train,1,64,64,8,9,0
mathwriting,mathwriting/images/train_00fbefac9ed70a7e.png,\rho^{\prime}=\frac{\rho V+MV^{\prime}\mu}{V^{\prime}},train,train,1,158,64,19,54,0
mathwriting,mathwriting/images/train_00fc387bebab1c0f.png,\frac{\frac{4+463}{82}}{\frac{48}{142}},train,train,1,64,64,8,39,0
mathwriting,mathwriting/images/train_00fc765788191c35.png,\prod_{i\in I},train,train,1,64,64,8,14,0
mathwriting,mathwriting/images/train_00fca7fac02dd52c.png,{{3^{\sqrt{9}}}^{468}}^{(\frac{431}{38})^{7}},train,train,1,103,64,12,45,0
mathwriting,mathwriting/images/train_00fd543e9c4794ae.png,R=\frac{Z_{2}-Z_{1}}{Z_{2}+Z_{1}},train,train,1,138,64,17,33,0
mathwriting,mathwriting/images/train_00fd9b0cba0999e4.png,"B=\prod_{i=1}^{n}[a_{i},b_{i}]",train,train,1,152,64,19,30,0
mathwriting,mathwriting/images/train_00fe42623f898794.png,\varphi\vdash\neg\psi,train,train,1,126,64,15,21,0
mathwriting,mathwriting/images/train_00fe47838badc893.png,\perp=I^{*},train,train,1,142,64,17,11,1
mathwriting,mathwriting/images/train_00fec7bd66106b84.png,y=\frac{x}{ln(x)},train,train,1,111,64,13,17,0
mathwriting,mathwriting/images/train_00fecf740958aacb.png,(\begin{matrix}n\\ b\end{matrix}),train,train,1,64,64,8,33,0
mathwriting,mathwriting/images/train_00feeb81a1390563.png,|z|\ne\sqrt{z^{2}},train,train,1,161,64,20,18,1
mathwriting,mathwriting/images/train_00ff1acb4b0e83ae.png,l_{P}=\lambda_{e}\frac{\sqrt{\alpha_{G}}}{2\pi},train,train,1,130,64,16,47,0
mathwriting,mathwriting/images/train_00ff811a6eac7962.png,K_{SP}=\prod_{k}{a_{k}}^{m_{k}},train,train,1,145,64,18,31,0
mathwriting,mathwriting/images/train_00ff8a98ab8f96da.png,\frac{dx}{dt}=3,train,train,1,91,64,11,15,0
mathwriting,mathwriting/images/train_00ffa4b917b3a97c.png,cot^{2}\theta=csc^{2}\theta-1,train,train,1,256,64,32,29,1
mathwriting,mathwriting/images/train_010031dcbafa9f5c.png,E[Y_{n}|F_{n-1}]=Y_{n-1},train,train,1,287,64,35,24,1
mathwriting,mathwriting/images/train_010054e8df06606d.png,\int_{0}^{1}e(t)dt,train,train,1,103,64,12,18,0
mathwriting,mathwriting/images/train_0100ce299ae17902.png,\tilde{4},train,train,1,64,64,8,9,0
mathwriting,mathwriting/images/train_010122f20bfa687a.png,\delta L=-\frac{(\partial_{\mu}A^{\mu})^{2}}{2\xi},train,train,1,133,64,16,50,0
mathwriting,mathwriting/images/train_01012b599fc9a385.png,d\theta=\frac{-dv}{vtan\alpha},train,train,1,93,64,11,30,0
mathwriting,mathwriting/images/train_010161eb5139c6cc.png,\frac{dN(x)}{dx},train,train,1,90,64,11,16,0
mathwriting,mathwriting/images/train_010247b97c92b5c7.png,p=\frac{iv}{\sqrt{6-\frac{v^{7}}{f^{7}}}},train,train,1,80,64,10,41,0
mathwriting,mathwriting/images/train_01027535a57c05e9.png,\frac{x(2x+1)}{(x-1)^{4}},train,train,1,116,64,14,25,0
mathwriting,mathwriting/images/train_01030bbe7959180c.png,R\sim M^{-1/3},train,train,1,136,64,17,14,1
mathwriting,mathwriting/images/train_010369d56d8eaf58.png,s_{uy}=\frac{\overline{uy}}{\sqrt{\overline{u^{2}}\overline{y^{2}}}},train,train,1,88,64,11,68,0
mathwriting,mathwriting/images/train_01038bedef331a81.png,g(r)=\frac{n(r)}{\rho4\pi r^{2}\Delta r},train,train,1,175,64,21,40,0
mathwriting,mathwriting/images/train_01041cdbe8dd7c57.png,\sum_{k=1}^{n}\frac{1}{k},train,train,1,107,64,13,25,0
mathwriting,mathwriting/images/train_0105713e6253405f.png,G(R)=\sigma_{R}^{+}-\sigma_{R},train,train,1,204,64,25,30,0
mathwriting,mathwriting/images/train_0105b09d4bd9ea86.png,x^{2}\equiv a,train,train,1,139,64,17,13,1
mathwriting,mathwriting/images/train_0105d10045ce5e5e.png,\int vds,train,train,1,79,64,9,8,1
mathwriting,mathwriting/images/train_0105e579aa43b67e.png,\frac{\pi^{3}}{6}R^{6},train,train,1,64,64,8,22,0
mathwriting,mathwriting/images/train_0105f8cd4bea2763.png,\sqrt{h},train,train,1,64,64,8,8,1
mathwriting,mathwriting/images/train_01062143887d3eb4.png,y_{t}=y_{t-1}+c+e_{t},train,train,1,287,64,35,21,1
mathwriting,mathwriting/images/train_01069a0d0e32044c.png,(\begin{matrix}f_{xx}&f_{xy}\\ f_{xy}&f_{yy}\end{matrix}),train,train,1,101,64,12,57,0
mathwriting,mathwriting/images/train_0107315133308218.png,\frac{\frac{268+7}{236}}{88^{\sqrt{347}}},train,train,1,67,64,8,41,0
mathwriting,mathwriting/images/train_01083bb4d3fc2cf7.png,\varphi(\beta/\alpha),train,train,1,147,64,18,21,0
mathwriting,mathwriting/images/train_01089f8c338e4b0f.png,(\begin{matrix}p\\ n\end{matrix}),train,train,1,64,64,8,33,0
mathwriting,mathwriting/images/train_0108b185afb36dc8.png,t_{4}^{\prime}=\frac{t_{4}\cdot\frac{v}{h^{4}}r_{4}}{\sqrt{1\cdot\frac{v^{4}}{h^{4}}}},train,train,1,92,64,11,86,0
mathwriting,mathwriting/images/train_0108c6b2a7c4b34b.png,R(r)=CJ_{0}(\frac{k}{v}r),train,train,1,195,64,24,25,0
mathwriting,mathwriting/images/train_0109b649fb966418.png,i(t=0)=I_{0}cos(\phi),train,train,1,317,64,39,21,1
mathwriting,mathwriting/images/train_0109bd79405b8040.png,"\frac{\partial(x^{i_{1}},...,x^{i_{k}})}{\partial(u^{1},...,u^{k})}",train,train,1,79,64,9,67,0
mathwriting,mathwriting/images/train_0109d674d56bd08b.png,\frac{\frac{\sqrt{235}+17}{6}}{(109\cdot6)},train,train,1,75,64,9,43,0
mathwriting,mathwriting/images/train_0109fffecab3f15c.png,\frac{j}{i+j}<\rho,train,train,1,93,64,11,18,0
mathwriting,mathwriting/images/train_010a0741ac9515d9.png,\sum_{i=0}^{k}(\begin{matrix}n\\ i\end{matrix})=O(n^{k}),train,train,1,138,64,17,56,0
mathwriting,mathwriting/images/train_010a8ba5a7289478.png,F=\frac{T_{0}+T_{sys}}{T_{0}},train,train,1,115,64,14,29,0
mathwriting,mathwriting/images/train_010ad1e508626348.png,\tilde{M},train,train,1,64,64,8,9,0
mathwriting,mathwriting/images/train_010b4fd83188bb2b.png,(x+y)/sqrt(2),train,train,1,166,64,20,13,1
mathwriting,mathwriting/images/train_010b50aa4ae225c6.png,10^{\sqrt{7}}+\frac{\sqrt{8}}{91},train,train,1,112,64,14,33,0
mathwriting,mathwriting/images/train_010b67e0c65d9b2c.png,|\partial_{\mu}n\rangle,train,train,1,123,64,15,23,0
mathwriting,mathwriting/images/train_010b9450eb79ccd4.png,x_{\pm}=-\frac{5}{4}\pm\frac{3}{4}\sqrt{\frac{35}{3}},train,train,1,172,64,21,53,0
mathwriting,mathwriting/images/train_010ba11ddbc4103a.png,\sum_{i=-\infty}^{\infty}f(i)10^{-i},train,train,1,115,64,14,36,0
mathwriting,mathwriting/images/train_010beed3fb2e6085.png,1:\sqrt{\varphi}:\varphi,train,train,1,165,64,20,24,0
mathwriting,mathwriting/images/train_010bf6e0b2abfd08.png,(\frac{3}{4})^{1}/(\frac{347}{455})^{8},train,train,1,127,64,15,39,0
mathwriting,mathwriting/images/train_010c10f3de11b462.png,3/\tilde{4},train,train,1,101,64,12,11,1
mathwriting,mathwriting/images/train_010c36dedf9fcef4.png,a_{1}b_{1}+a_{2}b_{2}=a_{3}b_{3},train,train,1,317,64,39,32,1
mathwriting,mathwriting/images/train_010c427bf30599d3.png,\Delta S=\oint\frac{\delta Q}{T},train,train,1,106,64,13,32,0
mathwriting,mathwriting/images/train_010c78bf15c58186.png,"\{\underline{y}_{1},\underline{y}_{2},\underline{y}_{3}\}",train,train,1,143,64,17,57,0
mathwriting,mathwriting/images/train_010d348f10648bf4.png,(\begin{matrix}e&0\\ 0&e\end{matrix}),train,train,1,74,64,9,37,0
mathwriting,mathwriting/images/train_010d5260a766ac37.png,\hat{s}=S(S+N)^{-1}d,train,train,1,164,64,20,20,1
mathwriting,mathwriting/images/train_010e42964543ade7.png,\frac{1}{2}LI^{2},train,train,1,107,64,13,17,0
mathwriting,mathwriting/images/train_010e697fdb10e102.png,9\cdot5^{\frac{\frac{7}{399}}{324}},train,train,1,93,64,11,35,0
mathwriting,mathwriting/images/train_010ea353d6938d9b.png,\sum_{k=1}^{\infty}(\begin{matrix}\alpha\\ k\end{matrix})kx^{k-1},train,train,1,124,64,15,65,0
mathwriting,mathwriting/images/train_010ed8522963497a.png,y_{0}=x_{0}^{T}\beta,train,train,1,102,64,12,20,0
mathwriting,mathwriting/images/train_010f05cd33196ca0.png,[\begin{matrix}a&0\\ 0&b\end{matrix}],train,train,1,87,64,10,37,0
mathwriting,mathwriting/images/train_010f932ecec38ee0.png,A_{33}=[\begin{matrix}A&B/2\\ B/2&C\end{matrix}],train,train,1,154,64,19,48,0
mathwriting,mathwriting/images/train_010fb5ef51d877bb.png,d_{00}=0.,train,train,1,198,64,24,9,1
mathwriting,mathwriting/images/train_011019207e161036.png,\pm\sqrt{-1},train,train,1,149,64,18,12,1
mathwriting,mathwriting/images/train_0110de84b55bf8ad.png,\alpha_{s}\approx\frac{C_{s}\cdot R^{3}}{f^{4}},train,train,1,114,64,14,47,0
mathwriting,mathwriting/images/train_01114abe03d536ed.png,{2^{492}\cdot438}^{\frac{2}{8}},train,train,1,120,64,15,31,0
mathwriting,mathwriting/images/train_0111d91c140c9c69.png,\frac{\Delta r}{i}=\frac{R^{\frac{2r_{l}}{i}}-1}{R^{\frac{2r_{l}}{i}}\cdot1},train,train,1,106,64,13,76,0
mathwriting,mathwriting/images/train_0111f93f6117cb39.png,\frac{\partial p}{\partial z}=0,train,train,1,80,64,10,31,0
mathwriting,mathwriting/images/train_0112074a000acff4.png,\Omega=\frac{\Delta PE}{\Delta t},train,train,1,131,64,16,33,0
mathwriting,mathwriting/images/train_0112100f536aad99.png,(11\cdot\cdot\cdot1)v^{T}=0,train,train,1,220,64,27,27,1
mathwriting,mathwriting/images/train_0112266301d65659.png,\frac{n}{d}\mapsto exp(\frac{n}{d}\cdot2\pi i),train,train,1,189,64,23,46,0
mathwriting,mathwriting/images/train_0112370cdad9f7cb.png,\hat{y}_{t},train,train,1,64,64,8,11,0
mathwriting,mathwriting/images/train_01124e853a0bb3d2.png,"\phi(-\theta,\tau)\phi(\theta,\tau)=1",train,train,1,155,64,19,37,0
mathwriting,mathwriting/images/train_01126cba4998132d.png,2^{3*4}=2^{12}=4096,train,train,1,289,64,36,19,1
mathwriting,mathwriting/images/train_01138adc37c32b37.png,s=log_{3}2=\frac{log2}{log3},train,train,1,107,64,13,28,0
mathwriting,mathwriting/images/train_0113b40beb5489d1.png,ss\{\begin{matrix}2\\ 5\end{matrix}\},train,train,1,85,64,10,37,0
mathwriting,mathwriting/images/train_0113c90d9b5638d8.png,A\overline{B},train,train,1,68,64,8,13,0
mathwriting,mathwriting/images/train_0114014ebc39c4d0.png,f=\prod_{i=1}^{deg(f)}f_{i}^{i},train,train,1,118,64,14,31,0
mathwriting,mathwriting/images/train_0114295ec9d97a80.png,\frac{dI}{ds}=j-\alpha I,train,train,1,144,64,18,24,0
mathwriting,mathwriting/images/train_011461a5f752cd10.png,(\begin{matrix}1&0\\ 1&-1\end{matrix}),train,train,1,80,64,10,38,0
mathwriting,mathwriting/images/train_0114ab1b686da3e4.png,\gamma_{u^{x}},train,train,1,95,64,11,14,0
mathwriting,mathwriting/images/train_0114b606917ca592.png,\{e^{inx}|n\in\mathbb{R}\},train,train,1,147,64,18,26,0
mathwriting,mathwriting/images/train_0114beebe1be94c0.png,{448\cdot246^{452}}^{\frac{2}{148}},train,train,1,103,64,12,35,0
mathwriting,mathwriting/images/train_0115138aba7e7fb5.png,(\begin{matrix}n\\ 2\end{matrix}),train,train,1,64,64,8,33,0
mathwriting,mathwriting/images/train_01156d10b9d1c7e5.png,(\begin{matrix}n\\ k\end{matrix})_{q},train,train,1,64,64,8,37,0
mathwriting,mathwriting/images/train_01162a84b0f5144f.png,\frac{\frac{\sqrt{6}}{10}-456}{\frac{\sqrt{6}}{61}/7},train,train,1,96,64,12,53,0
mathwriting,mathwriting/images/train_01166cab452b3767.png,q_{e}=\frac{q_{b}}{\sqrt{\frac{q_{b}}{q_{m}}}},train,train,1,108,64,13,46,0
mathwriting,mathwriting/images/train_0116bc45c5def2c5.png,\int_{a}^{\infty},train,train,1,67,64,8,17,0
mathwriting,mathwriting/images/train_01172788ab14a68f.png,P=\frac{dy}{dx},train,train,1,85,64,10,15,0
mathwriting,mathwriting/images/train_01177aa6d6c2cc9e.png,[\begin{matrix}1&3&2\\ 4&1&0\end{matrix}],train,train,1,107,64,13,41,0
mathwriting,mathwriting/images/train_01182369a3997062.png,v_{1}\otimes v_{2}=\epsilon\eta,train,train,1,186,64,23,31,0
mathwriting,mathwriting/images/train_0118f774e1e0cd20.png,=7.4,train,train,1,176,64,22,4,1
mathwriting,mathwriting/images/train_011909ba0dd9f64b.png,\overline{n}_{m},train,train,1,93,64,11,16,0
mathwriting,mathwriting/images/train_01192d43d9eeb456.png,x=-\frac{\partial g}{\partial p},train,train,1,80,64,10,32,0
mathwriting,mathwriting/images/train_0119f1654ddde369.png,-\int f(x)dx,train,train,1,144,64,18,12,1
mathwriting,mathwriting/images/train_011a22342de0c306.png,\frac{\partial T}{\partial q_{k}},train,train,1,64,64,8,33,0
mathwriting,mathwriting/images/train_011a39a565882ecf.png,"c_{L}(s^{\prime},x)\ge c_{L}(s,x)",train,train,1,279,64,34,33,1
mathwriting,mathwriting/images/train_011a4cd74a1dba40.png,[\begin{matrix}1&-R\\ 0&1\end{matrix}],train,train,1,74,64,9,38,0
mathwriting,mathwriting/images/train_011a4f2d923dbe9f.png,\frac{270-87}{78}+(\frac{9}{6})^{17},train,train,1,156,64,19,36,0
mathwriting,mathwriting/images/train_011b8f41e47d587f.png,({3^{10}}^{368}\cdot\sqrt{5}^{9}),train,train,1,132,64,16,33,0
mathwriting,mathwriting/images/train_011c0fb59c6fc36b.png,B_{i}=(S_{i}+1)/2,train,train,1,234,64,29,17,1
mathwriting,mathwriting/images/train_011c55679e4ccf51.png,(\frac{\frac{3}{18}}{210})^{\frac{\frac{\sqrt{312}}{10}}{400}},train,train,1,73,64,9,62,0
mathwriting,mathwriting/images/train_011cc364450a0f0d.png,K=\frac{eB\lambda_{u}}{2\pi m_{e}c},train,train,1,105,64,13,35,0
mathwriting,mathwriting/images/train_011cfcfc27ac03b5.png,\hat{u},train,train,1,64,64,8,7,1
mathwriting,mathwriting/images/train_011d1a69af32e731.png,F=2\pi\int_{-1}^{+1}I\mu d\mu,train,train,1,182,64,22,29,0
mathwriting,mathwriting/images/train_011d2e7c3143d828.png,M_{earth}=\frac{gR_{earth}^{2}}{G},train,train,1,125,64,15,34,0
mathwriting,mathwriting/images/train_011d618f8f51ad21.png,||x||=\sqrt{x\cdot x},train,train,1,175,64,21,21,1
mathwriting,mathwriting/images/train_011dbdb85633eac9.png,\frac{1}{\sqrt{x^{2}+1}},train,train,1,72,64,9,24,0
mathwriting,mathwriting/images/train_011e0737f42966fd.png,\frac{1}{a}F(\frac{s}{a}),train,train,1,92,64,11,25,0
mathwriting,mathwriting/images/train_011e6e17bb76f51e.png,P_{i}=\dot{m}\Delta h_{o},train,train,1,210,64,26,25,1
mathwriting,mathwriting/images/train_011ea8feb000108e.png,\tilde{e}_{i}\tilde{f}_{i},train,train,1,75,64,9,26,0
mathwriting,mathwriting/images/train_011fa680928d8357.png,A=[\begin{matrix}a&b\\ c&d\end{matrix}],train,train,1,109,64,13,39,0
mathwriting,mathwriting/images/train_01208ec4159f1efb.png,\underline{AB},train,train,1,79,64,9,14,0
mathwriting,mathwriting/images/train_0120aba47141b776.png,y_{4}^{\prime}=\frac{y_{4}-\frac{z}{c^{2}}k_{4}}{\sqrt{4-\frac{z^{2}}{c^{2}}}},train,train,1,82,64,10,78,0
mathwriting,mathwriting/images/train_012165bb41cb5066.png,\frac{m}{\sqrt{\frac{l^{2}}{u^{2}}+0}},train,train,1,80,64,10,38,0
mathwriting,mathwriting/images/train_0121a2bc8fcca9cd.png,\frac{x}{2}+\frac{sin(2x)}{4}+C,train,train,1,186,64,23,31,0
mathwriting,mathwriting/images/train_0121c3c1fea2600b.png,(\begin{matrix}a&b\\ c&1-a\end{matrix}),train,train,1,95,64,11,39,0
mathwriting,mathwriting/images/train_0121f0928e4ebfe0.png,c^{2}=\frac{\partial p}{\partial\rho},train,train,1,119,64,14,37,0
mathwriting,mathwriting/images/train_01221ca3a246af2a.png,\sqrt{\frac{Z_{I2}}{Z_{I1}}},train,train,1,81,64,10,28,0
mathwriting,mathwriting/images/train_01231b3bc499c837.png,\frac{V^{+}}{I^{+}}=Z_{0}=-\frac{V^{-}}{I^{-}},train,train,1,96,64,12,46,0
mathwriting,mathwriting/images/train_0123513f53a11b51.png,\hat{Y}^{A},train,train,1,64,64,8,11,0
mathwriting,mathwriting/images/train_0123e0c32385b30a.png,"I=\{1,...,I\}",train,train,1,159,64,19,13,1
mathwriting,mathwriting/images/train_01241893b9c456f5.png,L=gl_{n},train,train,1,146,64,18,8,1
mathwriting,mathwriting/images/train_01242cd091e1291b.png,\Phi^{a}=\Phi_{+}^{a}\cup-\Phi_{+}^{a},train,train,1,175,64,21,38,0
mathwriting,mathwriting/images/train_012490d77d1a6fb1.png,[\frac{n+1}{n}]^{n}>n,train,train,1,184,64,23,21,1
mathwriting,mathwriting/images/train_0124a0b1ed16f073.png,\frac{\partial\rho}{\partial t}=D\cdot\frac{\partial^{2}\rho}{\partial x^{2}},train,train,1,136,64,17,77,0
mathwriting,mathwriting/images/train_0124bb10cbd41a24.png,p=(\begin{matrix}1&-1\\ 0&1\end{matrix}),train,train,1,126,64,15,40,0
mathwriting,mathwriting/images/train_012560abb4c27bb4.png,\rho(x)=\frac{1}{2\pi}\sqrt{\frac{4-x}{x}},train,train,1,144,64,18,42,0
mathwriting,mathwriting/images/train_012573b9da2f307c.png,\frac{(7\cdot3)^{301}}{{10^{6}}^{3}},train,train,1,64,64,8,36,0
mathwriting,mathwriting/images/train_01259d620ab7982f.png,(\begin{matrix}1&1\\ 0&1\\ \end{matrix}),train,train,1,87,64,10,40,0
mathwriting,mathwriting/images/train_01259d8d58b951df.png,\chi_{(h)}^{2},train,train,1,109,64,13,14,0
mathwriting,mathwriting/images/train_0125d61ddd1acddd.png,(\frac{t-1}{t+1}),train,train,1,78,64,9,17,0
mathwriting,mathwriting/images/train_01261f172eba404d.png,\frac{2\pi}{\lambda}=k,train,train,1,81,64,10,22,0
mathwriting,mathwriting/images/train_012637689fd76058.png,S=-mc\int ds,train,train,1,151,64,18,12,1
mathwriting,mathwriting/images/train_0126bb8a36b96ec4.png,X_{(t_{i+1}+t_{i})/2},train,train,1,236,64,29,21,1
mathwriting,mathwriting/images/train_0126eeb883658a59.png,\sum_{i=0}^{\infty}(|G_{i}|-1),train,train,1,161,64,20,30,0
mathwriting,mathwriting/images/train_0127861c4d1b3842.png,k_{g}=\frac{\sqrt{1-r^{2}}}{r},train,train,1,117,64,14,30,0
mathwriting,mathwriting/images/train_0127e78d68a0040b.png,1^{433}\cdot111+\sqrt{5}^{381},train,train,1,258,64,32,30,1
mathwriting,mathwriting/images/train_0128248485471f9f.png,\Gamma,train,train,1,64,64,8,6,1
mathwriting,mathwriting/images/train_01282a22bb3f75f0.png,g=(\begin{matrix}A&B\\ C&D\end{matrix}),train,train,1,144,64,18,39,0
mathwriting,mathwriting/images/train_012865541506898a.png,v\approx\frac{L^{2}}{2r},train,train,1,91,64,11,24,0
mathwriting,mathwriting/images/train_01286e95872f8d10.png,t=\frac{|b|}{\sqrt{\frac{1\cdot b^{5}}{n\cdot5}}},train,train,1,77,64,9,49,0
mathwriting,mathwriting/images/train_0128d6a8c338b7f1.png,\sqrt{3},train,train,1,83,64,10,8,1
mathwriting,mathwriting/images/train_0129583fe2116356.png,264-175-365-4+5,train,train,1,308,64,38,15,1
mathwriting,mathwriting/images/train_0129cc9acd5b89e0.png,\frac{\alpha^{2}}{2},train,train,1,64,64,8,20,0
mathwriting,mathwriting/images/train_0129d83f0d5b50bb.png,\frac{d^{2}P}{dt^{2}},train,train,1,65,64,8,21,0
mathwriting,mathwriting/images/train_0129db51b1bc6f88.png,t=J\dot{\omega}+\omega\times J\omega,train,train,1,291,64,36,36,1
mathwriting,mathwriting/images/train_012a4d53878ad97a.png,\frac{x}{\sigma^{2}}e^{-x^{2}/2\sigma^{2}},train,train,1,148,64,18,42,0
mathwriting,mathwriting/images/train_012a9c5465402d75.png,h=c_{p}T=\frac{\gamma}{\gamma-1}\frac{T}{m},train,train,1,162,64,20,43,0
mathwriting,mathwriting/images/train_012ac51b99037b52.png,f(\epsilon)=\frac{\epsilon-1}{\epsilon+x},train,train,1,134,64,16,41,0
mathwriting,mathwriting/images/train_012ae5ce4cf7400f.png,E_{p}=\frac{1}{2}\rho g\sigma^{2},train,train,1,171,64,21,33,0
mathwriting,mathwriting/images/train_012b42a83e019def.png,(\begin{matrix}n\\ 0.51n\end{matrix}),train,train,1,76,64,9,37,0
mathwriting,mathwriting/images/train_012b512e6bc94f39.png,d_{jk}=\frac{A+B-2J}{A+B},train,train,1,136,64,17,25,0
mathwriting,mathwriting/images/train_012bb35371767a18.png,|\frac{a}{b}|=\frac{|a|}{|b|},train,train,1,126,64,15,29,0
mathwriting,mathwriting/images/train_012bd668415bd5c0.png,6\sqrt{2}\approx8.49,train,train,1,173,64,21,20,1
mathwriting,mathwriting/images/train_012c20e9eebb2a10.png,(6\cdot361)^{8^{474}},train,train,1,124,64,15,21,0
mathwriting,mathwriting/images/train_012c2a3590ef5f18.png,w_{t}=(1-\eta x_{t})/x_{t},train,train,1,199,64,24,26,0
mathwriting,mathwriting/images/train_012c93a761821314.png,e(k)=\hat{x}(k)-x(k),train,train,1,262,64,32,20,1
mathwriting,mathwriting/images/train_012cbd8e47495921.png,\frac{\frac{5}{365}}{\frac{448^{119}}{3}},train,train,1,64,64,8,41,0
mathwriting,mathwriting/images/train_012cc4888638b16e.png,\int_{-N}^{N}f(x)dx,train,train,1,125,64,15,19,0
mathwriting,mathwriting/images/train_012d1a31315540b2.png,s\ne\frac{\pi}{2k},train,train,1,96,64,12,18,0
mathwriting,mathwriting/images/train_012d8bd30e50122d.png,S^{*}(\theta)=\sqrt{S(\theta)},train,train,1,175,64,21,30,0
mathwriting,mathwriting/images/train_012d95e2f11aeb4c.png,K_{c}=\frac{\prod_{j=1}^{p}[Y_{j}]^{\eta_{j}}}{\prod_{i=1}^{r}[X_{i}]^{\nu_{i}}},train,train,1,144,64,18,80,0
mathwriting,mathwriting/images/train_012dc64088e261f2.png,F_{4}^{(1)},train,train,1,69,64,8,11,0
mathwriting,mathwriting/images/train_012defcd2813c58a.png,\Gamma_{i}\equiv\frac{1}{\sqrt{1+\frac{v_{i}\cdot v_{i}}{t^{0}}}},train,train,1,155,64,19,65,0
mathwriting,mathwriting/images/train_012e1eb40ee21b0e.png,p=\frac{kT}{v-b}-\frac{a}{v^{2}},train,train,1,120,64,15,32,0
mathwriting,mathwriting/images/train_012ec54d224f4b84.png,(\begin{matrix}4\\ 3\end{matrix})=4,train,train,1,95,64,11,35,0
mathwriting,mathwriting/images/train_012f06d56b0d1c9a.png,2b=\sqrt{(p+q)^{2}-f^{2}},train,train,1,175,64,21,25,0
mathwriting,mathwriting/images/train_012f4f735c89651e.png,{{7^{5}}^{4}}^{(\frac{6}{101})^{6}},train,train,1,98,64,12,35,0
mathwriting,mathwriting/images/train_012f86017ff6e2d5.png,\int_{0}^{1}f(x)dx=1,train,train,1,123,64,15,20,0
mathwriting,mathwriting/images/train_012fd3aee559ac80.png,\frac{1}{\sqrt{\frac{1}{v^{7}}-1}},train,train,1,69,64,8,34,0
mathwriting,mathwriting/images/train_012fdf61edf79f99.png,log(-\frac{7}{3}-2),train,train,1,64,64,8,19,0
mathwriting,mathwriting/images/train_0130605a6664a83a.png,\frac{e^{itb}-e^{ita}}{it(b-a)},train,train,1,122,64,15,31,0
mathwriting,mathwriting/images/train_01318379652e4a51.png,\sqrt{R},train,train,1,89,64,11,8,1
mathwriting,mathwriting/images/train_0131aa2e385256f7.png,v=\sqrt[2]{\frac{2Pt}{m}},train,train,1,130,64,16,25,0
mathwriting,mathwriting/images/train_0131bcb63eb49cfb.png,[\begin{matrix}lnx\\ (lnx)^{2}\end{matrix}],train,train,1,108,64,13,43,0
mathwriting,mathwriting/images/train_0131edaca4f87478.png,\frac{db}{dt}=\frac{1}{3},train,train,1,97,64,12,25,0
mathwriting,mathwriting/images/train_01321625925d7bb2.png,\int\sigma_{x}dA=0,train,train,1,109,64,13,18,0
mathwriting,mathwriting/images/train_01323ef681bdb59d.png,3\frac{1}{2},train,train,1,78,64,9,12,0
mathwriting,mathwriting/images/train_01329fba933c6b0f.png,"\phi:(x,y)\mapsto(x^{q},y^{q})",train,train,1,262,64,32,30,1
mathwriting,mathwriting/images/train_0132c4379781256b.png,V=\sqrt{r_{1}^{2}+r_{2}^{2}},train,train,1,151,64,18,28,0
mathwriting,mathwriting/images/train_0132dca222fcfe36.png,\frac{1}{2}r^{2}\theta,train,train,1,100,64,12,22,0
mathwriting,mathwriting/images/train_0132e48b84197d06.png,\frac{dm}{dt}v_{e},train,train,1,99,64,12,18,0
mathwriting,mathwriting/images/train_0132f6e7cc11ac1e.png,E(Af)(W)=0,train,train,1,166,64,20,10,1
mathwriting,mathwriting/images/train_0133331f88eaa579.png,13\cdot(\begin{matrix}12\\ 2\end{matrix})\cdot4^{2},train,train,1,152,64,19,51,0
mathwriting,mathwriting/images/train_0133e83c90d354dd.png,\int_{a}^{b}f(x)dx,train,train,1,125,64,15,18,0
mathwriting,mathwriting/images/train_01347e681d169862.png,\frac{\partial x}{\partial\theta},train,train,1,64,64,8,33,0
mathwriting,mathwriting/images/train_0136554440e309e5.png,1-\int_{t-r}^{t}E(t^{\prime})dt^{\prime},train,train,1,202,64,25,40,0
mathwriting,mathwriting/images/train_0136c453aded0b0c.png,\frac{d}{dx}(2x)=2,train,train,1,94,64,11,18,0
mathwriting,mathwriting/images/train_0136e36ce4b2c289.png,\frac{pe^{it}}{1-(1-p)e^{it}},train,train,1,90,64,11,29,0
mathwriting,mathwriting/images/train_013704961f6fb290.png,"[r_{n},r_{n-1},...,r_{2},r_{1}]",train,train,1,260,64,32,31,1
mathwriting,mathwriting/images/train_013732d4f82ab632.png,s_{x}^{\epsilon},train,train,1,64,64,8,16,0
mathwriting,mathwriting/images/train_01376d57b4e3c318.png,n=\frac{2}{ab}\frac{dA}{dt},train,train,1,105,64,13,27,0
mathwriting,mathwriting/images/train_013771c54c14fb55.png,(\frac{5\cdot6}{8})^{247+149+7},train,train,1,137,64,17,31,0
mathwriting,mathwriting/images/train_01377877dc47e30a.png,(\begin{matrix}A&B\\ C&D\end{matrix}),train,train,1,92,64,11,37,0
mathwriting,mathwriting/images/train_01378a659c574bc2.png,\frac{dv}{dt},train,train,1,64,64,8,13,0
mathwriting,mathwriting/images/train_0137afad806b1b23.png,\dot{x}(t)=-u(t),train,train,1,228,64,28,16,1
mathwriting,mathwriting/images/train_0137b4b6eac39fbc.png,\frac{g}{t\sqrt{p}\sqrt{1+\mu}},train,train,1,94,64,11,31,0
mathwriting,mathwriting/images/train_0137e4d9803aa2b0.png,\sqrt{\theta},train,train,1,75,64,9,13,0
mathwriting,mathwriting/images/train_01383fa17abdd641.png,\frac{\frac{162}{10}}{\frac{3}{370}},train,train,1,64,64,8,36,0
mathwriting,mathwriting/images/train_0138492efda66d02.png,"[t,t+\tau)",train,train,1,168,64,21,10,1
mathwriting,mathwriting/images/train_0138ba9911d177d4.png,\Delta T=l\frac{dT}{dz},train,train,1,126,64,15,23,0
mathwriting,mathwriting/images/train_01394915a0436edd.png,2y=-\frac{x^{2}}{\tau^{2}}+\tau^{2},train,train,1,116,64,14,35,0
mathwriting,mathwriting/images/train_0139d312c5f96092.png,(\begin{matrix}-1\\ 0\end{matrix})=1,train,train,1,130,64,16,36,0
mathwriting,mathwriting/images/train_013a49c2403fed55.png,p=\frac{5ac-2b^{2}}{5a^{2}},train,train,1,99,64,12,27,0
mathwriting,mathwriting/images/train_013a5824feee730c.png,\frac{Gm^{2}}{r},train,train,1,83,64,10,16,0
mathwriting,mathwriting/images/train_013a894cfef74360.png,L=\frac{q^{2}}{9K},train,train,1,78,64,9,18,0
mathwriting,mathwriting/images/train_013af9e16ddc99bf.png,Z:=(\begin{matrix}x&dy\\ y&x\end{matrix}),train,train,1,124,64,15,41,0
mathwriting,mathwriting/images/train_013b109149c824e7.png,[1+\frac{x-\mu}{\sigma}]^{-\alpha},train,train,1,104,64,13,34,0
mathwriting,mathwriting/images/train_013b25733da7d697.png,"B(z)=\prod_{n}B(a_{n},z)",train,train,1,223,64,27,24,1
mathwriting,mathwriting/images/train_013b7152d09a3be0.png,\sqrt{4}^{\sqrt{4}^{\sqrt{4}^{\cdot^{\cdot^{\cdot}}}}},train,train,1,99,64,12,54,0
mathwriting,mathwriting/images/train_013bdb157edca6a9.png,x^{\underline{n}}=x(x-1)\cdot\cdot\cdot(x-n+1),train,train,1,278,64,34,46,0
mathwriting,mathwriting/images/train_013be33f4b33ed4d.png,B=[\begin{matrix}1&0\\ 0&0.6\\ 0&0.8\end{matrix}],train,train,1,135,64,16,49,0
mathwriting,mathwriting/images/train_013beb31b04a966c.png,(\begin{matrix}0&-i\\ i&0\end{matrix}),train,train,1,101,64,12,38,0
mathwriting,mathwriting/images/train_013c004848ed2ef2.png,\frac{\partial\rho}{\partial t},train,train,1,64,64,8,31,0
mathwriting,mathwriting/images/train_013c2c8f26c0662b.png,\frac{1}{\sqrt{12}}LSB\approx0.289LSB,train,train,1,171,64,21,37,0
mathwriting,mathwriting/images/train_013c66185f4da42f.png,\gamma_{u^{x}},train,train,1,96,64,12,14,0
mathwriting,mathwriting/images/train_013cb8af6331cea5.png,y^{\prime}-\frac{2y}{x}=0,train,train,1,108,64,13,25,0
mathwriting,mathwriting/images/train_013cda504dae2be3.png,N\overline{x},train,train,1,64,64,8,13,0
mathwriting,mathwriting/images/train_013cec3eb6d8396b.png,\theta_{i}=\frac{x_{i}}{x_{max}}2\pi,train,train,1,149,64,18,36,0
mathwriting,mathwriting/images/train_013d9026b9ce9974.png,G=\int_{1}^{\infty}\frac{lnt}{1+t^{2}}dt,train,train,1,103,64,12,40,0
mathwriting,mathwriting/images/train_013dfcc70caae296.png,\frac{\frac{237}{445}-431}{\frac{10}{164}},train,train,1,83,64,10,42,0
mathwriting,mathwriting/images/train_013ecc66bb27128e.png,Dw_{1}(M)=[G],train,train,1,202,64,25,13,1
mathwriting,mathwriting/images/train_013ef5bb1c9b872b.png,(\begin{matrix}a\\ r\end{matrix}),train,train,1,64,64,8,33,0
mathwriting,mathwriting/images/train_013f93360ef7ab62.png,\prod_{p}f(p),train,train,1,105,64,13,13,1
mathwriting,mathwriting/images/train_01403b294180727a.png,\mu_{c}=kTln\frac{[Red]}{[Ox]},train,train,1,155,64,19,30,0
mathwriting,mathwriting/images/train_01406e7b9c69930a.png,e^{78^{78^{78^{722}}}},train,train,1,79,64,9,22,0
mathwriting,mathwriting/images/train_014073353be040e1.png,\frac{d^{2}y}{dt^{2}},train,train,1,72,64,9,21,0
mathwriting,mathwriting/images/train_01407e4667aa62e5.png,\frac{dv}{dt}=Mv,train,train,1,114,64,14,16,0
mathwriting,mathwriting/images/train_0140aacf53f5b943.png,\sigma_{t}=\frac{8\pi}{3}(\frac{\alpha\lambda_{c}}{2\pi})^{2},train,train,1,143,64,17,61,0
mathwriting,mathwriting/images/train_0140b99492abde9a.png,\tilde{\epsilon}_{ij},train,train,1,76,64,9,21,0
mathwriting,mathwriting/images/train_0140d9a733c5d727.png,q\overline{q}=-a^{2}+b^{2}+c^{2}+d^{2},train,train,1,174,64,21,38,0
mathwriting,mathwriting/images/train_0140dc9f45b90b9d.png,\int Fdl,train,train,1,74,64,9,8,1
mathwriting,mathwriting/images/train_0140dd6f7bf99d8d.png,e^{2}=\frac{4n}{(1+n)^{2}},train,train,1,98,64,12,26,0
mathwriting,mathwriting/images/train_01420647e45d5abd.png,(A-B)\sqrt{g}=1.,train,train,1,191,64,23,16,1
mathwriting,mathwriting/images/train_0142269e80e9bfa1.png,[\begin{matrix}x\\ y\end{matrix}],train,train,1,64,64,8,33,0
mathwriting,mathwriting/images/train_01422ba7cd50da7f.png,\frac{dmv}{dt},train,train,1,89,64,11,14,0
mathwriting,mathwriting/images/train_014255ab14aa8a07.png,\frac{d^{2}y}{dt^{2}}+y+\epsilon y^{3}=0,train,train,1,124,64,15,40,0
mathwriting,mathwriting/images/train_01427540bf7a6216.png,\frac{3M-E+S}{6},train,train,1,124,64,15,16,0
mathwriting,mathwriting/images/train_0143003a32e7547b.png,R_{1}(x)=\frac{x-1}{x+1},train,train,1,162,64,20,24,0
mathwriting,mathwriting/images/train_01431b4175499117.png,"f(x,y)=\frac{xy}{x^{2}+y^{2}}",train,train,1,104,64,13,29,0
mathwriting,mathwriting/images/train_014386b397f3bb76.png,(\begin{matrix}2\\ 4\end{matrix}),train,train,1,64,64,8,33,0
mathwriting,mathwriting/images/train_0143c2787a736989.png,E_{i}=\int E(t)dt,train,train,1,199,64,24,17,1
mathwriting,mathwriting/images/train_0143cfc59edf24a8.png,\frac{{10^{199}}^{294}}{\frac{5}{2}},train,train,1,64,64,8,36,0
mathwriting,mathwriting/images/train_01440b38d37933ff.png,2_{-}^{1+4},train,train,1,106,64,13,11,1
mathwriting,mathwriting/images/train_01441832c10b87b8.png,S=\frac{mu^{0}}{\sqrt{6-\frac{v^{0}}{u^{0}}}},train,train,1,95,64,11,45,0
mathwriting,mathwriting/images/train_014485efe44c486e.png,\hat{q}_{o},train,train,1,64,64,8,11,0
mathwriting,mathwriting/images/train_0144b4d6c99ecef8.png,f=\frac{1}{2*t*n},train,train,1,79,64,9,17,0
mathwriting,mathwriting/images/train_0144d6d365335a4f.png,\frac{\Delta k}{t}=\frac{R^{\frac{4k_{e}}{t}}\cdot1}{R^{\frac{4k_{e}}{t}}+1},train,train,1,86,64,10,76,0
mathwriting,mathwriting/images/train_014611be259da565.png,\frac{318^{41}}{1}+(9^{213}+10),train,train,1,157,64,19,31,0
mathwriting,mathwriting/images/train_0146142fd3851fdd.png,\overline{S}_{i},train,train,1,64,64,8,16,0
mathwriting,mathwriting/images/train_01461487f74d6e6f.png,\tilde{C}_{2},train,train,1,71,64,8,13,0
mathwriting,mathwriting/images/train_014627a2cf8e3e1b.png,\frac{8^{8}}{76^{480}},train,train,1,78,64,9,22,0
mathwriting,mathwriting/images/train_0146385ab04074d7.png,\overline{lim}(loga_{n})/2^{n}<+\infty,train,train,1,228,64,28,38,0
mathwriting,mathwriting/images/train_0146590f0b53351b.png,399+166-\frac{2}{62},train,train,1,135,64,16,20,0
mathwriting,mathwriting/images/train_014679e0130f99c8.png,1-0\sqrt{2}=1.0,train,train,1,198,64,24,15,1
mathwriting,mathwriting/images/train_014732e62845c204.png,p_{0}=\frac{1}{2},train,train,1,82,64,10,17,0
mathwriting,mathwriting/images/train_0147826728ce220b.png,\vec{c}=\frac{d^{5}\vec{r}}{dt^{5}},train,train,1,128,64,16,35,0
mathwriting,mathwriting/images/train_014791e45e1936f5.png,\frac{d^{2}\psi_{1}}{dx^{2}}=-k^{\prime2}\psi_{1},train,train,1,124,64,15,49,0
mathwriting,mathwriting/images/train_0147a285826e42ee.png,"max\{1,\sum_{i=0}^{n-1}|\frac{a_{i}}{a_{n}}|\}",train,train,1,166,64,20,46,0
mathwriting,mathwriting/images/train_0147c7e8e5401265.png,f_{xx}=\frac{d^{2}f}{dx^{2}},train,train,1,118,64,14,28,0
mathwriting,mathwriting/images/train_0147dcffbbf73d29.png,cf(\prod A/D)<\lambda,valid,train,1,179,64,22,21,1
mathwriting,mathwriting/images/train_0148327e08655241.png,"(L_{0},R_{0})=(L_{0}^{\prime},R_{0}^{\prime})",train,train,1,208,64,26,45,0
mathwriting,mathwriting/images/train_01486a391009a3e7.png,V_{h^{\beta}},train,train,1,64,64,8,13,0
mathwriting,mathwriting/images/train_014941acc8b5f3a2.png,\hat{p}=1,train,train,1,91,64,11,9,1
mathwriting,mathwriting/images/train_01495d3fd4302fd9.png,I_{T}(\theta)\le I_{X}(\theta),train,train,1,204,64,25,30,0
mathwriting,mathwriting/images/train_0149933e2bd2241f.png,\frac{\frac{1}{176}}{\frac{469}{10}},train,train,1,64,64,8,36,0
mathwriting,mathwriting/images/train_0149a8a4753f82b1.png,\frac{1/288}{(\sqrt{157}-10)},train,train,1,95,64,11,29,0
mathwriting,mathwriting/images/train_0149b253164ebf86.png,\frac{q_{H}}{T_{H}}-\frac{q_{C}}{T_{C}}=0,train,train,1,130,64,16,41,0
mathwriting,mathwriting/images/train_0149e544e3e2c96e.png,\tilde{E}_{i}^{a}\mapsto\tilde{E}_{i}^{a}/\beta,train,train,1,144,64,18,47,0
mathwriting,mathwriting/images/train_014ad52984dffc06.png,(\omega_{0}+\omega_{1}-\omega),train,train,1,159,64,19,30,0
mathwriting,mathwriting/images/train_014b28d8ea7b0d15.png,\frac{1}{e}=0.37,train,train,1,140,64,17,16,1
mathwriting,mathwriting/images/train_014b6ae21f88e0bb.png,c=-ax_{1}-by_{1},train,train,1,219,64,27,16,1
mathwriting,mathwriting/images/train_014bf7165d820f04.png,\frac{dy}{dt},train,train,1,64,64,8,13,0
mathwriting,mathwriting/images/train_014c3613fe326ec4.png,t\{\begin{matrix}2\\ n\end{matrix}\},train,train,1,65,64,8,36,0
mathwriting,mathwriting/images/train_014cbdc2ffa1f330.png,\frac{0.0016286*P_{kPa}}{\lambda_{v}},train,train,1,128,64,16,37,0
mathwriting,mathwriting/images/train_014ce08b7fcf6354.png,A=[\begin{matrix}2&1\\ 1&1\end{matrix}],train,train,1,109,64,13,39,0
mathwriting,mathwriting/images/train_014cf9817da02820.png,1-5/3+4^{466},train,train,1,171,64,21,13,1
mathwriting,mathwriting/images/train_014d8838b7c5cd35.png,(\frac{4}{7}-9)^{204\cdot\sqrt{5}},train,train,1,115,64,14,34,0
mathwriting,mathwriting/images/train_014dd50f98ec24ae.png,f_{c}=\frac{1}{2\pi\tau}=\frac{1}{2\pi RC},train,train,1,174,64,21,42,0
mathwriting,mathwriting/images/train_014e7fe2e46d8da5.png,(1-\frac{1}{2^{k}}-\epsilon),train,train,1,176,64,22,28,0
mathwriting,mathwriting/images/train_014ec53c1a7dad26.png,\mathbb{Y},train,train,1,64,64,8,10,0
mathwriting,mathwriting/images/train_014ee7dfb7b899fe.png,n,train,train,1,86,64,10,1,1
mathwriting,mathwriting/images/train_014eff68d72932c5.png,R_{\mu\nu}=\frac{n-1}{\alpha^{2}}g_{\mu\nu},train,train,1,209,64,26,43,0
mathwriting,mathwriting/images/train_014f5d7baa22d105.png,s=-\frac{ln\xi}{\mu_{t}},train,train,1,123,64,15,24,0
mathwriting,mathwriting/images/train_014fbf1f983b03c3.png,p(k)=\tau_{0}^{-1},train,train,1,187,64,23,18,1
mathwriting,mathwriting/images/train_014fdcf2526a7cdf.png,W=\int_{a}^{b}PdV,train,train,1,112,64,14,17,0
mathwriting,mathwriting/images/train_01505fb71400af6d.png,\frac{dN}{dt}\frac{1}{N}=r,train,train,1,88,64,11,26,0
mathwriting,mathwriting/images/train_015067b0a61bfee7.png,\sqrt{\mu_{0}}H,train,train,1,103,64,12,15,0
mathwriting,mathwriting/images/train_0150a8b6db12ac34.png,n=\frac{2}{ab}\frac{dA}{dt},train,train,1,106,64,13,27,0
mathwriting,mathwriting/images/train_01510207468314f8.png,{448\cdot246^{452}}^{\frac{2}{148}},train,train,1,82,64,10,35,0
mathwriting,mathwriting/images/train_015119066019ac1e.png,c_{xy}=\frac{s_{xy}}{m_{x}m_{y}},train,train,1,119,64,14,32,0
mathwriting,mathwriting/images/train_01511e8d5d8a1a22.png,u\cdot u=|u|^{2}=1,train,train,1,180,64,22,18,1
mathwriting,mathwriting/images/train_0151a79bb920804f.png,P_{i}^{a}P_{j}^{b}...P_{k}^{c}\rightarrow Q^{d},train,train,1,211,64,26,47,0
mathwriting,mathwriting/images/train_0151c10767f5d84b.png,5+328^{\frac{4^{8}}{301}},train,train,1,119,64,14,25,0
mathwriting,mathwriting/images/train_0151fc70b52f7e80.png,{94^{\sqrt{6}}-92}^{(229\cdot10)},train,train,1,116,64,14,33,0
mathwriting,mathwriting/images/train_0152cfd6e33e7831.png,"L(y_{i},\hat{y})",train,train,1,167,64,20,16,1
mathwriting,mathwriting/images/train_0152e3bbeec149bc.png,"r(\underline{x},t)",train,train,1,134,64,16,18,0
mathwriting,mathwriting/images/train_015314d83ebeb4ce.png,{8^{\sqrt{5}}}^{\frac{\sqrt{17}}{390}},train,train,1,87,64,10,38,0
mathwriting,mathwriting/images/train_0153883edeafd538.png,\omega_{Q}\sim\frac{e^{2}Qq}{\hbar}=C_{q},train,train,1,174,64,21,41,0
mathwriting,mathwriting/images/train_0154648a51a98c94.png,\tilde{E}_{i}^{3},train,train,1,64,64,8,17,0
mathwriting,mathwriting/images/train_01554fd2b3e5546e.png,\eta_{th}\equiv\frac{Q_{out}}{Q_{in}},train,train,1,77,64,9,37,0
mathwriting,mathwriting/images/train_01557de2f7858d44.png,\hat{P}^{2},train,train,1,64,64,8,11,0
mathwriting,mathwriting/images/train_015605281d9fb799.png,\frac{dy}{dx},train,train,1,69,64,8,13,0
mathwriting,mathwriting/images/train_01560ba04a669b48.png,[D(d)\wedge\neg D(f(d))],train,train,1,228,64,28,24,1
mathwriting,mathwriting/images/train_01565435b916f166.png,a=0.6+i0.37,train,train,1,318,64,39,11,1
mathwriting,mathwriting/images/train_015659ebbe18ed5e.png,{410^{\sqrt{122}}/308}^{\frac{(70/10)}{3}},train,train,1,201,64,25,42,0
mathwriting,mathwriting/images/train_0156832a55a8db6d.png,(\begin{matrix}n\\ 2\end{matrix})^{-1},train,train,1,93,64,11,38,0
mathwriting,mathwriting/images/train_01569c10a560ad68.png,(\begin{matrix}a&b\\ c&1-a\end{matrix}),train,train,1,89,64,11,39,0
mathwriting,mathwriting/images/train_0156b834aaa9c0f6.png,\hat{f}=e^{-\pi\xi^{2}},train,train,1,112,64,14,23,0
mathwriting,mathwriting/images/train_01576a4e9416895f.png,\sqrt{4}/437^{395^{439}},train,train,1,160,64,20,24,0
mathwriting,mathwriting/images/train_015773812c31ad04.png,[\begin{matrix}1&1.25\\ 0&1\end{matrix}],train,train,1,111,64,13,40,0
mathwriting,mathwriting/images/train_0157a894c908114a.png,\alpha\frac{\sigma_{0}}{E},train,train,1,64,64,8,26,0
mathwriting,mathwriting/images/train_0157fb8bb05b74ee.png,\tilde{b},train,train,1,64,64,8,9,0
mathwriting,mathwriting/images/train_0158115312c5bc89.png,MA=\frac{T_{B}}{T_{A}}=R,train,train,1,123,64,15,24,0
mathwriting,mathwriting/images/train_01581734a28e757a.png,D_{F}=\infty,train,train,1,111,64,13,12,1
mathwriting,mathwriting/images/train_0158865a3d516850.png,y^{y^{-^{-^{y^{x}}}}},train,train,1,67,64,8,21,0
mathwriting,mathwriting/images/train_01589740fb1e146e.png,m=\frac{m_{9}}{({1\cdot\frac{v^{5}}{c^{5}})}^{4/5}},train,train,1,121,64,15,51,0
mathwriting,mathwriting/images/train_015907d1d23a94e6.png,\frac{dE_{r}}{dx},train,train,1,64,64,8,17,0
mathwriting,mathwriting/images/train_01591d9fd6d97e30.png,e_{3}^{\prime}=\frac{e_{3}+\frac{v}{c^{3}}x_{3}}{\sqrt{0+\frac{v^{3}}{c^{3}}}},train,train,1,97,64,12,78,0
mathwriting,mathwriting/images/train_0159c5dd444d86d9.png,f=\prod_{i=1}^{deg(f)}f_{i}^{i},train,train,1,94,64,11,31,0
mathwriting,mathwriting/images/train_0159d37d53dfc478.png,"i=0,1,2,...",train,train,1,183,64,22,11,1
mathwriting,mathwriting/images/train_015a486868c96022.png,e=N\sqrt{q},train,train,1,93,64,11,11,1
mathwriting,mathwriting/images/train_015a68a408cc8282.png,\frac{1}{1\cdot r^{\frac{X\times(1\cdot X)}{7^{N+1}}}},train,train,1,112,64,14,54,0
mathwriting,mathwriting/images/train_015a699f8362c93d.png,s=\sqrt{(4a)^{2}+p^{2}},train,train,1,245,64,30,23,1
mathwriting,mathwriting/images/train_015a921124ef2c89.png,C_{GS},train,train,1,80,64,10,6,1
mathwriting,mathwriting/images/train_015a92179e3f9230.png,\frac{m}{\sqrt{\frac{w^{2}}{l^{2}}-1}},train,train,1,84,64,10,38,0
mathwriting,mathwriting/images/train_015b1a5ffae36b10.png,Z_{in}=\frac{v_{1}}{i_{1}},train,train,1,114,64,14,26,0
mathwriting,mathwriting/images/train_015b7b615091fe1a.png,\frac{dV}{dt}=Q_{0},train,train,1,100,64,12,19,0
mathwriting,mathwriting/images/train_015b82297f66bcf6.png,\frac{dx}{ds}=e^{x},valid,train,1,115,64,14,19,0
mathwriting,mathwriting/images/train_015c213e3b42b838.png,\epsilon_{i}=AP_{i}-\lambda_{i}P_{i},train,train,1,231,64,28,36,0
mathwriting,mathwriting/images/train_015caa904699de3f.png,\{T^{-1}w_{j}\},train,train,1,107,64,13,15,0
mathwriting,mathwriting/images/train_015d4c869ed70884.png,(0)=0,train,train,1,145,64,18,5,1
mathwriting,mathwriting/images/train_015d6731dedcf606.png,((\frac{495}{9})^{131}+\frac{183^{6}}{3}),train,train,1,145,64,18,41,0
mathwriting,mathwriting/images/train_015d7fece3e5f0fc.png,"[x,x+\sqrt{2x}],x\ge2",train,train,1,229,64,28,21,1
mathwriting,mathwriting/images/train_015d83110e70d8be.png,\tau=\frac{1}{n\omega}\frac{A_{n}}{B_{n}},train,train,1,138,64,17,41,0
mathwriting,mathwriting/images/train_015d9a76b7969c5e.png,C_{D}=\sigma_{D}^{2}I,train,train,1,148,64,18,21,0
mathwriting,mathwriting/images/train_015dae7102fd0a4c.png,\frac{dE_{2}}{dE_{1}}=-1,train,train,1,88,64,11,24,0
mathwriting,mathwriting/images/train_015e80966826e0a2.png,\sqrt{DC^{2}+a^{2}},train,train,1,116,64,14,19,0
mathwriting,mathwriting/images/train_015ebab835660013.png,\tilde{B}_{8},train,train,1,64,64,8,13,0
mathwriting,mathwriting/images/train_015ef333aa1f0c86.png,"G=G(\theta,\phi)=sin\theta",train,train,1,236,64,29,26,1
mathwriting,mathwriting/images/train_015f28ae8cbb17cf.png,k=2^{a}5^{b}n,train,train,1,199,64,24,13,1
mathwriting,mathwriting/images/train_015f56ed47fcf0d3.png,"f(T_{2},T_{3})=\frac{g(T_{3})}{g(T_{2})}",train,train,1,155,64,19,40,0
mathwriting,mathwriting/images/train_015f5c3196e1e1e9.png,"(\frac{7}{\sqrt{10}},\sqrt{\frac{3}{2}},0,\pm2)",train,train,1,153,64,19,47,0
mathwriting,mathwriting/images/train_015fc0cedc705816.png,(\begin{matrix}X\\ k\end{matrix}),train,train,1,64,64,8,33,0
mathwriting,mathwriting/images/train_015fdc123402b427.png,X=[\begin{matrix}w+ix\\ y+iz\end{matrix}],train,train,1,113,64,14,41,0
mathwriting,mathwriting/images/train_0160662c44fc81bf.png,"\{i,j\}\notin E",train,train,1,164,64,20,15,1
mathwriting,mathwriting/images/train_016138e5063f6105.png,H(z)=\frac{z^{-1}}{1-az^{-1}},train,train,1,172,64,21,29,0
mathwriting,mathwriting/images/train_0161ab2d0386b735.png,\frac{d\rho}{dt}+\rho\nabla\cdot v=0,train,train,1,148,64,18,36,0
mathwriting,mathwriting/images/train_0161d197874840fe.png,(\begin{matrix}x\\ y\\ 1\end{matrix}),train,train,1,64,64,8,37,0
mathwriting,mathwriting/images/train_0161d8badadbe6ad.png,\frac{f_{p}}{f_{y}}=\frac{9}{\sqrt{9\cdot\frac{v^{0}}{c^{0}}}},train,train,1,82,64,10,62,0
mathwriting,mathwriting/images/train_01624dc8882ac4ae.png,\frac{d^{3}}{dx^{3}}[x^{4}]=24x,train,train,1,156,64,19,31,0
mathwriting,mathwriting/images/train_016261a178473488.png,\{\begin{matrix}p\\ 2\end{matrix}\},train,train,1,64,64,8,35,0
mathwriting,mathwriting/images/train_01626ae7118ec6c5.png,\frac{\sqrt{a^{2}-b^{2}}}{\sqrt{a^{2}+b^{2}}},train,train,1,66,64,8,45,0
mathwriting,mathwriting/images/train_01627e4eb83dfd18.png,\tau=\mu\frac{du}{dx},train,train,1,116,64,14,21,0
mathwriting,mathwriting/images/train_0162a74ceca44403.png,u(t)=\frac{ds(t)}{dt},train,train,1,129,64,16,21,0
mathwriting,mathwriting/images/train_0162ed740cf4a5f8.png,\hat{H}_{s}=-|e|Ez,train,train,1,169,64,21,18,1
mathwriting,mathwriting/images/train_01641c72bb112ca0.png,\tilde{h}(E),train,train,1,95,64,11,12,0
mathwriting,mathwriting/images/train_016484c86051cbc3.png,(\sqrt{2\pi x})^{1-6}6^{6/2},train,train,1,129,64,16,28,0
mathwriting,mathwriting/images/train_01649da9a71e57fe.png,F[y]=\int_{E}ytdt,train,train,1,129,64,16,17,0
mathwriting,mathwriting/images/train_0164a2d281aceb95.png,\sqrt[12]{2^{5}},train,train,1,82,64,10,16,0
mathwriting,mathwriting/images/train_0164c153e0eadd58.png,R=\frac{\rho}{t}\frac{L}{W}=R_{s}\frac{L}{W},train,train,1,129,64,16,44,0
mathwriting,mathwriting/images/train_0164eebbe9545509.png,J=\sqrt{\frac{kT}{2hcB}}-1/2,train,train,1,171,64,21,28,0
mathwriting,mathwriting/images/train_01650d074915628e.png,i_{Q}:Q\hookrightarrow E,train,train,1,174,64,21,24,0
mathwriting,mathwriting/images/train_01656c339ebb0391.png,\sigma(u)=\frac{0}{\sqrt{0\cdot\frac{u^{2}}{c^{2}}}},train,train,1,127,64,15,52,0
mathwriting,mathwriting/images/train_01656de72c028bad.png,\frac{(8+\sqrt{326})}{(470^{5}-\sqrt{5})},train,train,1,119,64,14,41,0
mathwriting,mathwriting/images/train_0165ed646165823b.png,10^{6}/\frac{\frac{180}{6}}{194},train,train,1,71,64,8,32,0
mathwriting,mathwriting/images/train_01666e57f08d88c7.png,\tilde{O}(m^{2}n),train,train,1,114,64,14,17,0
mathwriting,mathwriting/images/train_0166efe2bc0d2702.png,\hat{v}^{*},train,train,1,65,64,8,11,0
mathwriting,mathwriting/images/train_01674a19c6aae881.png,s=\sqrt{\frac{5-\sqrt{5}}{2}},train,train,1,114,64,14,29,0
mathwriting,mathwriting/images/train_01676f9091e5bd03.png,\frac{n}{2ln^{2}n},train,train,1,81,64,10,18,0
mathwriting,mathwriting/images/train_0167852424493cbb.png,\Delta E_{mol}=N_{A}h\nu,train,train,1,268,64,33,24,1
mathwriting,mathwriting/images/train_0167d14531671162.png,\sigma_{E}\frac{\sigma_{B}}{|\frac{d\langle\hat{B}\rangle}{dt}|}\ge\frac{\hbar}{2},train,train,1,129,64,16,82,0
mathwriting,mathwriting/images/train_0167eb52a4a466a1.png,(\begin{matrix}n\\ 2\end{matrix})p,train,train,1,65,64,8,34,0
mathwriting,mathwriting/images/train_01682181210e241d.png,p=\frac{2}{\lambda}\frac{\partial W}{\partial I_{1}},train,train,1,96,64,12,52,0
mathwriting,mathwriting/images/train_0168e0136b563f74.png,\frac{\Delta\hat{H}}{\Delta\hat{P}},train,train,1,64,64,8,35,0
mathwriting,mathwriting/images/train_01691d506fd587a1.png,v=\frac{q}{\sqrt{1-\frac{p-H}{2H_{m}}}},train,train,1,108,64,13,39,0
mathwriting,mathwriting/images/train_016940d6f53f18b0.png,\overline{D}f=0,train,train,1,139,64,17,15,1
mathwriting,mathwriting/images/train_01698124c96eae50.png,f=PU,train,train,1,139,64,17,4,1
mathwriting,mathwriting/images/train_016a125eea12798c.png,"U_{1}=\prod_{P|p}U_{1,P}",train,train,1,132,64,16,24,0
mathwriting,mathwriting/images/train_016a683997c1235c.png,y\notin H_{2},train,train,1,107,64,13,13,1
mathwriting,mathwriting/images/train_016aba8c64e26a53.png,w_{i}=\frac{\partial R}{\partial a_{i}},valid,train,1,86,64,10,39,0
mathwriting,mathwriting/images/train_016ac2736d6135fe.png,\eta(x)\frac{\partial w}{\partial t},train,train,1,108,64,13,36,0
mathwriting,mathwriting/images/train_016af980ea9b596c.png,\frac{e^{imt}}{(1+\frac{it\kappa}{\lambda})(1-\frac{it}{\kappa\lambda})},train,train,1,104,64,13,72,0
mathwriting,mathwriting/images/train_016afdf9b9624f91.png,\frac{1}{2}(y_{1}+y_{2})/R,train,train,1,158,64,19,26,0
mathwriting,mathwriting/images/train_016b288625f19348.png,\prod_{s\in S}(1+X_{s}),train,train,1,118,64,14,23,0
mathwriting,mathwriting/images/train_016b8f177142f1fa.png,\int[(sinx)^{3}cosx]dx,train,train,1,155,64,19,22,0
mathwriting,mathwriting/images/train_016ba3d1ed747940.png,\gamma=\frac{5}{\sqrt{5-\frac{q^{2}}{d^{2}}}},train,train,1,93,64,11,45,0
mathwriting,mathwriting/images/train_016baa7570eb1cf9.png,(i\cdot n)\hat{f}(n),train,train,1,115,64,14,20,0
mathwriting,mathwriting/images/train_016bdcbc5e172fc9.png,\xi=\sqrt{\frac{\hbar^{2}}{2m|\alpha|}},train,train,1,112,64,14,39,0
mathwriting,mathwriting/images/train_016be14e8d3dd6e1.png,\int_{-3}^{0}(3)dx,train,train,1,99,64,12,18,0
mathwriting,mathwriting/images/train_016ca5aee9d08cc6.png,\epsilon=\frac{1}{\sqrt{1-\frac{v^{5}}{w^{5}}}},train,train,1,96,64,12,47,0
mathwriting,mathwriting/images/train_016cb62dd6b62720.png,sinC=\frac{sinhc}{sinhb},train,train,1,132,64,16,24,0
mathwriting,mathwriting/images/train_016cc8ee0df6fe83.png,\frac{v^{\frac{(y-t)^{2}}{6}}}{i\sqrt{6\omega}},train,train,1,64,64,8,47,0
mathwriting,mathwriting/images/train_016cfeafd13dc0e7.png,L_{0}...L_{i-1},train,train,1,156,64,19,15,1
mathwriting,mathwriting/images/train_016d5e42217d923a.png,\frac{1}{2\pi}\frac{d(2\pi kt^{2})}{dt}=2kt,train,train,1,170,64,21,43,0
mathwriting,mathwriting/images/train_016d8f7ec4ce58f0.png,(\frac{6}{194})^{\frac{\frac{397}{5}}{86}},train,train,1,93,64,11,42,0
mathwriting,mathwriting/images/train_016daeefa01bce0e.png,|\beta_{1}\lambda_{1}+\beta_{2}\lambda_{2}|,train,train,1,183,64,22,43,0
mathwriting,mathwriting/images/train_016db17801e8ea8d.png,p=\frac{\partial L}{\partial\dot{q}},train,train,1,79,64,9,36,0
mathwriting,mathwriting/images/train_016dbd17f6f3514c.png,\frac{1}{2}(n-1),train,train,1,86,64,10,16,0
mathwriting,mathwriting/images/train_016e1bae8ebf9a97.png,59^{\frac{5}{2\sqrt{f_{B}}}}\cdot\frac{2.8}{Rl\sqrt{f_{B}}},train,train,1,107,64,13,59,0
mathwriting,mathwriting/images/train_016e1e29331024b5.png,",\frac{{F_{m}}^{\prime}-F}{{F_{m}}^{\prime}}",train,train,1,97,64,12,44,0
mathwriting,mathwriting/images/train_016e727e0a218885.png,x=\hat{X},train,train,1,109,64,13,9,1
mathwriting,mathwriting/images/train_016e815f4f4e66cd.png,\frac{\partial u}{\partial y},train,train,1,64,64,8,29,0
mathwriting,mathwriting/images/train_016eab0ea61a13d0.png,N_{i}=(\begin{matrix}8\\ i\end{matrix})i^{12},train,train,1,120,64,15,45,0
mathwriting,mathwriting/images/train_016f7b244aac30d6.png,exp(-\frac{1}{2}|\xi_{n}|^{p}),train,train,1,244,64,30,30,1
mathwriting,mathwriting/images/train_016f85f5964707ab.png,\beta\approx\omega\sqrt{LC},train,train,1,225,64,28,27,1
mathwriting,mathwriting/images/train_016fd6b1027aa011.png,\infty k\delta(s)\hat{z},train,train,1,202,64,25,24,1
mathwriting,mathwriting/images/train_016febcae37fb5b3.png,\hat{S}_{M},train,train,1,64,64,8,11,0
mathwriting,mathwriting/images/train_0170105b836f6f3a.png,M_{W}=\frac{v|g|}{2},train,train,1,96,64,12,20,0
mathwriting,mathwriting/images/train_017066fa4f89faf4.png,\frac{2h\alpha}{ce^{2}},train,train,1,64,64,8,23,0
mathwriting,mathwriting/images/train_0170699118f0deb5.png,\int_{0}^{x}cos(1/t)dt,train,train,1,125,64,15,22,0
mathwriting,mathwriting/images/train_0170a01859e12653.png,\frac{d}{dx}x,train,train,1,66,64,8,13,0
mathwriting,mathwriting/images/train_0170d8b9b350f55c.png,\alpha\in\tilde{P}_{i},train,train,1,111,64,13,22,0
mathwriting,mathwriting/images/train_0171e134f8641e20.png,\int_{1}^{\infty}\frac{dx}{x},train,train,1,115,64,14,29,0
mathwriting,mathwriting/images/train_01723ed16025a3e1.png,\frac{24/\sqrt{3}}{{\sqrt{169}^{98}}^{5}},train,train,1,64,64,8,41,0
mathwriting,mathwriting/images/train_0172466150d50b6e.png,Z=[\begin{matrix}X_{i}&Y_{-i}\end{matrix}],train,train,1,183,64,22,42,0
mathwriting,mathwriting/images/train_0173adeccb6c17ed.png,1>c>0,train,train,1,186,64,23,5,1
mathwriting,mathwriting/images/train_0173be1a1eda0a35.png,\frac{dx}{dt},train,train,1,64,64,8,13,0
mathwriting,mathwriting/images/train_017404edd77ac43d.png,806^{806^{806^{806^{806^{807}}}}},train,train,1,118,64,14,33,0
mathwriting,mathwriting/images/train_01747b6e07c5d4e3.png,\sqrt{s}\cdot\sqrt{s}=s,train,train,1,188,64,23,23,1
mathwriting,mathwriting/images/train_0174c76c39d3453f.png,(\begin{matrix}x\\ k\end{matrix}),train,train,1,64,64,8,33,0
mathwriting,mathwriting/images/train_0174fa11eebaf35f.png,1-\frac{E(X)^{2}}{E(X^{2})},train,train,1,87,64,10,27,0
mathwriting,mathwriting/images/train_0174fad74c8d524b.png,-j\frac{1}{\sqrt{2}},train,train,1,75,64,9,20,0
mathwriting,mathwriting/images/train_01751ea13ceb1817.png,C(X)>X^{0.332},train,train,1,206,64,25,14,1
mathwriting,mathwriting/images/train_01755d63acf6f234.png,\frac{df}{dz}=f,train,train,1,83,64,10,15,0
mathwriting,mathwriting/images/train_0175a72f7617f571.png,"\sigma_{E}=\infty,\sigma_{t}=0",train,train,1,235,64,29,30,0
mathwriting,mathwriting/images/train_0175e673ccbfe159.png,C_{m}=1+C_{a},train,train,1,300,64,37,13,1
mathwriting,mathwriting/images/train_01766a25ba561394.png,\frac{4\zeta m}{\sqrt{1-\frac{0m}{vu^{0}}}},train,train,1,69,64,8,43,0
mathwriting,mathwriting/images/train_01773f5053e4bd0b.png,+++,train,train,1,100,64,12,3,1
mathwriting,mathwriting/images/train_01776cc2dd74c982.png,{(w^{j})}^{1},train,train,1,94,64,11,13,0
mathwriting,mathwriting/images/train_0177870d7849bd14.png,b_{j}=\int fv_{j}dx,train,train,1,106,64,13,19,0
mathwriting,mathwriting/images/train_0177d41a07910539.png,d_{r}=\frac{w}{h^{2}}\times110.8,train,train,1,158,64,19,32,0
mathwriting,mathwriting/images/train_0177da2c8ecdd2b4.png,\hat{p}_{o},train,train,1,64,64,8,11,0
mathwriting,mathwriting/images/train_0177f22d98f16235.png,"k_{1},...,k_{d}\in",train,train,1,182,64,22,18,1
mathwriting,mathwriting/images/train_0177f8a58304a3d4.png,Z[J_{ij}]\sim e^{-\beta J_{ij}},train,train,1,193,64,24,31,0
mathwriting,mathwriting/images/train_01785a0146102abc.png,\phi=u^{-1}\pi^{*}\overline{\phi},train,train,1,178,64,22,33,0
mathwriting,mathwriting/images/train_01785c63bc25906f.png,f(r)=\frac{\partial\rho(r)}{\partial N},train,train,1,111,64,13,39,0
mathwriting,mathwriting/images/train_01788d0cef5a5d69.png,\frac{K(t)}{Y(t)}=k(t)^{1-\alpha},train,train,1,132,64,16,33,0
mathwriting,mathwriting/images/train_01790f6b5d35776e.png,(6^{224}\cdot383^{5}),train,train,1,123,64,15,21,0
mathwriting,mathwriting/images/train_017968a3a9f8289d.png,{X^{u}}^{5},train,train,1,91,64,11,11,1
mathwriting,mathwriting/images/train_017a1302b71c08e5.png,\nabla^{2}f(x)-mI,train,train,1,197,64,24,17,1
mathwriting,mathwriting/images/train_017a34f728aee1bc.png,z=\frac{z_{A}}{\sqrt{8-\frac{8}{c^{2}}z_{A}^{2}}},train,train,1,99,64,12,49,0
mathwriting,mathwriting/images/train_017ac7d284444030.png,(\begin{matrix}x&y\end{matrix}),train,train,1,116,64,14,31,0
mathwriting,mathwriting/images/train_017b1655f985a343.png,[-P^{T}|I_{n-k}],train,train,1,150,64,18,16,1
mathwriting,mathwriting/images/train_017b20e683a028ef.png,\frac{(419\cdot319)}{(278\cdot186)^{11}},train,train,1,82,64,10,40,0
mathwriting,mathwriting/images/train_017c26b12d9eb8b9.png,\frac{\frac{10^{265}}{\sqrt{6}}}{1^{9}},train,train,1,64,64,8,39,0
mathwriting,mathwriting/images/train_017c44914e72b126.png,7^{189}+3-8,train,train,1,160,64,20,11,1
mathwriting,mathwriting/images/train_017c76302eb5a849.png,\int udu,train,train,1,64,64,8,8,1
mathwriting,mathwriting/images/train_017dde2a2494077b.png,\mathbb{B},train,train,1,69,64,8,10,0
mathwriting,mathwriting/images/train_017f2518ce39bae9.png,4-145^{\frac{\sqrt{335}}{1}},train,train,1,141,64,17,28,0
mathwriting,mathwriting/images/train_017f4cedf345d7ce.png,r_{s}=(3/(4\pi n))^{1/3},train,train,1,185,64,23,24,0
mathwriting,mathwriting/images/train_017fc7d88c19e6f7.png,\frac{z}{y}=kd,train,train,1,94,64,11,14,0
mathwriting,mathwriting/images/train_017fc817c40d977b.png,2((\begin{matrix}n\\ 1\end{matrix})+(\begin{matrix}n\\ 2\end{matrix})+(\begin{matrix}n\\ 3\end{matrix})),valid,train,1,204,64,25,104,0
mathwriting,mathwriting/images/train_0180398826b27419.png,f_{m}=(\frac{v}{v+v_{s}})f_{s},train,train,1,149,64,18,30,0
mathwriting,mathwriting/images/train_0180db79b21160fa.png,D(f)=[\begin{matrix}0\\ 0\end{matrix}],train,train,1,142,64,17,38,0
mathwriting,mathwriting/images/train_01811450042a1c04.png,q=-kA\frac{dT}{dx},train,train,1,127,64,15,18,0
mathwriting,mathwriting/images/train_018130fe11e6b89b.png,ord_{V_{i}}(s),train,train,1,174,64,21,14,1
mathwriting,mathwriting/images/train_01813c372a152c1e.png,\alpha_{c}=\frac{1-\sqrt{1-4c}}{2},train,train,1,151,64,18,34,0
mathwriting,mathwriting/images/train_01816a584c340e9f.png,((387+\sqrt{261})+\frac{\frac{8}{7}}{\sqrt{8}}),train,train,1,156,64,19,47,0
mathwriting,mathwriting/images/train_0181b96065df89b6.png,"(\rho^{\prime},\theta^{\prime})",train,train,1,75,64,9,31,0
mathwriting,mathwriting/images/train_018261aa16459dd0.png,a\notin w,train,train,1,105,64,13,9,1
mathwriting,mathwriting/images/train_018269b3dcb02337.png,e_{2}=\sum_{i<j}X_{i}X_{j},train,train,1,155,64,19,26,0
mathwriting,mathwriting/images/train_0182bef2840c6225.png,(\begin{matrix}n+1\\ k\end{matrix}),train,train,1,82,64,10,35,0
mathwriting,mathwriting/images/train_0182f220fc2be451.png,\Omega_{u}^{\phi},train,train,1,89,64,11,17,0
mathwriting,mathwriting/images/train_0183d42fe8da598f.png,\frac{r-t}{d},train,train,1,67,64,8,13,0
mathwriting,mathwriting/images/train_0184526868aa528e.png,(\frac{4}{7}-9)^{204\cdot\sqrt{5}},train,train,1,129,64,16,34,0
mathwriting,mathwriting/images/train_0184a45dec5dff19.png,f_{n}(x)=\frac{sin(n^{2}x)}{n},train,train,1,182,64,22,30,0
mathwriting,mathwriting/images/train_0184ace435b3c663.png,\sigma=\frac{\sqrt{Ns_{2}-s_{1}^{2}}}{N},train,train,1,140,64,17,40,0
mathwriting,mathwriting/images/train_018513197ad4e58d.png,"E(m)=(g^{r},m\cdot h^{r})",train,train,1,165,64,20,25,0
mathwriting,mathwriting/images/train_01859a811f2541ff.png,\gamma_{m}^{j},train,train,1,83,64,10,14,0
mathwriting,mathwriting/images/train_0185b4a4d17f6e4c.png,\rho(x)=\frac{e^{\cdot\frac{x^{9}}{9}}}{\sqrt{9\psi}},train,train,1,92,64,11,53,0
mathwriting,mathwriting/images/train_0185be8d4a3cb00b.png,\int_{-2}^{6}\frac{dx}{x},train,train,1,70,64,8,25,0
mathwriting,mathwriting/images/train_0186034a1ac90993.png,O(nH_{k}(T))+o(n),train,train,1,231,64,28,17,1
mathwriting,mathwriting/images/train_018610765dd1eaf1.png,\hat{x}=i\hbar\frac{d}{dp},train,train,1,101,64,12,26,0
mathwriting,mathwriting/images/train_0186365ae74ea744.png,k\equiv\frac{R}{2},train,train,1,115,64,14,18,0
mathwriting,mathwriting/images/train_01863c8cef65467d.png,\int_{-N}^{N}e^{x}dx,train,train,1,107,64,13,20,0
mathwriting,mathwriting/images/train_018732b7123d7f04.png,(\frac{4}{\sqrt{4}}+\frac{405}{\sqrt{201}}),train,train,1,119,64,14,43,0
mathwriting,mathwriting/images/train_018795acea8a9c48.png,\int_{\theta=0}^{\frac{\pi}{2}}\int_{x=0}^{m(\theta)}\frac{4}{t\pi}dxd\theta,train,train,1,165,64,20,76,0
mathwriting,mathwriting/images/train_0187b158e2038275.png,(\begin{matrix}I&M\\ 0&I\end{matrix}),train,train,1,93,64,11,37,0
mathwriting,mathwriting/images/train_01883a953c133bac.png,\pi(n)\sim\frac{n}{logn},train,train,1,120,64,15,24,0
mathwriting,mathwriting/images/train_0188b52357fbf216.png,g_{(x_{1})},train,train,1,110,64,13,11,1
mathwriting,mathwriting/images/train_0188ce5258e5e922.png,\tilde{\Gamma},train,train,1,64,64,8,14,0
mathwriting,mathwriting/images/train_0188cfa553abc2cb.png,v_{g}=\frac{1}{\frac{1}{v_{g_{9}}}+\frac{bt}{f}},train,train,1,95,64,11,48,0
mathwriting,mathwriting/images/train_018900e121c3edc3.png,CR=\frac{V_{1}}{V_{2}},train,train,1,122,64,15,22,0
mathwriting,mathwriting/images/train_0189ec541abf206b.png,\frac{x^{x}}{e^{x}},train,train,1,64,64,8,19,0
mathwriting,mathwriting/images/train_018a814936b1812f.png,A=4A_{0}=\sqrt{3}a^{2},train,train,1,209,64,26,22,1
mathwriting,mathwriting/images/train_018b5381861317c2.png,(\frac{1}{425})^{\frac{5}{2}},train,train,1,80,64,10,29,0
mathwriting,mathwriting/images/train_018bf7c4fe8e851a.png,h=\frac{(f-4)(f-3)}{12},train,train,1,159,64,19,23,0
mathwriting,mathwriting/images/train_018c80c3dc375eb3.png,\frac{(1\cdot\sqrt{5})}{280-9^{398}},train,train,1,92,64,11,36,0
mathwriting,mathwriting/images/train_018cd199d9d982ad.png,\tilde{\nu}=\tilde{\nu}_{vib}\pm BJ(J+1),train,train,1,231,64,28,40,0
mathwriting,mathwriting/images/train_018cd2d904174062.png,\frac{1+\frac{n}{c}cos\iota_{s}}{\sqrt{1\cdot\frac{n^{3}}{c^{3}}}},train,train,1,101,64,12,66,0
mathwriting,mathwriting/images/train_018dc4cf9fddbb57.png,"M_{t}=p(W_{t},t)",train,train,1,155,64,19,16,1
mathwriting,mathwriting/images/train_018dd1a6412614a7.png,b_{1}-d=(3/5)b_{1},train,train,1,169,64,21,18,1
mathwriting,mathwriting/images/train_018e221a4a0deb1d.png,||f||_{1}=\int|f|d\mu,train,train,1,154,64,19,21,0
mathwriting,mathwriting/images/train_018e54676e82f493.png,Y=-jB_{L}=\frac{-j}{\omega L},train,train,1,164,64,20,29,0
mathwriting,mathwriting/images/train_018ec33e6a0b3d80.png,(\begin{matrix}0&i\\ i&0\end{matrix}),train,train,1,80,64,10,37,0
mathwriting,mathwriting/images/train_018ec3ccdcbb6020.png,[n+t]=n+[t],train,train,1,250,64,31,11,1
mathwriting,mathwriting/images/train_018ec7dad37994c2.png,\tilde{E}_{6},train,train,1,64,64,8,13,0
mathwriting,mathwriting/images/train_018ec8698d6b3c0c.png,vt_{p-r}=\frac{v^{2}}{2\mu g},train,train,1,98,64,12,29,0
mathwriting,mathwriting/images/train_018f1309362aad81.png,\frac{ssin(\phi)+\omega cos(\phi)}{s^{2}+\omega^{2}},train,train,1,145,64,18,52,0
mathwriting,mathwriting/images/train_018f9d5e678ae9b1.png,\frac{\partial^{2}z}{\partial x\partial y},train,train,1,82,64,10,42,0
mathwriting,mathwriting/images/train_018fa1271952217c.png,(\begin{matrix}1&d\\ 0&1\end{matrix}),train,train,1,70,64,8,37,0
mathwriting,mathwriting/images/train_018fce9672714a5d.png,\xi=log(\sqrt{x^{2}+y^{2}}),train,train,1,209,64,26,27,0
mathwriting,mathwriting/images/train_01904d45e0d5b606.png,z\notin S,train,train,1,125,64,15,9,1
mathwriting,mathwriting/images/train_01907756e47834a0.png,\frac{dx}{dt}=\dot{x},train,train,1,112,64,14,21,0
mathwriting,mathwriting/images/train_019141740c06bd92.png,\frac{1}{4g^{2}}\int Tr[*F\wedge F],train,train,1,137,64,17,35,0
mathwriting,mathwriting/images/train_019158a9616470da.png,(\begin{matrix}d\\ k\end{matrix}),train,train,1,64,64,8,33,0
mathwriting,mathwriting/images/train_0191ae3d6d20bec8.png,"(+,-)",train,train,1,99,64,12,5,1
mathwriting,mathwriting/images/train_0191bf65bf809239.png,"\omega,\phi\rightarrow\pi^{0}e^{+}e^{-}",train,train,1,194,64,24,39,0
mathwriting,mathwriting/images/train_019255fe9c291b0e.png,I=\int r^{2}dm,train,train,1,130,64,16,14,1
mathwriting,mathwriting/images/train_0192c45b8fbb098f.png,t\{\begin{matrix}4\\ 3\end{matrix}\},train,train,1,82,64,10,36,0
mathwriting,mathwriting/images/train_01938fb593bb0366.png,g(x)=-2x^{2}+5,train,train,1,161,64,20,14,1
mathwriting,mathwriting/images/train_0193cd12476d72c7.png,\tilde{D}_{\eta},train,train,1,64,64,8,16,0
mathwriting,mathwriting/images/train_019417652ce970e5.png,F=\frac{q_{1}q_{2}}{4\pi\epsilon_{0}\epsilon_{R}|r|^{2}}\hat{r},train,train,1,151,64,18,63,0
mathwriting,mathwriting/images/train_019448af8366f1ef.png,H=\frac{\delta^{*}}{\theta},train,train,1,75,64,9,27,0
mathwriting,mathwriting/images/train_01948a774262fea7.png,\langle\overline{z}\rangle=\frac{I_{1}(\kappa)}{I_{0}(\kappa)}e^{i\mu},train,train,1,139,64,17,70,0
mathwriting,mathwriting/images/train_0194a06e79c049f1.png,e=[\begin{matrix}a_{1}e^{i\theta_{1}}\\ a_{2}e^{i\theta_{2}}\end{matrix}],train,train,1,142,64,17,73,0
mathwriting,mathwriting/images/train_019540fbe5b7a5a7.png,"(M,F)",train,train,1,123,64,15,5,1
mathwriting,mathwriting/images/train_0195449650fbeea0.png,2+15\sqrt{\frac{2}{17}},train,train,1,140,64,17,23,0
mathwriting,mathwriting/images/train_01956cffcccd4510.png,"p(n,m,X;x)",train,train,1,238,64,29,10,1
mathwriting,mathwriting/images/train_0195eb31003194a5.png,v^{*}=\frac{\lambda_{0}}{2}\overline{f},train,train,1,127,64,15,39,0
mathwriting,mathwriting/images/train_01960fc279b2ba22.png,L(H)+L(F|H),train,train,1,205,64,25,11,1
mathwriting,mathwriting/images/train_019644a93de4455e.png,\phi_{0}=[\begin{matrix}1\\ 0\end{matrix}],train,train,1,105,64,13,42,0
mathwriting,mathwriting/images/train_019686d60d48920c.png,[\begin{matrix}0&1\\ -1&0\end{matrix}],train,train,1,87,64,10,38,0
mathwriting,mathwriting/images/train_0196d5a84aebcd7c.png,f(x):=\int_{0}^{x}\omega,train,train,1,134,64,16,24,0
mathwriting,mathwriting/images/train_01970884aa333fc3.png,k=\frac{\lambda}{1+\lambda},train,train,1,106,64,13,27,0
mathwriting,mathwriting/images/train_01971fddffe9fe71.png,I_{2}=\int f(\theta)d^{3}x,train,train,1,146,64,18,26,0
mathwriting,mathwriting/images/train_01974170abe286d0.png,\frac{\partial\xi}{\partial x}>0,train,train,1,106,64,13,32,0
mathwriting,mathwriting/images/train_0197811e711a0dd9.png,Cut_{2},train,train,1,95,64,11,7,1
mathwriting,mathwriting/images/train_01979ead5a85767c.png,p=h\tilde{\nu},train,train,1,85,64,10,14,0
mathwriting,mathwriting/images/train_0197a877bc6b8a81.png,C_{*}(\tilde{X}),train,train,1,121,64,15,16,0
mathwriting,mathwriting/images/train_0197c66fd53fda76.png,\frac{dC}{dt}=0,train,train,1,69,64,8,15,0
mathwriting,mathwriting/images/train_0197dc3421636cb2.png,c(\theta)=c_{root}sin(\theta),train,train,1,252,64,31,29,1
mathwriting,mathwriting/images/train_0197efe546229010.png,\overline{OC},train,train,1,88,64,11,13,0
mathwriting,mathwriting/images/train_0198951296d5ce9d.png,t=\frac{0}{\sqrt{0+\frac{u^{2}}{c^{2}}}}\kappa,train,train,1,111,64,13,46,0
mathwriting,mathwriting/images/train_0198a29e61ce059f.png,\int_{-N}^{N}f(x)dx,train,train,1,119,64,14,19,0
mathwriting,mathwriting/images/train_0198c09aca2ab725.png,{{\sqrt{186}^{188}}^{10}}^{287-7},train,train,1,101,64,12,33,0
mathwriting,mathwriting/images/train_0199136f8799e247.png,2gq^{1/2}=2g\sqrt{q},train,train,1,134,64,16,20,0
mathwriting,mathwriting/images/train_019914eba5fce9f7.png,\tilde{A}_{1},train,train,1,64,64,8,13,0
mathwriting,mathwriting/images/train_019959b577ee795d.png,\sqrt{10^{9}},train,train,1,71,64,8,13,0
mathwriting,mathwriting/images/train_019960dd6facc4f0.png,T(n)=T(\sqrt{n}),train,train,1,214,64,26,16,1
mathwriting,mathwriting/images/train_0199b9a7d6d625c3.png,(\begin{matrix}0\\ 1\end{matrix}),valid,train,1,64,64,8,33,0
mathwriting,mathwriting/images/train_0199e55e4177e012.png,P_{r}=\frac{e^{-\beta E_{r}}}{Z},train,train,1,82,64,10,32,0
mathwriting,mathwriting/images/train_019a21966d92f25a.png,{(303/469)^{2}}^{\frac{9}{3}},train,train,1,89,64,11,29,0
mathwriting,mathwriting/images/train_019a7849955f8140.png,\vartheta(n)=\frac{1}{\sqrt{1-\frac{n^{7}}{c^{7}}}},train,train,1,86,64,10,51,0
mathwriting,mathwriting/images/train_019a80e179e51e4e.png,\Lambda(e^{\prime})=\{\epsilon\}\cap L(e^{\prime}),train,train,1,245,64,30,50,0
mathwriting,mathwriting/images/train_019a8280693d73fe.png,p=\frac{\frac{n}{2}+1}{n+1}\approx1+\frac{1}{n},train,train,1,171,64,21,47,0
mathwriting,mathwriting/images/train_019a90f922bc21da.png,\hat{x}^{o},train,train,1,64,64,8,11,0
mathwriting,mathwriting/images/train_019ab4ca4bcdce60.png,\frac{5\cdot140}{4}-7^{357},train,train,1,140,64,17,27,0
mathwriting,mathwriting/images/train_019ab79954621234.png,O(n!),train,train,1,105,64,13,5,1
mathwriting,mathwriting/images/train_019aecfe292e161a.png,"(1,4,9,...,100)",train,train,1,186,64,23,15,1
mathwriting,mathwriting/images/train_019afa45f8bcdf44.png,(\begin{matrix}1&0\\ 0&0\end{matrix}),train,train,1,89,64,11,37,0
mathwriting,mathwriting/images/train_019b196c90795522.png,f^{-\frac{(A-K)^{2}}{2{(p_{A})}^{2}}},train,train,1,95,64,11,37,0
mathwriting,mathwriting/images/train_019b21062ffbc608.png,\int f=1,train,train,1,95,64,11,8,1
mathwriting,mathwriting/images/train_019b300115130686.png,q_{out}=\frac{A_{s}q_{in}+B_{s}}{C_{s}q_{in}+D_{s}},train,train,1,137,64,17,51,0
mathwriting,mathwriting/images/train_019b6bb9165c0c70.png,r_{1}=\infty,train,train,1,190,64,23,12,1
mathwriting,mathwriting/images/train_019bdbaf448f98c5.png,\frac{x}{r^{2}-z^{2}},train,train,1,100,64,12,21,0
mathwriting,mathwriting/images/train_019be440703fd56f.png,B=\frac{3}{2}A,train,train,1,117,64,14,14,1
mathwriting,mathwriting/images/train_019be75c435c62a5.png,a=\sqrt[3]{\mu(\frac{P}{2\pi})^{2}},train,train,1,127,64,15,35,0
mathwriting,mathwriting/images/train_019c1ebe7df5e841.png,E||\theta-\hat{\theta}||^{2},train,train,1,181,64,22,28,0
mathwriting,mathwriting/images/train_019c2954f6c1ea73.png,\hat{R_{j}f}(t)=\frac{it_{j}}{|t|}\hat{f}(t),train,train,1,171,64,21,44,0
mathwriting,mathwriting/images/train_019cf28542898d37.png,F_{ST}=\frac{f_{0}-\overline{f}}{1-\overline{f}},train,train,1,105,64,13,48,0
mathwriting,mathwriting/images/train_019d1d84491f8cdf.png,S_{2}=F\cdot(1+m),train,train,1,207,64,25,17,1
mathwriting,mathwriting/images/train_019d7513d2c5930b.png,"(\frac{2n}{3},n)",train,train,1,118,64,14,16,0
mathwriting,mathwriting/images/train_019df6cefa04427c.png,I(n):=\int_{0}^{\pi}sin^{n}(x)dx,train,train,1,186,64,23,32,0
mathwriting,mathwriting/images/train_019eb6a1e316bd25.png,\prod B_{\lambda},train,train,1,92,64,11,17,0
mathwriting,mathwriting/images/train_019ef489e6d47169.png,\psi(\omega),train,train,1,103,64,12,12,1
mathwriting,mathwriting/images/train_019ef6af0e657e3a.png,\prod X_{i},train,train,1,79,64,9,11,0
mathwriting,mathwriting/images/train_019fba1ef6ee8a88.png,E=pc=\frac{hc}{\lambda}=hf,train,train,1,194,64,24,26,0
mathwriting,mathwriting/images/train_019fd6aa2134a3ae.png,\sum_{k=1}^{n}F_{k}=\frac{m}{R}\sum_{k=1}^{n}v_{k}^{2},train,train,1,129,64,16,54,0
mathwriting,mathwriting/images/train_01a016bb87b3edff.png,(\frac{\frac{45}{4}}{101})^{320^{125}},train,train,1,76,64,9,38,0
mathwriting,mathwriting/images/train_01a043f03146f76c.png,\lambda:A\longrightarrow A^{\vee},train,train,1,175,64,21,33,0
mathwriting,mathwriting/images/train_01a04ad8afb518f2.png,y=\frac{Q}{w^{\int_{r_{1}}^{x}P(r)dr}},train,train,1,106,64,13,38,0
mathwriting,mathwriting/images/train_01a0579c8e45c47d.png,\Omega(k)=k\sqrt{gh},train,train,1,182,64,22,20,1
mathwriting,mathwriting/images/train_01a075b507452fe8.png,\frac{100}{\sqrt{5}},train,train,1,66,64,8,20,0
mathwriting,mathwriting/images/train_01a09832533e73ab.png,max_{j\ne i}b_{j}>b_{i},train,train,1,227,64,28,23,1
mathwriting,mathwriting/images/train_01a104697644c277.png,\hat{Y}^{A},train,train,1,64,64,8,11,0
mathwriting,mathwriting/images/train_01a1487c1a46ed1e.png,(\frac{135}{294})^{9/\sqrt{359}},train,train,1,100,64,12,32,0
mathwriting,mathwriting/images/train_01a1ee65134b9eb4.png,\tilde{A}_{3},train,train,1,64,64,8,13,0
mathwriting,mathwriting/images/train_01a2febc7eca34d5.png,(y_{2}-y_{1}),train,train,1,148,64,18,13,1
mathwriting,mathwriting/images/train_01a361ff24294181.png,F=\mathbb{Q}(\sqrt{3}),train,train,1,174,64,21,22,0
mathwriting,mathwriting/images/train_01a41faa02a6592d.png,\frac{\sqrt{1-\frac{v^{2}}{c^{2}}}}{1+\frac{v}{c}cos\theta_{s}},train,train,1,122,64,15,63,0
mathwriting,mathwriting/images/train_01a42d9bc6b3d733.png,t=N\tau,train,train,1,127,64,15,7,1
mathwriting,mathwriting/images/train_01a43002383790c9.png,MPL=\frac{\partial F}{\partial L},train,train,1,150,64,18,33,0
mathwriting,mathwriting/images/train_01a4fb613b92028f.png,g=\int Gdz,train,train,1,93,64,11,10,1
mathwriting,mathwriting/images/train_01a4fbee0d016c46.png,m=\prod p_{i}^{\alpha_{i}},train,train,1,145,64,18,26,0
mathwriting,mathwriting/images/train_01a50ea1699481d9.png,\Omega(x)=\frac{e^{-\frac{x^{1}}{1}}}{\sqrt{1\Lambda}},train,train,1,112,64,14,54,0
mathwriting,mathwriting/images/train_01a52912e292095e.png,T(z)=z+c\int_{0}^{1}tdt,train,train,1,151,64,18,23,0
mathwriting,mathwriting/images/train_01a56167b5a07cac.png,(\frac{\alpha}{\beta})_{m}=1,train,train,1,104,64,13,28,0
mathwriting,mathwriting/images/train_01a5d05640c3cefd.png,\hat{G}(z),train,train,1,88,64,11,10,1
mathwriting,mathwriting/images/train_01a61ac07767e1a1.png,[S\rightarrow aAbBcC],train,train,1,220,64,27,21,1
mathwriting,mathwriting/images/train_01a6232029825241.png,\int_{b}^{a}|f(x)|dx,train,train,1,106,64,13,20,0
mathwriting,mathwriting/images/train_01a637d2b59fa245.png,\omega_{c}=\frac{0}{\sqrt{V_{\frac{0}{2}}J_{\frac{0}{2}}}},train,train,1,122,64,15,58,0
mathwriting,mathwriting/images/train_01a6592bc62c3f87.png,A=\int_{0}^{a}e^{x}dx,train,train,1,114,64,14,21,0
mathwriting,mathwriting/images/train_01a6927b057ae75a.png,\frac{418^{163}}{(197^{4}\cdot10)},train,train,1,81,64,10,34,0
mathwriting,mathwriting/images/train_01a75d69b1bb5f28.png,\mathbb{L},train,train,1,64,64,8,10,0
mathwriting,mathwriting/images/train_01a7c781dccfb024.png,(\begin{matrix}p\\ 1\end{matrix}),train,train,1,68,64,8,33,0
mathwriting,mathwriting/images/train_01a81b37b855ab84.png,|\varphi^{\prime}(-r)|=\frac{1}{2\sqrt{r}},train,train,1,176,64,22,42,0
mathwriting,mathwriting/images/train_01a8239074a750a0.png,\delta\int2T(t)dt=0,train,train,1,127,64,15,19,0
mathwriting,mathwriting/images/train_01a8723570bd6e2a.png,r(\theta)=\frac{p}{1+ecos\theta},train,train,1,175,64,21,32,0
mathwriting,mathwriting/images/train_01a877d83ee2208b.png,\sqrt{\frac{\sum{R_{i}}^{5}}{n}},train,train,1,93,64,11,32,0
mathwriting,mathwriting/images/train_01a89374ce6e6667.png,q=-K\frac{\partial h}{\partial z},train,train,1,117,64,14,33,0
mathwriting,mathwriting/images/train_01a8a1776d8e03fe.png,\sqrt{6}+\sqrt{2},train,train,1,111,64,13,17,0
mathwriting,mathwriting/images/train_01a9129e8a4a8cfd.png,\frac{dy}{dx},train,train,1,80,64,10,13,0
mathwriting,mathwriting/images/train_01a93ab2bc92ee5b.png,\frac{(6/\sqrt{209})^{6}}{10^{169}},train,train,1,64,64,8,35,0
mathwriting,mathwriting/images/train_01a9521c77c174ea.png,(142+277)^{(368+1)},train,train,1,217,64,27,19,1
mathwriting,mathwriting/images/train_01a99761252796b5.png,\nabla_{\dot{\gamma}}\dot{\gamma}=\frac{\nabla\dot{\gamma}}{d\tau},train,train,1,115,64,14,66,0
mathwriting,mathwriting/images/train_01a9a8b588c5407e.png,[\begin{matrix}p&t\\ q&u\end{matrix}],train,train,1,99,64,12,37,0
mathwriting,mathwriting/images/train_01a9b3cdd970927c.png,(\begin{matrix}6\\ 3\end{matrix}),train,train,1,64,64,8,33,0
mathwriting,mathwriting/images/train_01a9cea18b9ea565.png,\frac{\partial N}{\partial R},train,train,1,64,64,8,29,0
mathwriting,mathwriting/images/train_01a9dc34a168ee2c.png,\sum_{j=0}^{d-1}(\begin{matrix}n\\ j\end{matrix})(q-1)^{j},train,train,1,107,64,13,58,0
mathwriting,mathwriting/images/train_01aa319dbeec26c9.png,\hat{S}_{M},train,train,1,64,64,8,11,0
mathwriting,mathwriting/images/train_01aad3828ca5a2e2.png,O(logn),train,train,1,146,64,18,7,1
mathwriting,mathwriting/images/train_01aad5ac77ab7f3d.png,K\in L^{2}(X\times X),train,train,1,241,64,30,21,1
mathwriting,mathwriting/images/train_01abb0001fc0ef5d.png,\int_{S}FdS,train,train,1,79,64,9,11,0
mathwriting,mathwriting/images/train_01abb62a00d79f75.png,\sum_{N=n+K-k}^{\infty}\frac{(\begin{matrix}N-n\\ K-k\end{matrix})}{(\begin{matrix}N\\ K\end{matrix})},train,train,1,101,64,12,102,0
mathwriting,mathwriting/images/train_01abcbb10f634385.png,A=C^{-1}JC,train,train,1,162,64,20,10,1
mathwriting,mathwriting/images/train_01ac57e2ebeb0158.png,exp_{a}^{p}(b)=a^{a^{\cdot^{\cdot^{a^{b}}}}},train,train,1,151,64,18,44,0
mathwriting,mathwriting/images/train_01ad7ed949aa15df.png,[\begin{matrix}s&t\\ u&v\end{matrix}],train,train,1,124,64,15,37,0
mathwriting,mathwriting/images/train_01ad7fa5e6148434.png,\hat{x}_{4}=\sum_{i=1}^{3}w_{i}x_{i},train,train,1,135,64,16,36,0
mathwriting,mathwriting/images/train_01adcf4cb6ceec52.png,\frac{1}{\sigma^{2}}\sum_{i=1}^{n}\sum_{j=1}^{n_{i}}\hat{\epsilon}_{ij}^{2},train,train,1,135,64,16,75,0
mathwriting,mathwriting/images/train_01ae1bdd986aeee3.png,p=\frac{iv}{\sqrt{6-\frac{v^{7}}{f^{7}}}},train,train,1,103,64,12,41,0
mathwriting,mathwriting/images/train_01ae3f2bf1d4d321.png,E=\frac{m+y^{7}}{\sqrt{1-\frac{|e|^{7}}{y^{7}}}},train,train,1,93,64,11,48,0
mathwriting,mathwriting/images/train_01aeba27c32bd850.png,\rho_{Q_{7}...Q_{j}}^{T_{Q_{k_{7}}...Q_{k_{l}}}},train,train,1,77,64,9,48,0
mathwriting,mathwriting/images/train_01af019352b5d73b.png,"\frac{\partial e(p,u)}{\partial p_{j}}=h_{j}(p,u)",train,train,1,125,64,15,49,0
mathwriting,mathwriting/images/train_01afc9d3a97fe090.png,\equiv M=\frac{V}{a},train,train,1,118,64,14,20,0
mathwriting,mathwriting/images/train_01b031ec4b6b5b16.png,y^{\prime}=\frac{dy}{dx}=2x,train,train,1,161,64,20,27,0
mathwriting,mathwriting/images/train_01b050e6f8d884be.png,4^{4^{+^{+^{+^{n}}}}},train,train,1,67,64,8,21,0
mathwriting,mathwriting/images/train_01b052ba4427f0c6.png,h_{n}=g_{n_{1}}g_{n_{2}}\cdot\cdot\cdot g_{n_{t}},train,train,1,192,64,24,49,0
mathwriting,mathwriting/images/train_01b05773f0a2f4e1.png,\mu_{1}=arcsin(\frac{1}{M_{1}}),train,train,1,121,64,15,31,0
mathwriting,mathwriting/images/train_01b074e70e1fe286.png,\tilde{X},train,train,1,64,64,8,9,0
mathwriting,mathwriting/images/train_01b0b3383497bb9f.png,\begin{matrix}2&2\end{matrix},train,train,1,157,64,19,29,0
mathwriting,mathwriting/images/train_01b0dff0d0f61776.png,\tilde{O}(log(n)^{7.5}),valid,train,1,152,64,19,23,0
mathwriting,mathwriting/images/train_01b0e66958e7c395.png,((\begin{matrix}2n-2\\ n-1\end{matrix})/n!)^{2},train,train,1,168,64,21,47,0
mathwriting,mathwriting/images/train_01b13024115da056.png,(\begin{matrix}0&1\\ -1&0\\ \end{matrix}),valid,train,1,83,64,10,41,0
mathwriting,mathwriting/images/train_01b186c9178b3daa.png,H\ge T^{\frac{27}{82}+\epsilon},train,train,1,188,64,23,31,0
mathwriting,mathwriting/images/train_01b2682cba4b07f4.png,\overline{x}_{w}=\sum_{h=1}^{H}W_{h}\overline{x}_{h},train,train,1,136,64,17,52,0
mathwriting,mathwriting/images/train_01b2d3be900ea49e.png,x^{2}+y^{2}+z^{2}=R^{2},train,train,1,187,64,23,23,1
mathwriting,mathwriting/images/train_01b3370c806d2ee9.png,\int_{a}^{b}...,train,train,1,64,64,8,15,0
mathwriting,mathwriting/images/train_01b3c32861292ee7.png,\frac{du}{dx}=6,train,train,1,92,64,11,15,0
mathwriting,mathwriting/images/train_01b433889996a464.png,z=\sqrt{2logx+C},train,train,1,137,64,17,16,1
mathwriting,mathwriting/images/train_01b45edb64a46307.png,(\begin{matrix}p\\ r\end{matrix}),train,train,1,64,64,8,33,0
mathwriting,mathwriting/images/train_01b469de35336655.png,(\begin{matrix}1&-1\\ 1&0\end{matrix}),train,train,1,136,64,17,38,0
mathwriting,mathwriting/images/train_01b4caa591c37627.png,\overline{hv^{2}}+\frac{1}{2}k_{ap}g_{z}h^{2},train,train,1,188,64,23,45,0
mathwriting,mathwriting/images/train_01b50e208fdceba7.png,\rho<\sigma\frac{\sigma+\beta+3}{\sigma-\beta-1},train,train,1,107,64,13,48,0
mathwriting,mathwriting/images/train_01b54e7d7069573a.png,((107\cdot51)^{155}\cdot(1+8)),train,train,1,109,64,13,30,0
mathwriting,mathwriting/images/train_01b5c22e8ecb9949.png,\frac{dy}{dx}=1/4,train,train,1,84,64,10,17,0
mathwriting,mathwriting/images/train_01b5d428344d13c7.png,"\underline{Z},\underline{p}",train,train,1,104,64,13,27,0
mathwriting,mathwriting/images/train_01b5e2b9cd47c157.png,\int_{-\infty}^{\infty},train,train,1,64,64,8,23,0
mathwriting,mathwriting/images/train_01b68587f218cd28.png,[f]=::[\begin{matrix}a&b\\ c&d\end{matrix}],valid,train,1,141,64,17,43,0
mathwriting,mathwriting/images/train_01b7278a6cf7aad5.png,(429^{8}\cdot(\sqrt{417}-236)),train,train,1,226,64,28,30,0
mathwriting,mathwriting/images/train_01b76bd9116f03cc.png,"2,3,2^{t},3^{t}",train,train,1,204,64,25,15,1
mathwriting,mathwriting/images/train_01b78505f176f022.png,(\begin{matrix}7\\ 5\end{matrix}),train,train,1,80,64,10,33,0
mathwriting,mathwriting/images/valid_00000b332dcd6fe5.png,(\begin{matrix}j\\ m+1\end{matrix}),valid,valid,1,84,64,10,35,0
mathwriting,mathwriting/images/valid_000453d57c3d334d.png,\int_{E}f(x)\mu(dx),valid,valid,1,158,64,19,19,1
mathwriting,mathwriting/images/valid_0005d0be8e507b24.png,\overline{z}=1-i\sqrt{\nu},valid,valid,1,168,64,21,26,0
mathwriting,mathwriting/images/valid_0005ea8e21185d36.png,S=\int_{M}BF,valid,valid,1,117,64,14,12,1
mathwriting,mathwriting/images/valid_00061be0501a1fa8.png,Q:=\bigcup_{\sigma\in\sigma(T_{0})}Q_{\sigma},valid,valid,1,142,64,17,45,0
mathwriting,mathwriting/images/valid_0013be3abc070fb7.png,\frac{1}{\sqrt{d}_{u}},valid,valid,1,64,64,8,22,0
mathwriting,mathwriting/images/valid_00146a32fdab9e8e.png,\frac{d^{2}x}{dt^{2}},valid,valid,1,68,64,8,21,0
mathwriting,mathwriting/images/valid_00184588166a4dac.png,\frac{dP}{d\tau},valid,valid,1,64,64,8,16,0
mathwriting,mathwriting/images/valid_0019bb8e97507f8e.png,\int x\cdot dx,valid,valid,1,110,64,13,14,0
mathwriting,mathwriting/images/valid_001f0c3d8940f546.png,\frac{dC_{U}}{dC_{W}},valid,valid,1,81,64,10,21,0
mathwriting,mathwriting/images/valid_001f0f96215e2d84.png,\tilde{C}_{8},valid,valid,1,64,64,8,13,0
mathwriting,mathwriting/images/valid_00235ec3dee919dd.png,\int_{0}^{\infty}\frac{sin(x)}{x}dx,valid,valid,1,154,64,19,35,0
mathwriting,mathwriting/images/valid_0023e88388577dc1.png,V=(\begin{matrix}0&1\\ 1&0\end{matrix}),valid,valid,1,120,64,15,39,0
mathwriting,mathwriting/images/valid_00245713d08b4f1a.png,R=\int_{0}^{\tau}X(s)ds,valid,valid,1,161,64,20,23,0
mathwriting,mathwriting/images/valid_00253e181f0200ab.png,T=(\begin{matrix}1&0\\ 1&0\end{matrix}),valid,valid,1,126,64,15,39,0
mathwriting,mathwriting/images/valid_0025484cf71c8ab7.png,F,valid,valid,1,64,64,8,1,1
mathwriting,mathwriting/images/valid_002651244bc93554.png,\int_{A}P_{A}dA=1,valid,valid,1,115,64,14,17,0
mathwriting,mathwriting/images/valid_002b6a98000765fb.png,"\frac{\partial\varphi}{\partial t}(x,t)=F(\varphi).",valid,valid,1,173,64,21,51,0
mathwriting,mathwriting/images/valid_002c168eb422aab9.png,10^{-12}W/\sqrt{Hz},valid,valid,1,162,64,20,19,1
mathwriting,mathwriting/images/valid_003169384315282b.png,\int x^{s}\phi(x)dx,valid,valid,1,124,64,15,19,0
mathwriting,mathwriting/images/valid_003921302c543b2c.png,\frac{d^{2}u}{dx^{2}}-u=0,valid,valid,1,134,64,16,25,0
mathwriting,mathwriting/images/valid_0040a950663bd899.png,pz\overline{z}+gz+\overline{gz}=q,valid,valid,1,114,64,14,33,0
mathwriting,mathwriting/images/valid_004466873ec97648.png,o_{n}(R),valid,valid,1,153,64,19,8,1
mathwriting,mathwriting/images/valid_0047f70eafca2534.png,[\begin{matrix}a\\ b\\ c\end{matrix}],valid,valid,1,64,64,8,37,0
mathwriting,mathwriting/images/valid_00622d73c8739bd8.png,[\begin{matrix}A&U\\ V&C\end{matrix}],valid,valid,1,76,64,9,37,0
mathwriting,mathwriting/images/valid_006631d6baa51d31.png,V=|a\cdot(b\times c)|,valid,valid,1,203,64,25,21,1
mathwriting,mathwriting/images/valid_0067440924b60b2b.png,[g^{ij}]=\frac{1}{g}\frac{\partial g}{\partial g_{ij}},valid,valid,1,128,64,16,54,0
mathwriting,mathwriting/images/valid_0068bc1f523b42d8.png,"P(e^{\prime})=\{a_{1},b_{4}\}",valid,valid,1,161,64,20,29,0
mathwriting,mathwriting/images/valid_006b9bfab1127fac.png,X\frac{d}{dX},valid,valid,1,70,64,8,13,0
mathwriting,mathwriting/images/valid_006fb32b84a99137.png,[\begin{matrix}1&1\\ 0&1\end{matrix}],valid,valid,1,91,64,11,37,0
mathwriting,mathwriting/images/valid_0075591d8b2ba4d2.png,F_{x}[f(x)],valid,valid,1,168,64,21,11,1
mathwriting,mathwriting/images/valid_007a46e2dd19428e.png,4^{-N}(\begin{matrix}2N\\ N\end{matrix})\approx\frac{1}{\sqrt{\pi N}},valid,valid,1,136,64,17,69,0
mathwriting,mathwriting/images/valid_007a639f47c479d0.png,\sqrt[3]{z},valid,valid,1,76,64,9,11,0
mathwriting,mathwriting/images/valid_008004981b5b3ee1.png,\tilde{E}=E\times\mathbb{Z}_{n},valid,valid,1,214,64,26,31,0
mathwriting,mathwriting/images/valid_008d3f60da3e972b.png,(\begin{matrix}n+1\\ 3\end{matrix})+1,valid,valid,1,104,64,13,37,0
mathwriting,mathwriting/images/valid_008f588f1c25ce16.png,v_{y}\sqrt{v_{x}^{2}+v_{y}^{2}},valid,valid,1,134,64,16,31,0
mathwriting,mathwriting/images/valid_009183c575123315.png,\prod_{i=1}^{n},valid,valid,1,64,64,8,15,0
mathwriting,mathwriting/images/valid_00997a3afd226540.png,r=a-|n|\lfloor\frac{a}{|n|}\rfloor,valid,valid,1,153,64,19,34,0
mathwriting,mathwriting/images/valid_009f7b727b467490.png,\frac{\pi}{2}(i-1)\le v_{i}<\frac{\pi}{2}i,valid,valid,1,242,64,30,42,0
mathwriting,mathwriting/images/valid_009fc6849e2b7909.png,|\omega_{i}|=q^{1/2},valid,valid,1,114,64,14,20,0
mathwriting,mathwriting/images/valid_00a32b900a4aa32f.png,(\begin{matrix}0\\ 1\end{matrix}),valid,valid,1,64,64,8,33,0
mathwriting,mathwriting/images/valid_00a58f479a9d95b9.png,S_{0}+h\nu_{ex}\rightarrow S_{1},valid,valid,1,175,64,21,32,0
mathwriting,mathwriting/images/valid_00ac5cd85e462376.png,\forall u(wR_{i}u\Rightarrow u\Vdash A),valid,valid,1,260,64,32,39,0
mathwriting,mathwriting/images/valid_00b2a1efdeae0ced.png,"H_{n}(\underline{q},\underline{x})",valid,valid,1,125,64,15,34,0
mathwriting,mathwriting/images/valid_00b2ce18a5aa30a6.png,"\sum_{i=1}^{k}\sum_{w\in V}f_{i}(s_{i},w)",valid,valid,1,149,64,18,41,0
mathwriting,mathwriting/images/valid_00b45d3bd1d56ead.png,\int v_{i}dm,valid,valid,1,83,64,10,12,0
mathwriting,mathwriting/images/valid_00c22b6f5407cf2d.png,"K_{h_{\lambda}}(X_{0},X)",valid,valid,1,177,64,22,24,0
mathwriting,mathwriting/images/valid_00c4f34b460c7933.png,\hat{f}(k),valid,valid,1,89,64,11,10,1
mathwriting,mathwriting/images/valid_00c94cb75d8df0bf.png,"\int^{c\in C}F(c,c)",valid,valid,1,154,64,19,19,1
mathwriting,mathwriting/images/valid_00d3c94d3fc0dd27.png,arctan\sqrt{2}=54.7^{\circ},valid,valid,1,257,64,32,27,1
mathwriting,mathwriting/images/valid_00e00364101abad0.png,[\begin{matrix}a&b\\ c&d\\ \end{matrix}],valid,valid,1,71,64,8,40,0
mathwriting,mathwriting/images/valid_00e6d1340b0b48b7.png,(\begin{matrix}k-1\\ D-1\end{matrix}),valid,valid,1,72,64,9,37,0
mathwriting,mathwriting/images/valid_00e8bf4cde24f874.png,;u,valid,valid,1,89,64,11,2,1
mathwriting,mathwriting/images/valid_00ed2238753c9850.png,"G,\overline{G},\tilde{G}",valid,valid,1,144,64,18,24,0
mathwriting,mathwriting/images/valid_00ee5698f103452f.png,F=Mg=\dot{m}\Delta v,valid,valid,1,196,64,24,20,1
mathwriting,mathwriting/images/valid_00f3fa64f4c2235f.png,"(X,Y,Z,aZ^{4})",valid,valid,1,151,64,18,14,1
mathwriting,mathwriting/images/valid_00f546829c405447.png,"[K^{j},P^{k}]=i\delta^{jk}H",valid,valid,1,189,64,23,27,0
mathwriting,mathwriting/images/valid_0101e1e2b84d7837.png,"H_{i}=\langle h_{i},G^{\prime}\rangle",valid,valid,1,145,64,18,37,0
mathwriting,mathwriting/images/valid_01054bf06792066a.png,\sum_{0\le k\le n}(\begin{matrix}n\\ k\end{matrix})=2^{n},valid,valid,1,175,64,21,57,0
mathwriting,mathwriting/images/valid_01058e873802b3d2.png,"\xi_{[t]}=(\xi_{1},...,\xi_{t})",valid,valid,1,191,64,23,31,0
mathwriting,mathwriting/images/valid_010963a06d1d5a79.png,\tilde{\gamma}(0)=p,valid,valid,1,148,64,18,19,0
mathwriting,mathwriting/images/valid_0114d751a72fd56b.png,y=c_{1}e^{x}+xe^{x},valid,valid,1,144,64,18,19,0
mathwriting,mathwriting/images/valid_0115ad5ee12ad7d4.png,(\begin{matrix}[n]\\ 1\end{matrix}),valid,valid,1,64,64,8,35,0
mathwriting,mathwriting/images/valid_011a66ef71133c7d.png,c\notin A,valid,valid,1,119,64,14,9,1
mathwriting,mathwriting/images/valid_011bc2c4d3e15714.png,T_{0}=2\pi\sqrt{\frac{l}{g}},valid,valid,1,146,64,18,28,0
mathwriting,mathwriting/images/valid_011f633d896bd07b.png,p\in Z(g^{*}),valid,valid,1,138,64,17,13,1
mathwriting,mathwriting/images/valid_012c517a05e2c2d4.png,\int x^{k}d\mu(x)=m_{k},valid,valid,1,165,64,20,23,0
mathwriting,mathwriting/images/valid_012cebd6f0be97bb.png,X_{i}=(Y|Y>K),valid,valid,1,166,64,20,13,1
mathwriting,mathwriting/images/valid_012f1f23d40a2995.png,\int_{\gamma}f(z)dz,valid,valid,1,113,64,14,19,0
mathwriting,mathwriting/images/valid_013b7229b727f967.png,a\notin A,valid,valid,1,116,64,14,9,1
mathwriting,mathwriting/images/valid_013f565c7a547d0b.png,"\mu_{G}(H_{1},H_{2})=(-1)^{k}p^{(\begin{matrix}k\\ 2\end{matrix})}",valid,valid,1,259,64,32,66,0
mathwriting,mathwriting/images/valid_01468b08b993df97.png,lim_{\lambda\in\Lambda}||ae_{\lambda}-a||\rightarrow0,valid,valid,1,209,64,26,53,0
mathwriting,mathwriting/images/valid_01470b33b8c78f3f.png,X:=\bigcup_{k=1}^{m}3B_{j_{k}},valid,valid,1,124,64,15,30,0
mathwriting,mathwriting/images/valid_014be054e72e64fd.png,\int_{1}^{0}\frac{dt}{t}=-\infty,valid,valid,1,85,64,10,32,0
mathwriting,mathwriting/images/valid_014d90d483380e66.png,\langle\psi^{jk}|\psi_{lm}\rangle=\delta_{jl}\delta_{km},valid,valid,1,150,64,18,56,0
mathwriting,mathwriting/images/valid_01529aa0572f4897.png,R_{x}=(R_{2}/R_{1})\cdot R_{3},valid,valid,1,185,64,23,30,0
mathwriting,mathwriting/images/valid_0154666b7b559c17.png,a\cdot(pb)\ne pa\cdot b,valid,valid,1,225,64,28,23,1
mathwriting,mathwriting/images/valid_0155c0fe01231b04.png,\tilde{X}\in T_{e}E,valid,valid,1,114,64,14,19,0
mathwriting,mathwriting/images/valid_016af79ba8f2cca8.png,1.3\frac{a}{d}\sqrt{n},valid,valid,1,148,64,18,22,0
mathwriting,mathwriting/images/valid_016e9b0a2882071d.png,x=\sqrt[3]{u}+\sqrt[3]{v},valid,valid,1,144,64,18,25,0
mathwriting,mathwriting/images/valid_0178bf7cceb64473.png,L>>(x+a/2),valid,valid,1,207,64,25,10,1
mathwriting,mathwriting/images/valid_017a79eea7fa5f63.png,(l_{1}+l_{2})^{\theta}=l_{1}^{\theta}+l_{2}^{\theta},valid,valid,1,188,64,23,52,0
mathwriting,mathwriting/images/valid_017b290258802288.png,A_{\mu}\rightarrow A_{\mu}+\partial_{\mu}\phi(x),valid,valid,1,193,64,24,48,0
mathwriting,mathwriting/images/valid_017c4e5970880570.png,"2,\sqrt{5},\sqrt{6},3",valid,valid,1,174,64,21,21,1
mathwriting,mathwriting/images/valid_01844e9baa82698c.png,\rho(r)\sim e^{-2Z_{\alpha}r},valid,valid,1,154,64,19,29,0
mathwriting,mathwriting/images/valid_018b8fb309ce7af2.png,d\overline{v}=-\frac{e\cdot\overline{E}}{m}dt,valid,valid,1,177,64,22,45,0
mathwriting,mathwriting/images/valid_018f456e217f1301.png,log\hat{\lambda}\approx Z\sqrt{4/D},valid,valid,1,225,64,28,35,0
mathwriting,mathwriting/images/valid_018f48ac8fe4bd53.png,|0|<|1|+|-2|,valid,valid,1,197,64,24,12,1
mathwriting,mathwriting/images/valid_018f8eb18419d5bb.png,\tilde{v},valid,valid,1,64,64,8,9,0
mathwriting,mathwriting/images/valid_018fb881d2eef21d.png,F_{r}=\frac{v}{\sqrt{g\frac{A}{B}}},valid,valid,1,107,64,13,35,0
mathwriting,mathwriting/images/valid_01927fe0f1d3c23d.png,(\begin{matrix}0&1\\ -1&0\\ \end{matrix}),valid,valid,1,85,64,10,41,0
mathwriting,mathwriting/images/valid_0198a68035125b5a.png,G,valid,valid,1,64,64,8,1,1
mathwriting,mathwriting/images/valid_01992bb808919d17.png,1^{\prime}s,valid,valid,1,64,64,8,11,0
mathwriting,mathwriting/images/valid_01998b624db95830.png,\hat{\beta}=(\overline{y/x}),valid,valid,1,102,64,12,28,0
mathwriting,mathwriting/images/valid_019d0ab8b91ae217.png,L_{X}dz=f(z)dz,valid,valid,1,182,64,22,14,1
mathwriting,mathwriting/images/valid_01a0415f932322d3.png,\rho(\nu)d\nu=\frac{u(\nu)d\nu}{V},valid,valid,1,164,64,20,34,0
mathwriting,mathwriting/images/valid_01a0b54b759ab60d.png,3k+1=2^{a}k^{\prime},valid,valid,1,254,64,31,20,1
mathwriting,mathwriting/images/valid_01a33dcbdaf5d858.png,\hat{\theta}=\hat{z},valid,valid,1,64,64,8,20,0
mathwriting,mathwriting/images/valid_01a595d8d764a7b7.png,f_{c}=\frac{1}{2\pi C(R+S)},valid,valid,1,134,64,16,27,0
mathwriting,mathwriting/images/valid_01ab63ab784befeb.png,"C[x,y]/(x,y)\cong C",valid,valid,1,184,64,23,19,1
mathwriting,mathwriting/images/valid_01afdb3e5885a92e.png,Z\notin A,valid,valid,1,116,64,14,9,1
mathwriting,mathwriting/images/valid_01ba83643730c5de.png,D=\pi\overline{\pi},valid,valid,1,137,64,17,19,0
mathwriting,mathwriting/images/valid_01c6fa23cc55f9b5.png,\hat{n}\cdot\hat{m}=0,valid,valid,1,184,64,23,21,1
mathwriting,mathwriting/images/valid_01c763d4dc2c0f7b.png,0<4-2\alpha-\beta,valid,valid,1,155,64,19,17,1
mathwriting,mathwriting/images/valid_01c8b6bf03461430.png,"a,b\in\hat{R}",valid,valid,1,128,64,16,13,1
mathwriting,mathwriting/images/valid_01c9c8eabc606030.png,d=(1/2)b_{2},valid,valid,1,151,64,18,12,1
mathwriting,mathwriting/images/valid_01caf09d3c268a62.png,D\{J\}\subseteq\tilde{D},valid,valid,1,159,64,19,24,0
mathwriting,mathwriting/images/valid_01d23354b74a314b.png,Q>\sqrt{\frac{1-k^{2}}{2}},valid,valid,1,154,64,19,26,0
mathwriting,mathwriting/images/valid_01d7e75800e155ff.png,(\overline{y}^{i}),valid,valid,1,81,64,10,18,0
mathwriting,mathwriting/images/valid_01d914f73dac0056.png,log^{-1}(\delta^{-1}),valid,valid,1,95,64,11,21,0
mathwriting,mathwriting/images/valid_01dad228bc703cd9.png,|\overline{VT}|,valid,valid,1,98,64,12,15,0
mathwriting,mathwriting/images/valid_01dae525096a98d8.png,r^{\prime}(d)=\frac{1}{cos^{2}(d/R)},valid,valid,1,153,64,19,36,0
mathwriting,mathwriting/images/valid_01e2141af4688612.png,"\hat{t}_{g}(t,\omega)",valid,valid,1,105,64,13,21,0
mathwriting,mathwriting/images/valid_01e91c0fe3870264.png,\int_{S}H^{2}dA,valid,valid,1,163,64,20,15,1
mathwriting,mathwriting/images/valid_01f0c52a1d63c65c.png,\overline{K}(C),valid,valid,1,124,64,15,15,1
mathwriting,mathwriting/images/valid_01f1c306074573c4.png,\tilde{P_{n}}(x),valid,valid,1,89,64,11,16,0
mathwriting,mathwriting/images/valid_01f34cb89e7569cc.png,S=\int wdx,valid,valid,1,175,64,21,10,1
mathwriting,mathwriting/images/valid_01f4535d0510517a.png,x^{\prime}=\gamma(x-vt),valid,valid,1,150,64,18,23,0
mathwriting,mathwriting/images/valid_01f550ac46e27ad8.png,[\begin{matrix}A&B\\ C&D\end{matrix}],valid,valid,1,110,64,13,37,0
mathwriting,mathwriting/images/valid_01f60638b521fcfa.png,1-e^{-n^{2}/(2\times365)},valid,valid,1,175,64,21,25,0
mathwriting,mathwriting/images/valid_01f610152b8ee452.png,"(xy)^{n}=x^{n}y^{n}[y,x]^{(\begin{matrix}n\\ 2\end{matrix})}",valid,valid,1,163,64,20,60,0
mathwriting,mathwriting/images/valid_01f629c06e785801.png,(\begin{matrix}6\\ 4\end{matrix}),valid,valid,1,64,64,8,33,0
mathwriting,mathwriting/images/valid_01f63cd74f51acbd.png,t\notin\gamma,valid,valid,1,129,64,16,13,1
mathwriting,mathwriting/images/valid_01f76dc2902158d1.png,A=\frac{\sqrt{3}}{4}a^{2},valid,valid,1,112,64,14,25,0
mathwriting,mathwriting/images/valid_01f7d578f71e9296.png,\forall j\notin S,valid,valid,1,125,64,15,17,0
mathwriting,mathwriting/images/valid_01fe4387cf57cadb.png,\tilde{K}^{n+2}(X)=\tilde{K}^{n}(X),valid,valid,1,203,64,25,35,0
mathwriting,mathwriting/images/valid_01ff5719c87fee7b.png,\int dx=x+C,valid,valid,1,124,64,15,11,1
mathwriting,mathwriting/images/valid_02007a14be74702d.png,"\chi(x,y,z)=(x,y)",valid,valid,1,153,64,19,17,1
mathwriting,mathwriting/images/valid_0207674815339c52.png,(\begin{matrix}n\\ i\end{matrix})2^{-n},valid,valid,1,117,64,14,39,0
mathwriting,mathwriting/images/valid_020f181eb5a8dade.png,"\partial_{t}v=-\delta_{u}H(u,v)",valid,valid,1,158,64,19,31,0
mathwriting,mathwriting/images/valid_02111fb4fcdeaa11.png,|\Psi_{A_{1}...A_{m}}\rangle,valid,valid,1,165,64,20,28,0
mathwriting,mathwriting/images/valid_0219326a0f03aaad.png,\langle\Psi_{1}|\Psi_{0}\rangle=0,valid,valid,1,164,64,20,33,0
mathwriting,mathwriting/images/valid_02196236beee9488.png,"x_{1},x_{2}\in\Omega\\ X",valid,valid,1,97,64,12,24,0
mathwriting,mathwriting/images/valid_0229adad31bd6ce6.png,L=-\tilde{F}\dot{v}^{2}+2\dot{v}\dot{r},valid,valid,1,205,64,25,39,0
mathwriting,mathwriting/images/valid_022c63bd11dd057a.png,\sqrt{-1},valid,valid,1,121,64,15,9,1
mathwriting,mathwriting/images/valid_0238a713657f3f98.png,V(\tilde{\beta}),valid,valid,1,109,64,13,16,0
mathwriting,mathwriting/images/valid_023e8d97ca009298.png,\int_{\Omega}|f\varphi|dx<+\infty,valid,valid,1,145,64,18,33,0
mathwriting,mathwriting/images/valid_023fce90b50ec425.png,S=\sum_{i=1}^{g}n_{i}(\overline{r_{i}}-\overline{r})^{2},valid,valid,1,159,64,19,56,0
mathwriting,mathwriting/images/valid_0249fcae2a892125.png,I^{i+j+1},valid,valid,1,131,64,16,9,1
mathwriting,mathwriting/images/valid_025389753384ca9a.png,C,valid,valid,1,64,64,8,1,1
mathwriting,mathwriting/images/valid_0258eeb102cc8ec9.png,\xi=\prod_{j=2}^{\infty}(1-\frac{1}{d_{j}}),valid,valid,1,138,64,17,43,0
mathwriting,mathwriting/images/valid_026800ccaf27ca23.png,w_{i}=\frac{\partial R}{\partial a_{i}},valid,valid,1,104,64,13,39,0
mathwriting,mathwriting/images/valid_0270a5a5c92c6df0.png,\Delta\vec{F}=A\Delta\vec{p},valid,valid,1,164,64,20,28,0
mathwriting,mathwriting/images/valid_0277b3b795607a4c.png,\overline{X}_{n}=\frac{1}{n}(X_{1}+\cdot\cdot\cdot+X_{n}),valid,valid,1,190,64,23,57,0
mathwriting,mathwriting/images/valid_0278c238e066d7d2.png,U\subset2^{(\Gamma^{*}\times\Sigma^{*})},valid,valid,1,139,64,17,40,0
mathwriting,mathwriting/images/valid_027ea2b9430ed7b2.png,\int d^{3}xJ^{0},valid,valid,1,91,64,11,16,0
mathwriting,mathwriting/images/valid_02857e5be2f6c73f.png,\int dy,valid,valid,1,64,64,8,7,1
mathwriting,mathwriting/images/valid_028679cd23bcdcd3.png,T=a\dot{\gamma}(t)+bt\dot{\gamma}(t),valid,valid,1,243,64,30,36,0
mathwriting,mathwriting/images/valid_0287f57cb05d52e3.png,-\overline{u^{\prime}v^{\prime}},valid,valid,1,111,64,13,32,0
mathwriting,mathwriting/images/valid_0287f6b826c8e21c.png,"\overline{X}_{n}=(X_{n1},...,X_{nk})",valid,valid,1,184,64,23,36,0
mathwriting,mathwriting/images/valid_028b0cf7c7b136a6.png,\hat{z}=\pm\hat{p},valid,valid,1,118,64,14,18,0
mathwriting,mathwriting/images/valid_028bfc3df3c1ead8.png,p_{k}=\frac{\partial S}{\partial q_{k}},valid,valid,1,108,64,13,39,0
mathwriting,mathwriting/images/valid_029091ef7cb77942.png,\frac{\sqrt{2}}{12},valid,valid,1,64,64,8,19,0
mathwriting,mathwriting/images/valid_02a18c6b93ef8f5a.png,\psi_{\alpha}(z)=|f(z)|^{\alpha},valid,valid,1,176,64,22,32,0
mathwriting,mathwriting/images/valid_02a215a34f76299d.png,-(2\alpha+1)x,valid,valid,1,150,64,18,13,1
mathwriting,mathwriting/images/valid_02a3724ad26f3fa9.png,R=\mu_{1}+\sqrt{S_{1}}X,valid,valid,1,169,64,21,23,0
mathwriting,mathwriting/images/valid_02a96f889596646c.png,1=\sqrt{(N_{x}^{2}+N_{z}^{2})},valid,valid,1,170,64,21,30,0
mathwriting,mathwriting/images/valid_02b5fbdfb817a1d0.png,\int f^{2}dP<\infty,valid,valid,1,129,64,16,19,0
mathwriting,mathwriting/images/valid_02b84ec09813f4d8.png,\tilde{H}_{d},valid,valid,1,68,64,8,13,0
mathwriting,mathwriting/images/valid_02b8d436b5ff27df.png,m\ge(\begin{matrix}k\\ 2\end{matrix}),valid,valid,1,106,64,13,37,0
mathwriting,mathwriting/images/valid_02b9fe007833159f.png,v(t)=I\frac{dl(t)}{dt},valid,valid,1,129,64,16,22,0
mathwriting,mathwriting/images/valid_02c4a6d862511830.png,\underline{\lambda},valid,valid,1,64,64,8,19,0
mathwriting,mathwriting/images/valid_02c4b7e3fd9b722e.png,A.A_{2}=O,valid,valid,1,138,64,17,9,1
mathwriting,mathwriting/images/valid_02cdc41b22ef974a.png,Tx=\sum_{k=1}^{s}a_{k}(a_{k}\cdot x),valid,valid,1,120,64,15,36,0
mathwriting,mathwriting/images/valid_02d0defd926a5a97.png,"FV(xy)=\{x,y\}",valid,valid,1,152,64,19,14,1
mathwriting,mathwriting/images/valid_02d5c5a7f740c471.png,P=[\begin{matrix}1&0\\ 0&0\end{matrix}],valid,valid,1,133,64,16,39,0
mathwriting,mathwriting/images/valid_02dc214fe1b13bfc.png,(\begin{matrix}p&q\\ nq&p\end{matrix}),valid,valid,1,81,64,10,38,0
mathwriting,mathwriting/images/valid_02dcc79cdc7ee3f0.png,F_{0}=XZ-Y^{2},valid,valid,1,180,64,22,14,1
mathwriting,mathwriting/images/valid_02e122b1af92f3fe.png,f(k;\lambda)=\frac{\lambda^{k}e^{-\lambda}}{k!},valid,valid,1,147,64,18,47,0
mathwriting,mathwriting/images/valid_02e60cafcdda43ff.png,x=1+(-1),valid,valid,1,153,64,19,8,1
mathwriting,mathwriting/images/valid_02e71c2f96463460.png,\forall j\notin S,valid,valid,1,125,64,15,17,0
mathwriting,mathwriting/images/valid_02e7f6eab554ea46.png,(\begin{matrix}n\\ k\end{matrix})k!2^{(\begin{matrix}n\\ 2\end{matrix})-(\begin{matrix}k\\ 2\end{matrix})},valid,valid,1,125,64,15,106,0
mathwriting,mathwriting/images/valid_02f5ace6fe0e5182.png,"L,\overline{k}",valid,valid,1,99,64,12,14,0
mathwriting,mathwriting/images/valid_02f5be48b07a6ec4.png,\psi_{1}({\Omega_{2}}^{\Omega_{2}}),valid,valid,1,132,64,16,35,0
mathwriting,mathwriting/images/valid_02f88d6ee41d4ee1.png,T=\frac{\overline{X}-\mu}{S/\sqrt{n}},valid,valid,1,120,64,15,37,0
mathwriting,mathwriting/images/valid_02fb048bf32b830e.png,x\sqrt{3},valid,valid,1,108,64,13,9,1
mathwriting,mathwriting/images/valid_02ffceec7744d550.png,\mu_{3}^{4}n(logn)^{2},valid,valid,1,171,64,21,22,0
mathwriting,mathwriting/images/valid_03027246b586dac1.png,x_{i}|x_{1}\cdot\cdot\cdot x_{i-1}x_{i+1}\cdot\cdot\cdot x_{n}+1,valid,valid,1,316,64,39,64,0
mathwriting,mathwriting/images/valid_030b08403a465942.png,\frac{1}{T}\frac{d^{2}T}{dt^{2}}=-k^{2},valid,valid,1,150,64,18,39,0
mathwriting,mathwriting/images/valid_030d4730ba6cce59.png,\hat{a}_{j},valid,valid,1,64,64,8,11,0
mathwriting,mathwriting/images/valid_030e6dbc833522a5.png,U_{\rho}=v_{r}-v_{r}^{\prime}+\frac{ra_{r}^{\prime}}{c},valid,valid,1,147,64,18,55,0
mathwriting,mathwriting/images/valid_0313a2e6a88ddd22.png,(\begin{matrix}p+q\\ q\end{matrix}),valid,valid,1,68,64,8,35,0
mathwriting,mathwriting/images/valid_0316d93a3d5b750c.png,H_{\omega^{\omega^{\omega}}+\omega^{\omega}}(1)-1,valid,valid,1,166,64,20,49,0
mathwriting,mathwriting/images/valid_031c8126a9ace4a6.png,[\begin{matrix}4&6\\ 3&5\end{matrix}],valid,valid,1,76,64,9,37,0
mathwriting,mathwriting/images/valid_0320b540fd696afb.png,b_{k}|k>0,valid,valid,1,123,64,15,9,1
mathwriting,mathwriting/images/valid_03288283f74572f9.png,2((\begin{matrix}n\\ 1\end{matrix})+(\begin{matrix}n\\ 2\end{matrix})+(\begin{matrix}n\\ 3\end{matrix})),valid,valid,1,118,64,14,104,0
mathwriting,mathwriting/images/valid_032a9d28747f9bc6.png,Q(\sqrt{13}),valid,valid,1,135,64,16,12,1
mathwriting,mathwriting/images/valid_032e4fa85ea80213.png,\frac{q}{A}=-k\frac{dT}{dx},valid,valid,1,135,64,16,27,0
mathwriting,mathwriting/images/valid_0332e23a538306d4.png,"x^{p^{2}},y^{p}\in G^{\prime}",valid,valid,1,154,64,19,29,0
mathwriting,mathwriting/images/valid_033488d7a4d2eb75.png,\{f_{n}:S_{n}\rightarrow T_{n}\}_{n=0}^{\infty},valid,valid,1,160,64,20,47,0
mathwriting,mathwriting/images/valid_0335951405c01a09.png,p_{1}=p(x_{0}+\Delta x),valid,valid,1,141,64,17,23,0
mathwriting,mathwriting/images/valid_033a1099450aa893.png,\int d^{D}x\sqrt{-g}G,valid,valid,1,148,64,18,21,0
mathwriting,mathwriting/images/valid_033fecd9b9bf5df2.png,\hat{S_{z}},valid,valid,1,64,64,8,11,0
mathwriting,mathwriting/images/valid_0348098b3d25778a.png,\frac{\partial u_{i}}{\partial x_{i}}=0,valid,valid,1,98,64,12,39,0
mathwriting,mathwriting/images/valid_0350ccecbad0ccbb.png,(\begin{matrix}n\\ q\end{matrix}),valid,valid,1,64,64,8,33,0
mathwriting,mathwriting/images/valid_0355170d1d9c8fb1.png,\int_{E}w(x)dx,valid,valid,1,110,64,13,14,0
mathwriting,mathwriting/images/valid_03571691a35553bc.png,\int_{0}^{t}f(u)du,valid,valid,1,102,64,12,18,0
mathwriting,mathwriting/images/valid_03600c84bd03c11a.png,s_{n}=\prod_{i=1}^{n}\pi_{i},valid,valid,1,83,64,10,28,0
mathwriting,mathwriting/images/valid_03629edeb52f488e.png,\pi(p^{k})=p^{k-1}\pi(p),valid,valid,1,174,64,21,24,0
mathwriting,mathwriting/images/valid_0367a57bbda63fa2.png,\mathbb{E},valid,valid,1,64,64,8,10,0
mathwriting,mathwriting/images/valid_0368d1073da40a57.png,V=R(\frac{Tn}{P}),valid,valid,1,118,64,14,17,0
mathwriting,mathwriting/images/valid_0371985450e0152f.png,"\{v_{1},v_{2}\},\{v_{2},v_{3}\}",valid,valid,1,169,64,21,31,0
mathwriting,mathwriting/images/valid_0372fa83e05129d6.png,\int fg=f(x)\int g,valid,valid,1,139,64,17,18,0
mathwriting,mathwriting/images/valid_037adeb96ad22cab.png,\hat{se}_{\theta},valid,valid,1,79,64,9,17,0
mathwriting,mathwriting/images/valid_037b527312c66917.png,\frac{d^{2}x}{dt^{2}},valid,valid,1,64,64,8,21,0
mathwriting,mathwriting/images/valid_0380640569d40b5b.png,\int_{0}^{1}\cdot\cdot\cdot dx,valid,valid,1,96,64,12,30,0
mathwriting,mathwriting/images/valid_0383de7a3e22c339.png,\vec{v}_{B|A}=\vec{v}_{B}-\vec{v}_{A},valid,valid,1,147,64,18,37,0
mathwriting,mathwriting/images/valid_038640fabb567de8.png,\overline{Y_{v}}=P_{\overline{x}}\overline{X_{v}},valid,valid,1,136,64,17,49,0
mathwriting,mathwriting/images/valid_0387b745a9818f3c.png,z=a_{x}x+a_{y}y+d,valid,valid,1,215,64,26,17,1
mathwriting,mathwriting/images/valid_038ae84c98527c1a.png,[\begin{matrix}U_{1}\\ U_{2}\end{matrix}],valid,valid,1,83,64,10,41,0
mathwriting,mathwriting/images/valid_038d31c83e1f2a14.png,\frac{P_{t+1}}{P_{t}}=1-\frac{1}{2N},valid,valid,1,127,64,15,36,0
mathwriting,mathwriting/images/valid_038d81cbc3fee8a4.png,I=\int xcos(x)dx,valid,valid,1,224,64,28,16,1
mathwriting,mathwriting/images/valid_038e354e5c479630.png,Pr(R_{i}<\underline{R}),valid,valid,1,138,64,17,23,0
mathwriting,mathwriting/images/valid_0392bc8541fd16c6.png,"L(\phi,\partial_{\mu}\phi)",valid,valid,1,175,64,21,26,0
mathwriting,mathwriting/images/valid_0392f8a3ba83db99.png,\int pdq,valid,valid,1,80,64,10,8,1
mathwriting,mathwriting/images/valid_039a3595e4f5a9be.png,V^{*}(a\otimes h)=\Phi(a)h,valid,valid,1,208,64,26,26,1
mathwriting,mathwriting/images/valid_03a41599f17633fa.png,1+k_{i}4^{k_{i}},valid,valid,1,158,64,19,16,1
mathwriting,mathwriting/images/valid_03afcb804041bd02.png,u(0)=f(x_{0}),valid,valid,1,174,64,21,13,1
mathwriting,mathwriting/images/valid_03b504a915a073ee.png,-I=I_{0}sin\delta,valid,valid,1,163,64,20,17,1
mathwriting,mathwriting/images/valid_03b51b2c81f6a509.png,F_{x}[f(x)],valid,valid,1,143,64,17,11,1
mathwriting,mathwriting/images/valid_03c3da1a7fdbabf1.png,A=(a_{ij}),valid,valid,1,128,64,16,10,1
mathwriting,mathwriting/images/valid_03cb498f31bf335f.png,E^{2}=p\cdot p+{m_{0}}^{2},valid,valid,1,167,64,20,26,0
mathwriting,mathwriting/images/valid_03cb8f488c22c843.png,tan2\theta\equiv|p|/m,valid,valid,1,207,64,25,21,1
mathwriting,mathwriting/images/valid_03d03ea46c28a257.png,\int p(x)f(x)dx=-H,valid,valid,1,138,64,17,18,0
mathwriting,mathwriting/images/valid_03d48a19c52751e6.png,x^{3}-2x^{2}-5x+6,valid,valid,1,205,64,25,17,1
mathwriting,mathwriting/images/valid_03d57e6f4ff2af26.png,\tilde{Y_{k}},valid,valid,1,64,64,8,13,0
mathwriting,mathwriting/images/valid_03d8b0dbcfc65b11.png,"d\in D^{n},r\in R",valid,valid,1,172,64,21,17,1
mathwriting,mathwriting/images/valid_03e180727a5a53cb.png,\Omega=\rho+i\tilde{\rho}(\rho),valid,valid,1,202,64,25,31,0
mathwriting,mathwriting/images/valid_03ede575c929120f.png,\int_{0}^{1}f(x)v(x)dx,valid,valid,1,125,64,15,22,0
mathwriting,mathwriting/images/valid_03efc14f58317aa5.png,\hat{e}_{3},valid,valid,1,64,64,8,11,0
mathwriting,mathwriting/images/valid_03f20fd9f00d4d76.png,b_{\mu^{7}},valid,valid,1,71,64,8,11,0
mathwriting,mathwriting/images/valid_03faa80dacddebb4.png,\frac{dv}{dr},valid,valid,1,64,64,8,13,0
mathwriting,mathwriting/images/valid_0400b6822431b3b3.png,\hat{R},valid,valid,1,64,64,8,7,1
mathwriting,mathwriting/images/valid_0404ffd10433f331.png,\psi_{1}({\Omega_{2}}^{\Omega_{2}}),valid,valid,1,115,64,14,35,0
mathwriting,mathwriting/images/valid_0408e58bea1050d6.png,"\tilde{S}(q,\omega)",valid,valid,1,105,64,13,19,0
mathwriting,mathwriting/images/valid_04091d689e72099f.png,"L(s,\pi,r),L(s,\tilde{\pi},r)",valid,valid,1,229,64,28,29,0
mathwriting,mathwriting/images/valid_040ca87dce4ed6fe.png,\frac{\partial u_{i}}{\partial p_{j}}<0,valid,valid,1,87,64,10,39,0
mathwriting,mathwriting/images/valid_040d05ba2734ba84.png,q(1)^{2}+q(1)-1,valid,valid,1,149,64,18,15,1
mathwriting,mathwriting/images/valid_040dc3fb3e7b1fe0.png,\frac{C}{MR_{e}^{2}}\approx0.3313,valid,valid,1,146,64,18,33,0
mathwriting,mathwriting/images/valid_041047bad039bcce.png,x_{1}+y_{1}\sqrt{n}=u^{2329},valid,valid,1,257,64,32,28,1
mathwriting,mathwriting/images/valid_04127c114679458c.png,{(\begin{matrix}41\end{matrix})}^{3},valid,valid,1,64,64,8,36,0
mathwriting,mathwriting/images/valid_041280bf5f9c0ac2.png,\int cos^{2}xdx,valid,valid,1,103,64,12,15,0
mathwriting,mathwriting/images/valid_041506e78a61a899.png,"V(P,e(P,u))=u",valid,valid,1,148,64,18,13,1
mathwriting,mathwriting/images/valid_0415482481846d81.png,\int_{S}1dS,valid,valid,1,77,64,9,11,0
mathwriting,mathwriting/images/valid_0418d37054f32efd.png,u=+\frac{\partial\psi}{\partial y},valid,valid,1,108,64,13,34,0
mathwriting,mathwriting/images/valid_041a70c640f4b16e.png,T=37^{\circ}C=310K,valid,valid,1,285,64,35,18,1
mathwriting,mathwriting/images/valid_041cf00628ce3e7b.png,(\frac{K}{N})\ge2r_{o}-1,valid,valid,1,126,64,15,24,0
mathwriting,mathwriting/images/valid_041e2c67db70a2ec.png,f_{0}(x)+u(4x)/4,valid,valid,1,158,64,19,16,1
mathwriting,mathwriting/images/valid_041e839944f8ea98.png,0(),valid,valid,1,88,64,11,3,1
mathwriting,mathwriting/images/valid_042414f532c2d22c.png,\frac{d^{2}y}{du^{2}}+y=g(u),valid,valid,1,164,64,20,28,0
mathwriting,mathwriting/images/valid_042be0721558671b.png,g_{kl}=2\chi\Delta n\overline{n},valid,valid,1,189,64,23,32,0
mathwriting,mathwriting/images/valid_042d6a89524751b6.png,\tilde{\beta},valid,valid,1,64,64,8,13,0
mathwriting,mathwriting/images/valid_043270c362331308.png,(B_{E}u)(v),valid,valid,1,127,64,15,11,1
mathwriting,mathwriting/images/valid_04335a39a4fde0b0.png,(\begin{matrix}ix&w\\ \overline{w}&-ix\end{matrix}),valid,valid,1,90,64,11,51,0
mathwriting,mathwriting/images/valid_04365365f3f36017.png,A\le\tilde{A},valid,valid,1,103,64,12,13,0
mathwriting,mathwriting/images/valid_04386b78684c53be.png,W=\int PdV,valid,valid,1,188,64,23,10,1
mathwriting,mathwriting/images/valid_04394a4a3825d1fc.png,\hat{\alpha},valid,valid,1,64,64,8,12,0
mathwriting,mathwriting/images/valid_043e198f42a3dbd1.png,\frac{d\beta}{dt},valid,valid,1,69,64,8,17,0
mathwriting,mathwriting/images/valid_0441649263607278.png,[f]=::[\begin{matrix}a&b\\ c&d\end{matrix}],valid,valid,1,162,64,20,43,0
mathwriting,mathwriting/images/valid_0447b1f41e39c5b3.png,\hat{H}^{\prime}=-\frac{e}{mc}\hat{A}\cdot\hat{p},valid,valid,1,158,64,19,49,0
mathwriting,mathwriting/images/valid_044d42fb33dd88a4.png,S=\int wdx,valid,valid,1,146,64,18,10,1
mathwriting,mathwriting/images/valid_045345ba0acc7fc5.png,(2e^{0i})^{0.5}=\sqrt{2},valid,valid,1,162,64,20,24,0
mathwriting,mathwriting/images/valid_04570f0942863a2f.png,M<_{DM}N,valid,valid,1,132,64,16,8,1
mathwriting,mathwriting/images/valid_04571e987352083a.png,x_{0}\in M(t_{0}),valid,valid,1,177,64,22,17,1
mathwriting,mathwriting/images/valid_0461731c99bc1e3c.png,s_{n}=\prod_{i=1}^{n}\pi_{i},valid,valid,1,107,64,13,28,0
mathwriting,mathwriting/images/valid_0461ec2eaa2404cc.png,NE(X),valid,valid,1,143,64,17,5,1
mathwriting,mathwriting/images/valid_0466e827b1be80bd.png,y=(\begin{matrix}v\\ u\\ p\end{matrix}),valid,valid,1,91,64,11,39,0
mathwriting,mathwriting/images/valid_046ce410835a0748.png,\tilde{O}(log(n)^{7.5}),valid,valid,1,125,64,15,23,0
mathwriting,mathwriting/images/valid_0472236490de12d1.png,F(X)=\prod_{i=1}^{s}f_{i}(x),valid,valid,1,175,64,21,28,0
mathwriting,mathwriting/images/valid_0473355c2916778e.png,"L^{2}(R^{n}),l^{2}(Z)",valid,valid,1,166,64,20,21,0
mathwriting,mathwriting/images/valid_04745cc58f2939a7.png,(\begin{matrix}bi&z\\ -z&di\end{matrix}),valid,valid,1,109,64,13,40,0
mathwriting,mathwriting/images/valid_047850542e97ced3.png,(\begin{matrix}n-1\\ r-1\end{matrix}),valid,valid,1,75,64,9,37,0
mathwriting,mathwriting/images/valid_04815167aa93b7c3.png,X_{1}\approx\sqrt{R_{1}R_{2}},valid,valid,1,173,64,21,29,0
mathwriting,mathwriting/images/valid_04853826ad8eab8b.png,\frac{dx}{ds}=e^{x},valid,valid,1,113,64,14,19,0
mathwriting,mathwriting/images/valid_0488bcee0d319019.png,\frac{dE}{dx}=0,valid,valid,1,81,64,10,15,0
mathwriting,mathwriting/images/valid_048a3bec5d340abc.png,\overline{w}_{g}\in R^{d},valid,valid,1,131,64,16,25,0
mathwriting,mathwriting/images/valid_048c7aee467893a8.png,n^{*}=\sqrt{2E_{i}}/Z^{2},valid,valid,1,176,64,22,25,0
mathwriting,mathwriting/images/valid_049527cd2bac6190.png,|\alpha|=\Sigma_{i=1}^{N}\alpha_{i},valid,valid,1,119,64,14,35,0
mathwriting,mathwriting/images/valid_0496e1256fa8df3d.png,(0.999)x-y=2,valid,valid,1,195,64,24,12,1
mathwriting,mathwriting/images/valid_049768daf9ed69af.png,Q=\omega\cdot\epsilon_{r}^{\prime\prime}\cdot\epsilon_{0}\cdot E^{2},valid,valid,1,183,64,22,68,0
mathwriting,mathwriting/images/valid_04a765d2780b6a79.png,cf(\prod A/D)<\lambda,valid,valid,1,214,64,26,21,1
mathwriting,mathwriting/images/valid_04a84573cb51a1f0.png,cf(\aleph_{\delta})=cf(\delta),valid,valid,1,164,64,20,30,0
mathwriting,mathwriting/images/valid_04ab1bd76738b805.png,\pi_{n}=p_{1}(\pi_{n-1}),valid,valid,1,250,64,31,24,1
mathwriting,mathwriting/images/valid_04b0460787469bef.png,\sigma=\int\sqrt{k(s)}ds,valid,valid,1,168,64,21,24,0
mathwriting,mathwriting/images/valid_04b3114f218b305f.png,\overline{P}(A),valid,valid,1,103,64,12,15,0
mathwriting,mathwriting/images/valid_04b5600de3bbaa34.png,Ag^{+}+e^{-}\rightleftharpoons Ag(s),valid,valid,1,230,64,28,36,0
mathwriting,mathwriting/images/valid_04bc6ca68b2d1c89.png,y=a\frac{d-c}{a-b}+c,valid,valid,1,152,64,19,20,0
mathwriting,mathwriting/images/valid_04bcab8ded274ebb.png,\frac{1}{Z_{n}}e^{-ntrV(H)},valid,valid,1,134,64,16,27,0
mathwriting,mathwriting/images/valid_04c608f3e63de162.png,\hat{d}(n),valid,valid,1,69,64,8,10,0
mathwriting,mathwriting/images/valid_04c6e497b6833f48.png,C_{1}C_{2}R_{1}R_{2}=1,valid,valid,1,219,64,27,22,1
mathwriting,mathwriting/images/valid_04cba84c1cba4c5f.png,n->\infty,valid,valid,1,315,64,39,9,1
mathwriting,mathwriting/images/valid_04cc13393c629cc0.png,NPV_{0}<0,valid,valid,1,217,64,27,9,1
mathwriting,mathwriting/images/valid_04ce366a6528989e.png,"L(\phi,\partial_{\mu}\phi,x^{\mu})",valid,valid,1,196,64,24,34,0
mathwriting,mathwriting/images/valid_04d0ea3c16359188.png,\frac{1}{2}v^{2}=U(x),valid,valid,1,175,64,21,21,1
mathwriting,mathwriting/images/valid_04d3798c9e2f78a1.png,e^{-}e^{-}\longrightarrow e^{-}e^{-},valid,valid,1,245,64,30,36,0
mathwriting,mathwriting/images/valid_04d630767e6d9779.png,f=\frac{n_{1}}{n_{0}}=\frac{2(1-a)}{a},valid,valid,1,158,64,19,38,0
mathwriting,mathwriting/images/valid_04dcbde3ebfeaba5.png,S,valid,valid,1,64,64,8,1,1
mathwriting,mathwriting/images/valid_04e0c52aa8da96ae.png,s_{k}=\prod_{i=1}^{m}x_{i},valid,valid,1,132,64,16,26,0
mathwriting,mathwriting/images/valid_04ea506b5a75ca41.png,\sqrt{(}t),valid,valid,1,94,64,11,10,1
mathwriting,mathwriting/images/valid_04ef5dec00edcc6d.png,\frac{d^{2}y}{d^{2}t},valid,valid,1,74,64,9,21,0
synthetic,synthetic/images/sample_0000.png,Computer Vision Image Processing,test,,0,351,32,87,32,1
synthetic,synthetic/images/sample_0001.png,x^2 + y^2 = z^2,train,,0,198,32,49,15,1
synthetic,synthetic/images/sample_0002.png,Optical Character Recognition Engine,test,,0,451,32,112,36,1
synthetic,synthetic/images/sample_0003.png,lim_{x->0} (sin x / x) = 1,train,,1,281,32,70,26,1
synthetic,synthetic/images/sample_0004.png,lim_{x->0} (sin x / x) = 1,train,,1,227,32,56,26,1
synthetic,synthetic/images/sample_0005.png,Deep Learning Major Project,valid,,0,247,32,61,27,1
synthetic,synthetic/images/sample_0006.png,E = m * c ^ 2,valid,,0,168,32,42,13,1
synthetic,synthetic/images/sample_0007.png,sum_{i=1}^n i = n(n+1)/2,train,,1,190,32,47,24,1
synthetic,synthetic/images/sample_0008.png,Character and Word Error Rate CER,train,,0,359,32,89,33,1
synthetic,synthetic/images/sample_0009.png,sum_{i=1}^n i = n(n+1)/2,train,,1,248,32,62,24,1
synthetic,synthetic/images/sample_0010.png,a^2 + b^2 = c^2,train,,0,184,32,46,15,1
synthetic,synthetic/images/sample_0011.png,Character and Word Error Rate CER,train,,0,357,32,89,33,1
synthetic,synthetic/images/sample_0012.png,Connectionist Temporal Classification,train,,0,299,32,74,37,1
synthetic,synthetic/images/sample_0013.png,Optical Character Recognition Engine,test,,0,354,32,88,36,1
synthetic,synthetic/images/sample_0014.png,E = m * c ^ 2,valid,,0,179,32,44,13,1
synthetic,synthetic/images/sample_0015.png,lim_{x->0} (sin x / x) = 1,train,,1,237,32,59,26,1
synthetic,synthetic/images/sample_0016.png,sum_{i=1}^n i = n(n+1)/2,train,,1,237,32,59,24,1
synthetic,synthetic/images/sample_0017.png,PyTorch Deep Learning Pipeline,train,,0,291,32,72,30,1
synthetic,synthetic/images/sample_0018.png,Deep Learning Major Project,valid,,0,294,32,73,27,1
synthetic,synthetic/images/sample_0019.png,Document Image Machine Translation,train,,0,433,32,108,34,1
synthetic,synthetic/images/sample_0020.png,Efficient Text Recognition System,valid,,0,251,32,62,33,1
synthetic,synthetic/images/sample_0021.png,Document Image Machine Translation,train,,0,295,32,73,34,1
synthetic,synthetic/images/sample_0022.png,d/dx (e^x) = e^x,train,,0,183,32,45,16,1
synthetic,synthetic/images/sample_0023.png,Efficient Text Recognition System,valid,,0,264,32,66,33,1
synthetic,synthetic/images/sample_0024.png,d/dx (e^x) = e^x,train,,0,178,32,44,16,1
synthetic,synthetic/images/sample_0025.png,Bidirectional LSTM Sequence Model,train,,0,299,32,74,33,1
synthetic,synthetic/images/sample_0026.png,Document Image Machine Translation,train,,0,338,32,84,34,1
synthetic,synthetic/images/sample_0027.png,Self Supervised Learning 2026,test,,0,252,32,63,29,1
synthetic,synthetic/images/sample_0028.png,Optical Character Recognition Engine,test,,0,295,32,73,36,1
synthetic,synthetic/images/sample_0029.png,lim_{x->0} (sin x / x) = 1,train,,1,230,32,57,26,1
synthetic,synthetic/images/sample_0030.png,Convolutional Neural Network Architecture,train,,0,437,32,109,41,1
synthetic,synthetic/images/sample_0031.png,Character and Word Error Rate CER,train,,0,402,32,100,33,1
synthetic,synthetic/images/sample_0032.png,Computer Vision Image Processing,test,,0,247,32,61,32,1
synthetic,synthetic/images/sample_0033.png,A . B = A & B + C^2,valid,,0,223,32,55,19,1
synthetic,synthetic/images/sample_0034.png,Document Image Machine Translation,train,,0,336,32,84,34,1
synthetic,synthetic/images/sample_0035.png,lim_{x->0} (sin x / x) = 1,train,,1,275,32,68,26,1
synthetic,synthetic/images/sample_0036.png,lim_{x->0} (sin x / x) = 1,train,,1,269,32,67,26,1
synthetic,synthetic/images/sample_0037.png,lim_{x->0} (sin x / x) = 1,train,,1,223,32,55,26,1
synthetic,synthetic/images/sample_0038.png,Document Image Machine Translation,train,,0,307,32,76,34,1
synthetic,synthetic/images/sample_0039.png,Connectionist Temporal Classification,train,,0,356,32,89,37,1
synthetic,synthetic/images/sample_0040.png,Convolutional Neural Network Architecture,train,,0,386,32,96,41,1
synthetic,synthetic/images/sample_0041.png,Character and Word Error Rate CER,train,,0,333,32,83,33,1
synthetic,synthetic/images/sample_0042.png,Deep Learning Major Project,valid,,0,246,32,61,27,1
synthetic,synthetic/images/sample_0043.png,Document Image Machine Translation,train,,0,348,32,87,34,1
synthetic,synthetic/images/sample_0044.png,Deep Learning Major Project,valid,,0,280,32,70,27,1
synthetic,synthetic/images/sample_0045.png,sum_{i=1}^n i = n(n+1)/2,train,,1,219,32,54,24,1
synthetic,synthetic/images/sample_0046.png,Optical Character Recognition Engine,test,,0,345,32,86,36,1
synthetic,synthetic/images/sample_0047.png,a^2 + b^2 = c^2,train,,0,148,32,37,15,1
synthetic,synthetic/images/sample_0048.png,PyTorch Deep Learning Pipeline,train,,0,278,32,69,30,1
synthetic,synthetic/images/sample_0049.png,Self Supervised Learning 2026,test,,0,333,32,83,29,1
synthetic,synthetic/images/sample_0050.png,lim_{x->0} (sin x / x) = 1,train,,1,236,32,59,26,1
synthetic,synthetic/images/sample_0051.png,E = m * c ^ 2,valid,,0,147,32,36,13,1
synthetic,synthetic/images/sample_0052.png,d/dx (e^x) = e^x,train,,0,162,32,40,16,1
synthetic,synthetic/images/sample_0053.png,Feature Map Extraction ResNet Backbone,valid,,0,342,32,85,38,1
synthetic,synthetic/images/sample_0054.png,Connectionist Temporal Classification,train,,0,314,32,78,37,1
synthetic,synthetic/images/sample_0055.png,Convolutional Neural Network Architecture,train,,0,362,32,90,41,1
synthetic,synthetic/images/sample_0056.png,A . B = A & B + C^2,valid,,0,228,32,57,19,1
synthetic,synthetic/images/sample_0057.png,Pattern Recognition Lab NMAMIT,train,,0,257,32,64,30,1
synthetic,synthetic/images/sample_0058.png,Efficient Text Recognition System,valid,,0,335,32,83,33,1
synthetic,synthetic/images/sample_0059.png,A . B = A & B + C^2,valid,,0,255,32,63,19,1
synthetic,synthetic/images/sample_0060.png,Convolutional Neural Network Architecture,train,,0,426,32,106,41,1
synthetic,synthetic/images/sample_0061.png,d/dx (e^x) = e^x,train,,0,166,32,41,16,1
synthetic,synthetic/images/sample_0062.png,lim_{x->0} (sin x / x) = 1,train,,1,207,32,51,26,1
synthetic,synthetic/images/sample_0063.png,E = m * c ^ 2,valid,,0,135,32,33,13,1
synthetic,synthetic/images/sample_0064.png,x^2 + y^2 = z^2,train,,0,152,32,38,15,1
synthetic,synthetic/images/sample_0065.png,Connectionist Temporal Classification,train,,0,364,32,91,37,1
synthetic,synthetic/images/sample_0066.png,Character and Word Error Rate CER,train,,0,384,32,96,33,1
synthetic,synthetic/images/sample_0067.png,Computer Vision Image Processing,test,,0,324,32,81,32,1
synthetic,synthetic/images/sample_0068.png,x^2 + y^2 = z^2,train,,0,143,32,35,15,1
synthetic,synthetic/images/sample_0069.png,PyTorch Deep Learning Pipeline,train,,0,300,32,75,30,1
synthetic,synthetic/images/sample_0070.png,PyTorch Deep Learning Pipeline,train,,0,281,32,70,30,1
synthetic,synthetic/images/sample_0071.png,Pattern Recognition Lab NMAMIT,train,,0,306,32,76,30,1
synthetic,synthetic/images/sample_0072.png,Optical Character Recognition Engine,test,,0,393,32,98,36,1
synthetic,synthetic/images/sample_0073.png,Computer Vision Image Processing,test,,0,311,32,77,32,1
synthetic,synthetic/images/sample_0074.png,sum_{i=1}^n i = n(n+1)/2,train,,1,199,32,49,24,1
synthetic,synthetic/images/sample_0075.png,A . B = A & B + C^2,valid,,0,253,32,63,19,1
synthetic,synthetic/images/sample_0076.png,Feature Map Extraction ResNet Backbone,valid,,0,356,32,89,38,1
synthetic,synthetic/images/sample_0077.png,Attention Mechanism for OCR,valid,,0,329,32,82,27,1
synthetic,synthetic/images/sample_0078.png,Self Supervised Learning 2026,test,,0,261,32,65,29,1
synthetic,synthetic/images/sample_0079.png,Self Supervised Learning 2026,test,,0,242,32,60,29,1
synthetic,synthetic/images/sample_0080.png,Document Image Machine Translation,train,,0,307,32,76,34,1
synthetic,synthetic/images/sample_0081.png,Connectionist Temporal Classification,train,,0,336,32,84,37,1
synthetic,synthetic/images/sample_0082.png,Computer Vision Image Processing,test,,0,288,32,72,32,1
synthetic,synthetic/images/sample_0083.png,lim_{x->0} (sin x / x) = 1,train,,1,220,32,55,26,1
synthetic,synthetic/images/sample_0084.png,d/dx (e^x) = e^x,train,,0,184,32,46,16,1
synthetic,synthetic/images/sample_0085.png,a^2 + b^2 = c^2,train,,0,185,32,46,15,1
synthetic,synthetic/images/sample_0086.png,Efficient Text Recognition System,valid,,0,287,32,71,33,1
synthetic,synthetic/images/sample_0087.png,Self Supervised Learning 2026,test,,0,277,32,69,29,1
synthetic,synthetic/images/sample_0088.png,Computer Vision Image Processing,test,,0,295,32,73,32,1
synthetic,synthetic/images/sample_0089.png,sum_{i=1}^n i = n(n+1)/2,train,,1,251,32,62,24,1
synthetic,synthetic/images/sample_0090.png,Connectionist Temporal Classification,train,,0,341,32,85,37,1
synthetic,synthetic/images/sample_0091.png,Bidirectional LSTM Sequence Model,train,,0,412,32,103,33,1
synthetic,synthetic/images/sample_0092.png,a^2 + b^2 = c^2,train,,0,183,32,45,15,1
synthetic,synthetic/images/sample_0093.png,Convolutional Neural Network Architecture,train,,0,453,32,113,41,1
synthetic,synthetic/images/sample_0094.png,Pattern Recognition Lab NMAMIT,train,,0,306,32,76,30,1
synthetic,synthetic/images/sample_0095.png,Attention Mechanism for OCR,valid,,0,268,32,67,27,1
synthetic,synthetic/images/sample_0096.png,Bidirectional LSTM Sequence Model,train,,0,318,32,79,33,1
synthetic,synthetic/images/sample_0097.png,Deep Learning Major Project,valid,,0,256,32,64,27,1
synthetic,synthetic/images/sample_0098.png,E = m * c ^ 2,valid,,0,145,32,36,13,1
synthetic,synthetic/images/sample_0099.png,d/dx (e^x) = e^x,train,,0,160,32,40,16,1
synthetic,synthetic/images/sample_0100.png,sum_{i=1}^n i = n(n+1)/2,train,,1,233,32,58,24,1
synthetic,synthetic/images/sample_0101.png,Self Supervised Learning 2026,test,,0,247,32,61,29,1
synthetic,synthetic/images/sample_0102.png,d/dx (e^x) = e^x,train,,0,138,32,34,16,1
synthetic,synthetic/images/sample_0103.png,Document Image Machine Translation,train,,0,384,32,96,34,1
synthetic,synthetic/images/sample_0104.png,d/dx (e^x) = e^x,train,,0,193,32,48,16,1
synthetic,synthetic/images/sample_0105.png,Convolutional Neural Network Architecture,train,,0,411,32,102,41,1
synthetic,synthetic/images/sample_0106.png,Deep Learning Major Project,valid,,0,260,32,65,27,1
synthetic,synthetic/images/sample_0107.png,x^2 + y^2 = z^2,train,,0,148,32,37,15,1
synthetic,synthetic/images/sample_0108.png,Self Supervised Learning 2026,test,,0,256,32,64,29,1
synthetic,synthetic/images/sample_0109.png,a^2 + b^2 = c^2,train,,0,149,32,37,15,1
synthetic,synthetic/images/sample_0110.png,Computer Vision Image Processing,test,,0,323,32,80,32,1
synthetic,synthetic/images/sample_0111.png,Bidirectional LSTM Sequence Model,train,,0,314,32,78,33,1
synthetic,synthetic/images/sample_0112.png,Optical Character Recognition Engine,test,,0,297,32,74,36,1
synthetic,synthetic/images/sample_0113.png,sum_{i=1}^n i = n(n+1)/2,train,,1,239,32,59,24,1
synthetic,synthetic/images/sample_0114.png,Document Image Machine Translation,train,,0,315,32,78,34,1
synthetic,synthetic/images/sample_0115.png,Feature Map Extraction ResNet Backbone,valid,,0,388,32,97,38,1
synthetic,synthetic/images/sample_0116.png,Information Science and Engineering,train,,0,290,32,72,35,1
synthetic,synthetic/images/sample_0117.png,a^2 + b^2 = c^2,train,,0,196,32,49,15,1
synthetic,synthetic/images/sample_0118.png,Computer Vision Image Processing,test,,0,279,32,69,32,1
synthetic,synthetic/images/sample_0119.png,Convolutional Neural Network Architecture,train,,0,470,32,117,41,1
synthetic,synthetic/images/sample_0120.png,Convolutional Neural Network Architecture,train,,0,423,32,105,41,1
synthetic,synthetic/images/sample_0121.png,x^2 + y^2 = z^2,train,,0,159,32,39,15,1
synthetic,synthetic/images/sample_0122.png,Convolutional Neural Network Architecture,train,,0,466,32,116,41,1
synthetic,synthetic/images/sample_0123.png,PyTorch Deep Learning Pipeline,train,,0,301,32,75,30,1
synthetic,synthetic/images/sample_0124.png,Feature Map Extraction ResNet Backbone,valid,,0,374,32,93,38,1
synthetic,synthetic/images/sample_0125.png,Optical Character Recognition Engine,test,,0,314,32,78,36,1
synthetic,synthetic/images/sample_0126.png,E = m * c ^ 2,valid,,0,170,32,42,13,1
synthetic,synthetic/images/sample_0127.png,Convolutional Neural Network Architecture,train,,0,531,32,132,41,1
synthetic,synthetic/images/sample_0128.png,Optical Character Recognition Engine,test,,0,328,32,82,36,1
synthetic,synthetic/images/sample_0129.png,Convolutional Neural Network Architecture,train,,0,478,32,119,41,1
synthetic,synthetic/images/sample_0130.png,Self Supervised Learning 2026,test,,0,317,32,79,29,1
synthetic,synthetic/images/sample_0131.png,Computer Vision Image Processing,test,,0,389,32,97,32,1
synthetic,synthetic/images/sample_0132.png,Attention Mechanism for OCR,valid,,0,342,32,85,27,1
synthetic,synthetic/images/sample_0133.png,A . B = A & B + C^2,valid,,0,226,32,56,19,1
synthetic,synthetic/images/sample_0134.png,Document Image Machine Translation,train,,0,419,32,104,34,1
synthetic,synthetic/images/sample_0135.png,d/dx (e^x) = e^x,train,,0,128,32,32,16,1
synthetic,synthetic/images/sample_0136.png,x^2 + y^2 = z^2,train,,0,160,32,40,15,1
synthetic,synthetic/images/sample_0137.png,Computer Vision Image Processing,test,,0,363,32,90,32,1
synthetic,synthetic/images/sample_0138.png,Convolutional Neural Network Architecture,train,,0,430,32,107,41,1
synthetic,synthetic/images/sample_0139.png,a^2 + b^2 = c^2,train,,0,225,32,56,15,1
synthetic,synthetic/images/sample_0140.png,lim_{x->0} (sin x / x) = 1,train,,1,218,32,54,26,1
synthetic,synthetic/images/sample_0141.png,A . B = A & B + C^2,valid,,0,261,32,65,19,1
synthetic,synthetic/images/sample_0142.png,Pattern Recognition Lab NMAMIT,train,,0,320,32,80,30,1
synthetic,synthetic/images/sample_0143.png,Connectionist Temporal Classification,train,,0,400,32,100,37,1
synthetic,synthetic/images/sample_0144.png,Document Image Machine Translation,train,,0,325,32,81,34,1
synthetic,synthetic/images/sample_0145.png,PyTorch Deep Learning Pipeline,train,,0,273,32,68,30,1
synthetic,synthetic/images/sample_0146.png,Feature Map Extraction ResNet Backbone,valid,,0,313,32,78,38,1
synthetic,synthetic/images/sample_0147.png,Bidirectional LSTM Sequence Model,train,,0,302,32,75,33,1
synthetic,synthetic/images/sample_0148.png,Document Image Machine Translation,train,,0,344,32,86,34,1
synthetic,synthetic/images/sample_0149.png,sum_{i=1}^n i = n(n+1)/2,train,,1,251,32,62,24,1
